stock_code,Name,quarter,Open,High,Low,Close,Volume_sum,ret_1q,logret_1q,cumret_4q,down_gap_q,vol_4q,vol_8q,max_drawdown_4q,ma4,ma8,ma4_ratio,ma_cross_4_8,mom_4q,vol_z_4q,vol_drop_ratio_4q,intraquarter_range,crash_count_4q,down_streak_1q,down_streak_4q_max,vol_mean_decline_q
2300,한국제지,2019Q1,16350,20000,16000,17850,762475,,,,0,,,,,,,0,,,,0.22408963585434175,,0,,
2300,한국제지,2019Q2,18000,20750,17250,19050,482129,0.0672268907563025,0.06506359334706246,,0,,,,,,,0,,,,0.1837270341207349,,0,,
2300,한국제지,2019Q3,19200,19400,16500,17950,344929,-0.05774278215223094,-0.0594769866384226,,0,,,,,,,0,,,,0.1615598885793872,,1,,
2300,한국제지,2019Q4,17950,18900,16600,17050,428759,-0.05013927576601673,-0.05143991120476166,,0,,,-0.10498687664041995,17975.0,,-0.05146036161335188,0,,-0.4189297766570517,0.8497462210621655,0.1348973607038123,0.0,2,2.0,
2300,한국제지,2020Q1,17000,17950,9500,12950,855702,-0.2404692082111437,-0.2750544155839787,-0.27450980392156865,1,0.1270634253647203,,-0.32020997375328086,16750.0,,-0.22686567164179106,0,-0.27450980392156865,1.4523027413438439,1.621016907733248,0.6525096525096525,1.0,3,3.0,
2300,한국제지,2020Q2,13000,20100,0,19300,5426707,0.49034749034749026,0.39900930776529364,0.013123359580052396,0,0.31573910397127347,,0.0,16812.5,,0.1479553903345725,0,0.013123359580052396,1.4937470797821466,3.07632222176084,1.0414507772020725,1.0,0,3.0,
2300,한국제지,2020Q3,0,0,0,19300,0,0.0,0.0,0.07520891364902504,0,0.3113444666258823,,0.0,17150.0,,0.12536443148688048,0,0.07520891364902504,-0.6648477644750714,0.0,0.0,1.0,0,3.0,
