stock_code,Name,quarter,Open,High,Low,Close,Volume_sum,ret_1q,logret_1q,cumret_4q,down_gap_q,vol_4q,vol_8q,max_drawdown_4q,ma4,ma8,ma4_ratio,ma_cross_4_8,mom_4q,vol_z_4q,vol_drop_ratio_4q,intraquarter_range,crash_count_4q,down_streak_1q,down_streak_4q_max,vol_mean_decline_q
4200,고려개발,2019Q1,9633,10375,8892,9723,887844,,,,0,,,,,,,0,,,,0.1525249408618739,,0,,
4200,고려개발,2019Q2,9722,10592,8892,9851,911200,0.013164661112825327,0.013078760046022708,,0,,,,,,,0,,,,0.17257131255710081,,0,,
4200,고려개발,2019Q3,10256,10450,0,9590,1470027,-0.026494772104354913,-0.02685208397819494,,0,,,,,,,0,,,,1.089676746611053,,1,,
4200,고려개발,2019Q4,9590,11300,8090,8450,746087,-0.11887382690302395,-0.12655444752626543,,1,,,-0.14221906405441076,9403.5,,-0.10139841548359652,0,,-0.8071561589781697,0.743270376906712,0.37988165680473374,1.0,2,2.0,
4200,고려개발,2020Q1,8450,9160,4000,6400,1344736,-0.242603550295858,-0.2778684510034566,-0.341766944358737,1,0.11364064309465587,,-0.3503197644909146,8572.75,,-0.25344842670088363,0,-0.341766944358737,0.6577752188855214,1.2027915609172528,0.80625,2.0,3,3.0,
4200,고려개발,2020Q2,6350,11850,0,11000,2266537,0.71875,0.5415972824327451,0.11663790478124048,0,0.4331810661296629,,0.0,8860.0,,0.24153498871331824,0,0.11663790478124048,1.2945959400597948,1.5557827204542962,1.0772727272727274,2.0,0,3.0,
4200,고려개발,2020Q3,0,0,0,11000,0,0.0,0.0,0.14702815432742433,0,0.4311527571862543,,0.0,9212.5,,0.19402985074626855,0,0.14702815432742433,-1.1366415915484887,0.0,0.0,2.0,0,3.0,
