stock_code,Name,quarter,Open,High,Low,Close,Volume_sum,ret_1q,logret_1q,cumret_4q,down_gap_q,vol_4q,vol_8q,max_drawdown_4q,ma4,ma8,ma4_ratio,ma_cross_4_8,mom_4q,vol_z_4q,vol_drop_ratio_4q,intraquarter_range,crash_count_4q,down_streak_1q,down_streak_4q_max,vol_mean_decline_q
5450,신한,2019Q1,3450,4950,0,4945,1375944,,,,0,,,,,,,0,,,,1.0010111223458038,,0,,
5450,신한,2019Q2,0,0,0,4945,0,0.0,0.0,,0,,,,,,,0,,,,0.0,,0,,
5450,신한,2019Q3,0,0,0,4945,0,0.0,0.0,,0,,,,,,,0,,,,0.0,,0,,
5450,신한,2019Q4,0,0,0,4945,0,0.0,0.0,,0,,,0.0,4945.0,,0.0,0,,-0.5,0.0,0.0,0.0,0,0.0,
5450,신한,2020Q1,0,0,0,4945,0,0.0,0.0,0.0,0,0.0,,0.0,4945.0,,0.0,0,0.0,,,0.0,0.0,0,0.0,
5450,신한,2020Q2,0,2570,0,330,17776438,-0.9332659251769464,-2.7070395895962873,-0.9332659251769464,1,0.4666329625884732,,-0.9332659251769464,3791.25,,-0.9129574678536103,0,-0.9332659251769464,1.5,4.0,7.787878787878788,1.0,1,1.0,
