stock_code,Name,quarter,Open,High,Low,Close,Volume_sum,ret_1q,logret_1q,cumret_4q,down_gap_q,vol_4q,vol_8q,max_drawdown_4q,ma4,ma8,ma4_ratio,ma_cross_4_8,mom_4q,vol_z_4q,vol_drop_ratio_4q,intraquarter_range,crash_count_4q,down_streak_1q,down_streak_4q_max,vol_mean_decline_q
11160,두산건설,2019Q1,1360,1854,1260,1315,17989424,,,,0,,,,,,,0,,,,0.45171102661596957,,0,,
11160,두산건설,2019Q2,1320,1745,1075,1420,32560300,0.07984790874524705,0.07682020598344153,,0,,,,,,,0,,,,0.47183098591549294,,0,,
11160,두산건설,2019Q3,1430,1590,1155,1290,9941945,-0.09154929577464788,-0.09601465323958891,,0,,,,,,,0,,,,0.3372093023255814,,1,,
11160,두산건설,2019Q4,1290,1685,1165,1385,39281373,0.07364341085271309,0.07105792126572119,,0,,,-0.02464788732394363,1352.5,,0.02402957486136792,0,,1.0716847665604146,1.5748291206757032,0.37545126353790614,0.0,0,1.0,
11160,두산건설,2020Q1,1390,1530,0,1240,12730752,-0.10469314079422387,-0.11058876002235607,-0.05703422053231966,1,0.1011336628405511,,-0.12676056338028174,1333.75,,-0.07029053420805997,0,-0.057034220532319435,-0.7515024230481572,0.5387858798614433,1.2338709677419355,1.0,1,1.0,
