stock_code,Name,quarter,Open,High,Low,Close,Volume_sum,ret_1q,logret_1q,cumret_4q,down_gap_q,vol_4q,vol_8q,max_drawdown_4q,ma4,ma8,ma4_ratio,ma_cross_4_8,mom_4q,vol_z_4q,vol_drop_ratio_4q,intraquarter_range,crash_count_4q,down_streak_1q,down_streak_4q_max,vol_mean_decline_q
17860,DS단석,2023Q4,122186,163466,86521,95437,24138794,,,,0,,,,,,,0,,,,0.8062386705365844,,0,,
17860,DS단석,2024Q1,91970,100061,48280,48742,24310369,-0.4892756478095498,-0.6719252625208938,,1,,,,,,,0,,,,1.0623486931188708,,1,,
17860,DS단석,2024Q2,49237,51813,30314,39627,18447691,-0.18700504698206888,-0.20703037730361906,,1,,,,,,,0,,,,0.5425341307694249,,2,,
17860,DS단석,2024Q3,39098,41873,22092,25394,16951327,-0.3591743003507709,-0.44499777846223587,,1,,,-0.7339187107725516,52300.0,,-0.5144550669216061,0,,-1.050722885804706,0.8086676084243258,0.7789635346932346,3.0,3,3.0,
17860,DS단석,2024Q4,24766,63380,21167,30155,139913658,0.18748523273214146,0.17183782125534997,-0.6840323983360752,0,0.29368648713142403,,-0.38133437282015514,35979.5,,-0.16188385052599397,0,-0.6840323983360751,1.4979037157594837,2.8035572345868185,1.3998673520145912,3.0,0,3.0,
17860,DS단석,2025Q1,30501,36691,22678,22678,43149329,-0.24795224672525285,-0.2849554553533018,-0.5347339050510853,1,0.23706760136471156,,-0.4277134277134277,29463.5,,-0.23030189895972986,0,-0.5347339050510853,-0.19728302940980322,0.7900564494040966,0.6179116324190845,3.0,1,3.0,
17860,DS단석,2025Q2,22777,28966,19806,24956,13217790,0.1004497751124438,0.09571898269889267,-0.3702273702273702,0,0.2647366961228323,,-0.17240921903498596,25795.75,,-0.03255381215897968,0,-0.3702273702273702,-0.6765936460757973,0.24795121845254597,0.3670460009616926,2.0,0,3.0,
17860,DS단석,2025Q3,24956,28125,19905,20202,6693936,-0.1904952716781535,-0.21133266484154767,-0.20445774592423394,1,0.21396738929248088,,-0.3300613496932515,24497.75,38398.875,-0.17535283852598704,1,-0.20445774592423405,-0.7159159260546907,0.13191664914436904,0.4068904068904069,2.0,1,1.0,0.4153313228894482
17860,DS단석,2025Q4,20400,23025,18030,18170,4471806,-0.10058410058410061,-0.10600972699891287,-0.39744652628088206,1,0.15262980852821054,0.22347663412701696,-0.2719185766949832,21501.5,28740.5,-0.15494267841778475,1,-0.39744652628088206,-0.6933825495407274,0.26486696602414045,0.2749036873968079,3.0,2,2.0,-0.4944310832491946
