stock_code,Name,quarter,Open,High,Low,Close,Volume_sum,ret_1q,logret_1q,cumret_4q,down_gap_q,vol_4q,vol_8q,max_drawdown_4q,ma4,ma8,ma4_ratio,ma_cross_4_8,mom_4q,vol_z_4q,vol_drop_ratio_4q,intraquarter_range,crash_count_4q,down_streak_1q,down_streak_4q_max,vol_mean_decline_q
27390,한화갤러리아타임월드,2019Q1,28800,39050,26650,34150,2254908,,,,0,,,,,,,0,,,,0.363103953147877,,0,,
27390,한화갤러리아타임월드,2019Q2,34750,43050,22750,23000,3143634,-0.32650073206442165,-0.39526837008764915,,1,,,,,,,0,,,,0.8826086956521739,,1,,
27390,한화갤러리아타임월드,2019Q3,23050,23600,15350,18300,834624,-0.20434782608695656,-0.22859315608177333,,1,,,,,,,0,,,,0.45081967213114754,,2,,
27390,한화갤러리아타임월드,2019Q4,18300,25950,17100,23350,1866961,0.27595628415300544,0.24369592426753073,,0,,,-0.3162518301610542,24700.0,,-0.054655870445344146,0,,-0.16521457153487773,0.9219415942490778,0.37901498929336186,2.0,0,2.0,
27390,한화갤러리아타임월드,2020Q1,23400,25900,0,23100,401797,-0.010706638115631661,-0.010764366587158847,-0.3235724743777454,0,0.26267316155208675,,-0.010706638115631661,21937.5,,0.052991452991453025,0,-0.3235724743777453,-0.9503042104132133,0.25727291237928634,1.121212121212121,2.0,1,2.0,
27390,한화갤러리아타임월드,2020Q2,0,0,0,23100,0,0.0,0.0,0.004347826086956497,0,0.1975662580599398,,-0.010706638115631661,21962.5,,0.05179282868525892,0,0.004347826086956497,-0.9658318869281497,0.0,0.0,1.0,0,2.0,
