stock_code,Name,quarter,Open,High,Low,Close,Volume_sum,ret_1q,logret_1q,cumret_4q,down_gap_q,vol_4q,vol_8q,max_drawdown_4q,ma4,ma8,ma4_ratio,ma_cross_4_8,mom_4q,vol_z_4q,vol_drop_ratio_4q,intraquarter_range,crash_count_4q,down_streak_1q,down_streak_4q_max,vol_mean_decline_q
30270,에스마크,2019Q1,0,1975,0,998,9479863,,,,0,,,,,,,0,,,,1.9789579158316633,,0,,
30270,에스마크,2019Q2,0,0,0,998,0,0.0,0.0,,0,,,,,,,0,,,,0.0,,0,,
30270,에스마크,2019Q3,0,0,0,998,0,0.0,0.0,,0,,,,,,,0,,,,0.0,,0,,
30270,에스마크,2019Q4,0,0,0,998,0,0.0,0.0,,0,,,0.0,998.0,,0.0,0,,-0.5,0.0,0.0,0.0,0,0.0,
30270,에스마크,2020Q1,0,0,0,998,0,0.0,0.0,0.0,0,0.0,,0.0,998.0,,0.0,0,0.0,,,0.0,0.0,0,0.0,
30270,에스마크,2020Q2,0,530,0,43,39642948,-0.9569138276553106,-3.144553160617902,-0.9569138276553106,1,0.4784569138276553,,-0.9569138276553106,759.25,,-0.9433651629897926,0,-0.9569138276553106,1.5,4.0,12.325581395348838,1.0,1,1.0,
