stock_code,Name,quarter,Open,High,Low,Close,Volume_sum,ret_1q,logret_1q,cumret_4q,down_gap_q,vol_4q,vol_8q,max_drawdown_4q,ma4,ma8,ma4_ratio,ma_cross_4_8,mom_4q,vol_z_4q,vol_drop_ratio_4q,intraquarter_range,crash_count_4q,down_streak_1q,down_streak_4q_max,vol_mean_decline_q
31210,서울보증보험,2025Q1,28050,40500,26550,33950,44044617,,,,0,,,,,,,0,,,,0.4108983799705449,,0,,
31210,서울보증보험,2025Q2,34100,44900,29950,43100,13598849,0.26951399116347563,0.23863414310499564,,0,,,,,,,0,,,,0.3468677494199536,,0,,
31210,서울보증보험,2025Q3,43150,54600,39650,51100,6443465,0.18561484918793503,0.17026150009995789,,0,,,,,,,0,,,,0.2925636007827789,,0,,
31210,서울보증보험,2025Q4,55000,57000,48000,49750,3588366,-0.026418786692759322,-0.026774033605057923,,0,,,-0.026418786692759322,44475.0,,0.11860595840359744,0,,-0.7179426663633877,0.21209310688359448,0.18090452261306533,0.0,1,1.0,
