stock_code,Name,quarter,Open,High,Low,Close,Volume_sum,ret_1q,logret_1q,cumret_4q,down_gap_q,vol_4q,vol_8q,max_drawdown_4q,ma4,ma8,ma4_ratio,ma_cross_4_8,mom_4q,vol_z_4q,vol_drop_ratio_4q,intraquarter_range,crash_count_4q,down_streak_1q,down_streak_4q_max,vol_mean_decline_q
36260,이매진아시아,2019Q1,2100,3300,1910,2340,41636592,,,,0,,,,,,,0,,,,0.594017094017094,,0,,
36260,이매진아시아,2019Q2,2310,2665,0,2220,24788699,-0.05128205128205132,-0.05264373348542151,,0,,,,,,,0,,,,1.2004504504504505,,1,,
36260,이매진아시아,2019Q3,0,0,0,2220,0,0.0,0.0,,0,,,,,,,0,,,,0.0,,0,,
36260,이매진아시아,2019Q4,0,0,0,2220,0,0.0,0.0,,0,,,-0.05128205128205132,2250.0,,-0.013333333333333308,0,,-0.8151704994734407,0.0,0.0,0.0,0,1.0,
36260,이매진아시아,2020Q1,0,0,0,2220,0,0.0,0.0,-0.05128205128205132,0,0.02564102564102566,,0.0,2220.0,,0.0,0,-0.05128205128205132,-0.5000000000000001,0.0,0.0,0.0,0,1.0,
36260,이매진아시아,2020Q2,0,0,0,2220,0,0.0,0.0,0.0,0,0.0,,0.0,2220.0,,0.0,0,0.0,,,0.0,0.0,0,0.0,
36260,이매진아시아,2020Q3,0,0,0,2220,0,0.0,0.0,0.0,0,0.0,,0.0,2220.0,,0.0,0,0.0,,,0.0,0.0,0,0.0,
36260,이매진아시아,2020Q4,0,0,0,2220,0,0.0,0.0,0.0,0,0.0,,0.0,2220.0,2235.0,0.0,1,0.0,,,0.0,0.0,0,0.0,-1.0
36260,이매진아시아,2021Q1,0,219,0,15,316711376,-0.9932432432432432,-4.997212273764115,-0.9932432432432432,1,0.4966216216216216,0.34903598927600515,-0.9932432432432432,1668.75,1944.375,-0.9910112359550561,1,-0.9932432432432432,1.5,4.0,14.6,1.0,1,1.0,0.8548246351043993
