stock_code,Name,quarter,Open,High,Low,Close,Volume_sum,ret_1q,logret_1q,cumret_4q,down_gap_q,vol_4q,vol_8q,max_drawdown_4q,ma4,ma8,ma4_ratio,ma_cross_4_8,mom_4q,vol_z_4q,vol_drop_ratio_4q,intraquarter_range,crash_count_4q,down_streak_1q,down_streak_4q_max,vol_mean_decline_q
36220,오상헬스케어,2024Q1,33250,45000,19970,19970,24058168,,,,0,,,,,,,0,,,,1.2533800701051578,,0,,
36220,오상헬스케어,2024Q2,20100,21600,13090,15510,4893356,-0.2233350025037556,-0.25274617023927703,,1,,,,,,,0,,,,0.5486782720825274,,1,,
36220,오상헬스케어,2024Q3,15360,21500,12500,12730,15008028,-0.17923920051579623,-0.19752356461913223,,1,,,,,,,0,,,,0.7069913589945012,,2,,
36220,오상헬스케어,2024Q4,12600,14330,9720,11390,1566653,-0.10526315789473684,-0.11122563511022321,,1,,,-0.4296444667000501,14900.0,,-0.2355704697986577,0,,-0.9620032368670439,0.13764845982659876,0.4047410008779631,3.0,3,3.0,
36220,오상헬스케어,2025Q1,11350,18770,10800,13280,10171281,0.1659350307287093,0.1535233665891962,-0.33500250375563334,0,0.17454290812597925,,-0.14377820760799487,13227.5,,0.003969003969003904,0,-0.33500250375563345,0.3825583503270629,1.2859039502684604,0.6001506024096386,3.0,0,3.0,
36220,오상헬스케어,2025Q2,13150,23850,11910,19060,4657518,0.43524096385542177,0.3613327541777682,0.22888459058671828,0,0.2799438077486244,,0.0,14115.0,,0.3503365214311016,0,0.22888459058671828,-0.5364690519015425,0.5932486463283687,0.6264428121720882,2.0,0,3.0,
36220,오상헬스케어,2025Q3,19300,19890,13980,14490,1826779,-0.2397691500524659,-0.27413314189346494,0.13825608798114675,1,0.2995197888379549,,-0.2397691500524659,14555.0,,-0.004465819306080365,0,0.13825608798114697,-0.6827173898168524,0.4010000751280126,0.4078674948240166,2.0,1,3.0,
36220,오상헬스케어,2025Q4,14450,14960,11650,11840,1397911,-0.1828847481021394,-0.20197512687673225,0.039508340649692775,1,0.31619491494835955,,-0.37880377754459604,14667.5,14783.75,-0.1927731378898926,1,0.039508340649692775,-0.7712184212196502,0.3097265021736242,0.2795608108108108,2.0,2,2.0,-0.4320989025206696
