stock_code,Name,quarter,Open,High,Low,Close,Volume_sum,ret_1q,logret_1q,cumret_4q,down_gap_q,vol_4q,vol_8q,max_drawdown_4q,ma4,ma8,ma4_ratio,ma_cross_4_8,mom_4q,vol_z_4q,vol_drop_ratio_4q,intraquarter_range,crash_count_4q,down_streak_1q,down_streak_4q_max,vol_mean_decline_q
54340,피앤텔,2019Q1,0,0,0,6680,0,,,,0,,,,,,,0,,,,0.0,,0,,
54340,피앤텔,2019Q2,0,0,0,6680,0,0.0,0.0,,0,,,,,,,0,,,,0.0,,0,,
54340,피앤텔,2019Q3,0,0,0,6680,0,0.0,0.0,,0,,,,,,,0,,,,0.0,,0,,
54340,피앤텔,2019Q4,0,0,0,6680,0,0.0,0.0,,0,,,0.0,6680.0,,0.0,0,,,,0.0,0.0,0,0.0,
54340,피앤텔,2020Q1,0,0,0,6680,0,0.0,0.0,0.0,0,0.0,,0.0,6680.0,,0.0,0,0.0,,,0.0,0.0,0,0.0,
54340,피앤텔,2020Q2,0,2900,0,117,14532621,-0.9824850299401198,-4.044699331732936,-0.9824850299401198,1,0.4912425149700599,,-0.9824850299401198,5039.25,,-0.9767822592647716,0,-0.9824850299401198,1.5,4.0,24.786324786324787,1.0,1,1.0,
