stock_code,Name,quarter,Open,High,Low,Close,Volume_sum,ret_1q,logret_1q,cumret_4q,down_gap_q,vol_4q,vol_8q,max_drawdown_4q,ma4,ma8,ma4_ratio,ma_cross_4_8,mom_4q,vol_z_4q,vol_drop_ratio_4q,intraquarter_range,crash_count_4q,down_streak_1q,down_streak_4q_max,vol_mean_decline_q
57500,SKC 솔믹스,2019Q1,2685,4465,2565,3900,37459267,,,,0,,,,,,,0,,,,0.48717948717948717,,0,,
57500,SKC 솔믹스,2019Q2,3900,4520,3135,3235,24314614,-0.17051282051282046,-0.18694762518273578,,1,,,,,,,0,,,,0.4281298299845441,,1,,
57500,SKC 솔믹스,2019Q3,3290,4865,3120,3205,145182895,-0.009273570324574987,-0.009316837580231052,,0,,,,,,,0,,,,0.5444617784711389,,2,,
57500,SKC 솔믹스,2019Q4,3195,3745,2955,3735,19990521,0.1653666146645867,0.1530357282121475,,0,,,-0.04230769230769227,3518.75,,0.061456483126110184,0,,-0.6183109699844443,0.35233767952741907,0.21151271753681392,1.0,0,2.0,
57500,SKC 솔믹스,2020Q1,3735,3950,1755,2375,27473927,-0.36412315930388217,-0.4527503810981761,-0.39102564102564086,1,0.22603003115592174,,-0.36412315930388217,3137.5,,-0.24302788844621515,0,-0.3910256410256411,-0.4409225332260364,0.5065206339376815,0.9242105263157895,2.0,1,2.0,
57500,SKC 솔믹스,2020Q2,2380,4695,2310,4250,66060262,0.7894736842105263,0.5819215454497213,0.313755795981453,0,0.4826203937879129,,0.0,3391.25,,0.25322521194249914,0,0.31375579598145276,0.02412504694029848,1.0213887914118334,0.5611764705882353,1.0,0,2.0,
57500,SKC 솔믹스,2020Q3,4255,7480,0,5540,150490213,0.3035294117647058,0.26507551782286676,0.7285491419656787,0,0.4744861679087468,,0.0,3975.0,,0.3937106918238993,0,0.7285491419656787,1.4120535631036482,2.2800258605078927,1.3501805054151625,1.0,0,1.0,
57500,SKC 솔믹스,2020Q4,5560,6660,0,5950,8902598,0.07400722021660644,0.0713967187983453,0.5930388219544849,0,0.4803833882011649,,0.0,4528.75,4023.75,0.3138283190725917,0,0.5930388219544847,-0.8643544989666236,0.1407931616632467,1.119327731092437,1.0,0,1.0,0.05413855912353638
