stock_code,Name,quarter,Open,High,Low,Close,Volume_sum,ret_1q,logret_1q,cumret_4q,down_gap_q,vol_4q,vol_8q,max_drawdown_4q,ma4,ma8,ma4_ratio,ma_cross_4_8,mom_4q,vol_z_4q,vol_drop_ratio_4q,intraquarter_range,crash_count_4q,down_streak_1q,down_streak_4q_max,vol_mean_decline_q
62040,산일전기,2024Q3,44900,61300,28050,47850,70607725,,,,0,,,,,,,0,,,,0.6948798328108673,,0,,
62040,산일전기,2024Q4,47250,76200,36450,68600,49976003,0.4336468129571578,0.360221416832875,,0,,,,,,,0,,,,0.5794460641399417,,0,,
62040,산일전기,2025Q1,69300,83500,51100,51400,41298747,-0.25072886297376096,-0.2886543622707194,,1,,,,,,,0,,,,0.6303501945525292,,1,,
62040,산일전기,2025Q2,52500,91000,43350,88700,24496594,0.7256809338521402,0.5456217168544146,,0,,,0.0,64137.5,,0.38296628337556027,0,,-1.1517216039436973,0.5257370182485459,0.5372040586245772,1.0,0,1.0,
62040,산일전기,2025Q3,90700,131800,81000,110100,31761013,0.24126268320180388,0.21612915441309966,1.3009404388714736,0,0.41036147290767566,,0.0,79700.0,,0.3814303638644918,0,1.3009404388714731,-0.4608543733533622,0.8611267018529366,0.46139872842870117,1.0,0,1.0,
62040,산일전기,2025Q4,110900,178900,105000,130100,36219510,0.18165304268846505,0.16691434178982512,0.8965014577259478,0,0.3996421922961396,,0.0,95075.0,,0.3683933736523797,0,0.8965014577259476,0.3895600742551014,1.082990874945872,0.5680245964642583,1.0,0,1.0,
