stock_code,Name,quarter,Open,High,Low,Close,Volume_sum,ret_1q,logret_1q,cumret_4q,down_gap_q,vol_4q,vol_8q,max_drawdown_4q,ma4,ma8,ma4_ratio,ma_cross_4_8,mom_4q,vol_z_4q,vol_drop_ratio_4q,intraquarter_range,crash_count_4q,down_streak_1q,down_streak_4q_max,vol_mean_decline_q
64400,LG씨엔에스,2025Q1,60500,61900,46500,49000,43111791,,,,0,,,,,,,0,,,,0.3142857142857143,,0,,
64400,LG씨엔에스,2025Q2,49300,100800,47000,75100,68718298,0.5326530612244897,0.4270002606594616,,0,,,,,,,0,,,,0.7163781624500666,,0,,
64400,LG씨엔에스,2025Q3,77000,85200,64200,65700,49877801,-0.12516644474034622,-0.13372163327952258,,1,,,,,,,0,,,,0.319634703196347,,1,,
64400,LG씨엔에스,2025Q4,66200,70700,54100,61400,73153945,-0.06544901065449016,-0.06768909033746873,,0,,,-0.18242343541944073,62800.0,,-0.022292993630573243,0,,0.9962669372225197,1.2459060451435202,0.2703583061889251,1.0,2,2.0,
