stock_code,Name,quarter,Open,High,Low,Close,Volume_sum,ret_1q,logret_1q,cumret_4q,down_gap_q,vol_4q,vol_8q,max_drawdown_4q,ma4,ma8,ma4_ratio,ma_cross_4_8,mom_4q,vol_z_4q,vol_drop_ratio_4q,intraquarter_range,crash_count_4q,down_streak_1q,down_streak_4q_max,vol_mean_decline_q
65940,바이오빌,2019Q1,2000,2140,0,1635,21101237,,,,0,,,,,,,0,,,,1.308868501529052,,0,,
65940,바이오빌,2019Q2,0,0,0,1635,0,0.0,0.0,,0,,,,,,,0,,,,0.0,,0,,
65940,바이오빌,2019Q3,0,0,0,1635,0,0.0,0.0,,0,,,,,,,0,,,,0.0,,0,,
65940,바이오빌,2019Q4,0,0,0,1635,0,0.0,0.0,,0,,,0.0,1635.0,,0.0,0,,-0.5,0.0,0.0,0.0,0,0.0,
65940,바이오빌,2020Q1,0,0,0,1635,0,0.0,0.0,0.0,0,0.0,,0.0,1635.0,,0.0,0,0.0,,,0.0,0.0,0,0.0,
65940,바이오빌,2020Q2,0,0,0,1635,0,0.0,0.0,0.0,0,0.0,,0.0,1635.0,,0.0,0,0.0,,,0.0,0.0,0,0.0,
65940,바이오빌,2020Q3,0,220,0,23,201777751,-0.9859327217125382,-4.263903867402204,-0.9859327217125382,1,0.4929663608562691,,-0.9859327217125382,1232.0,,-0.9813311688311688,0,-0.9859327217125382,1.5,4.0,9.565217391304348,1.0,1,1.0,
