stock_code,Name,quarter,Open,High,Low,Close,Volume_sum,ret_1q,logret_1q,cumret_4q,down_gap_q,vol_4q,vol_8q,max_drawdown_4q,ma4,ma8,ma4_ratio,ma_cross_4_8,mom_4q,vol_z_4q,vol_drop_ratio_4q,intraquarter_range,crash_count_4q,down_streak_1q,down_streak_4q_max,vol_mean_decline_q
68100,케이웨더,2024Q1,19920,23000,7730,7730,87097523,,,,0,,,,,,,0,,,,1.9754204398447606,,0,,
68100,케이웨더,2024Q2,7750,7870,4550,4625,6526532,-0.4016817593790427,-0.513632491634942,,1,,,,,,,0,,,,0.7178378378378378,,1,,
68100,케이웨더,2024Q3,4600,5300,3445,4040,24276302,-0.12648648648648653,-0.13523167899132993,,1,,,,,,,0,,,,0.4591584158415842,,2,,
68100,케이웨더,2024Q4,4040,4375,2495,3000,8288812,-0.25742574257425743,-0.29763240330495044,,1,,,-0.611901681759379,4848.75,,-0.38128383604021654,0,,-0.6139323841313616,0.2627424228461319,0.6266666666666667,3.0,3,3.0,
68100,케이웨더,2025Q1,3000,4470,2750,2750,52966180,-0.08333333333333337,-0.08701137698962924,-0.6442432082794308,0,0.14352799010987344,,-0.4054054054054054,3603.75,,-0.2369060006937218,0,-0.6442432082794307,1.3927799280108242,2.3014308419579668,0.6254545454545455,3.0,4,4.0,
68100,케이웨더,2025Q2,2780,4235,2550,3500,11624414,0.2727272727272727,0.24116205681688818,-0.2432432432432433,0,0.22666576912830622,,-0.13366336633663367,3322.5,,0.05342362678705803,0,-0.2432432432432432,-0.6232356388065017,0.47858902947832976,0.48142857142857143,2.0,0,4.0,
68100,케이웨더,2025Q3,3475,4090,2690,2690,4519335,-0.23142857142857143,-0.2632217748816199,-0.33415841584158423,1,0.24408514727232225,,-0.23142857142857143,2985.0,,-0.09882747068676712,0,-0.3341584158415841,-0.6562635681193284,0.23356116348197448,0.5204460966542751,2.0,1,4.0,
68100,케이웨더,2025Q4,2780,4175,2620,3050,7861398,0.13382899628252787,0.1256003970055719,0.016666666666666385,0,0.2241186012853016,,-0.12857142857142856,2997.5,3923.125,0.017514595496246788,1,0.016666666666666607,-0.5020749180995003,0.40853644110877807,0.5098360655737705,1.0,0,4.0,-0.24226088717562488
