stock_code,Name,quarter,Open,High,Low,Close,Volume_sum,ret_1q,logret_1q,cumret_4q,down_gap_q,vol_4q,vol_8q,max_drawdown_4q,ma4,ma8,ma4_ratio,ma_cross_4_8,mom_4q,vol_z_4q,vol_drop_ratio_4q,intraquarter_range,crash_count_4q,down_streak_1q,down_streak_4q_max,vol_mean_decline_q
77280,한컴지엠디,2019Q1,2390,2715,2200,2425,3402157,,,,0,,,,,,,0,,,,0.21237113402061855,,0,,
77280,한컴지엠디,2019Q2,2425,2700,2155,2310,1950267,-0.04742268041237119,-0.048583999855744686,,0,,,,,,,0,,,,0.23593073593073594,,1,,
77280,한컴지엠디,2019Q3,2310,2485,1870,2285,907555,-0.010822510822510845,-0.01088150018753442,,0,,,,,,,0,,,,0.26914660831509846,,2,,
77280,한컴지엠디,2019Q4,2280,2485,0,2225,1906424,-0.026258205689277947,-0.02660910872796407,,0,,,-0.08247422680412375,2311.25,,-0.037317468902109296,0,,-0.13163123704857546,0.9337888419173044,1.1168539325842697,0.0,3,3.0,
77280,한컴지엠디,2020Q1,0,0,0,2225,0,0.0,0.0,-0.08247422680412386,0,0.02057769586297386,,-0.03679653679653683,2261.25,,-0.01603095632946383,0,-0.08247422680412375,-1.2825811551768087,0.0,0.0,0.0,0,3.0,
