stock_code,Name,quarter,Open,High,Low,Close,Volume_sum,ret_1q,logret_1q,cumret_4q,down_gap_q,vol_4q,vol_8q,max_drawdown_4q,ma4,ma8,ma4_ratio,ma_cross_4_8,mom_4q,vol_z_4q,vol_drop_ratio_4q,intraquarter_range,crash_count_4q,down_streak_1q,down_streak_4q_max,vol_mean_decline_q
79440,오렌지라이프,2019Q1,28150,38750,24300,36000,9683115,,,,0,,,,,,,0,,,,0.4013888888888889,,0,,
79440,오렌지라이프,2019Q2,35950,36900,30700,31650,6853208,-0.12083333333333335,-0.12878078986592456,,1,,,,,,,0,,,,0.19589257503949448,,1,,
79440,오렌지라이프,2019Q3,31900,31950,23600,27050,7978410,-0.1453396524486572,-0.15705114329769465,,1,,,,,,,0,,,,0.30868761552680224,,2,,
79440,오렌지라이프,2019Q4,27000,30050,25850,28150,16828697,0.04066543438077641,0.039860349293208586,,0,,,-0.21805555555555556,30712.5,,-0.08343508343508343,0,,1.4485940699715145,1.6281858568580303,0.1492007104795737,2.0,0,2.0,
79440,오렌지라이프,2020Q1,28150,28300,0,27500,2981826,-0.023090586145648295,-0.023361349913173513,-0.23611111111111105,0,0.08652726591914167,,-0.1311216429699842,28587.5,,-0.038041101880192385,0,-0.23611111111111116,-0.9705738058165253,0.34430042877546163,1.029090909090909,2.0,1,2.0,
