stock_code,Name,quarter,Open,High,Low,Close,Volume_sum,ret_1q,logret_1q,cumret_4q,down_gap_q,vol_4q,vol_8q,max_drawdown_4q,ma4,ma8,ma4_ratio,ma_cross_4_8,mom_4q,vol_z_4q,vol_drop_ratio_4q,intraquarter_range,crash_count_4q,down_streak_1q,down_streak_4q_max,vol_mean_decline_q
79900,전진건설로봇,2024Q3,27500,28900,15030,15310,46250516,,,,0,,,,,,,0,,,,0.9059438275636839,,0,,
79900,전진건설로봇,2024Q4,15030,41400,14500,35500,92632162,1.318745917700849,0.8410264868117778,,0,,,,,,,0,,,,0.7577464788732394,,0,,
79900,전진건설로봇,2025Q1,35400,71900,34200,40900,88416349,0.15211267605633805,0.1415973665673853,,0,,,,,,,0,,,,0.921760391198044,,0,,
79900,전진건설로봇,2025Q2,41250,62200,36000,57100,10815826,0.39608801955990214,0.33367405361320834,,0,,,0.0,37202.5,,0.5348430885021167,0,,-1.2606234418431583,0.18169090863055065,0.45884413309982486,0.0,0,0.0,
79900,전진건설로봇,2025Q3,57100,62100,44350,45350,5956439,-0.2057793345008757,-0.23039394010081793,1.9621162638798166,1,0.6510480610430558,,-0.2057793345008757,44712.5,,0.01425775789767969,0,1.962116263879817,-0.9158569941647374,0.12044112090632988,0.3914002205071665,1.0,1,1.0,
79900,전진건설로봇,2025Q4,45600,53500,40200,47950,4776621,0.05733186328555684,0.05574862476830056,0.35070422535211265,0,0.2488007250837437,,-0.16024518388791598,47825.0,,0.00261369576581294,0,0.35070422535211265,-0.558090895469427,0.17375022205881704,0.2773722627737226,1.0,0,1.0,
