stock_code,Name,quarter,Open,High,Low,Close,Volume_sum,ret_1q,logret_1q,cumret_4q,down_gap_q,vol_4q,vol_8q,max_drawdown_4q,ma4,ma8,ma4_ratio,ma_cross_4_8,mom_4q,vol_z_4q,vol_drop_ratio_4q,intraquarter_range,crash_count_4q,down_streak_1q,down_streak_4q_max,vol_mean_decline_q
81180,쎄크,2025Q2,20200,20900,10500,11080,102400963,,,,0,,,,,,,0,,,,0.9386281588447654,,0,,
81180,쎄크,2025Q3,11190,11190,7900,8860,5017279,-0.20036101083032487,-0.22359491670214915,,1,,,,,,,0,,,,0.37133182844243795,,1,,
81180,쎄크,2025Q4,8860,17430,7480,15900,73314514,0.7945823927765236,0.5847723446091972,,0,,,,,,,0,,,,0.6257861635220126,,0,,
