stock_code,Name,quarter,Open,High,Low,Close,Volume_sum,ret_1q,logret_1q,cumret_4q,down_gap_q,vol_4q,vol_8q,max_drawdown_4q,ma4,ma8,ma4_ratio,ma_cross_4_8,mom_4q,vol_z_4q,vol_drop_ratio_4q,intraquarter_range,crash_count_4q,down_streak_1q,down_streak_4q_max,vol_mean_decline_q
83370,동북아12호,2019Q1,4970,5040,4815,4995,20070,,,,0,,,,,,,0,,,,0.04504504504504504,,0,,
83370,동북아12호,2019Q2,5020,5040,4960,5030,29259,0.00700700700700696,0.006982572011130728,,0,,,,,,,0,,,,0.015904572564612324,,0,,
83370,동북아12호,2019Q3,5030,5030,4950,5020,21658,-0.001988071570576566,-0.0019900504080094805,,0,,,,,,,0,,,,0.01593625498007968,,1,,
83370,동북아12호,2019Q4,5020,5060,4905,5000,35418,-0.003984063745019917,-0.00399202126953746,,0,,,-0.005964214711729587,5011.25,,-0.002244948865053664,0,,1.2390880988146928,1.3314411916733235,0.031,0.0,2,2.0,
83370,동북아12호,2020Q1,5000,6490,4870,4960,66885,-0.008000000000000007,-0.008032171697264445,-0.00700700700700696,0,0.006345473100344392,,-0.013916500994035741,5002.5,,-0.00849575212393805,0,-0.00700700700700696,1.4385598901355923,1.7461166949484401,0.32661290322580644,0.0,3,3.0,
83370,동북아12호,2020Q2,4960,5950,0,5040,44019,0.016129032258064502,0.016000341346440905,0.001988071570576455,0,0.010689680740020495,,0.0,5005.0,,0.006993006993007089,0,0.001988071570576455,0.10665149677788215,1.0481962138349803,1.1805555555555556,0.0,0,3.0,
