stock_code,Name,quarter,Open,High,Low,Close,Volume_sum,ret_1q,logret_1q,cumret_4q,down_gap_q,vol_4q,vol_8q,max_drawdown_4q,ma4,ma8,ma4_ratio,ma_cross_4_8,mom_4q,vol_z_4q,vol_drop_ratio_4q,intraquarter_range,crash_count_4q,down_streak_1q,down_streak_4q_max,vol_mean_decline_q
83380,동북아13호,2019Q1,5000,5050,4990,5030,35442,,,,0,,,,,,,0,,,,0.011928429423459244,,0,,
83380,동북아13호,2019Q2,5010,5050,4955,5030,17695,0.0,0.0,,0,,,,,,,0,,,,0.018886679920477135,,0,,
83380,동북아13호,2019Q3,5030,5100,4905,5000,28647,-0.005964214711729587,-0.005982071677546941,,0,,,,,,,0,,,,0.039,,1,,
83380,동북아13호,2019Q4,5000,5100,4950,5000,36518,0.0,0.0,,0,,,-0.005964214711729587,5015.0,,-0.0029910269192422456,0,,0.8023241546638858,1.2347382123717265,0.03,0.0,0,1.0,
83380,동북아13호,2020Q1,5000,5100,4900,4955,33918,-0.009000000000000008,-0.009040744652150323,-0.01491053677932408,0,0.004494067446568705,,-0.01491053677932408,4996.25,,-0.00825619214410811,0,-0.01491053677932408,0.5666160173275028,1.1617941735600883,0.04036326942482341,0.0,1,1.0,
83380,동북아13호,2020Q2,4955,5110,0,5030,27195,0.015136226034308864,0.015022816329697264,0.0,0,0.010734210089173265,,0.0,4996.25,,0.006755066299724888,0,0.0,-0.997642778705235,0.8614327119529926,1.0159045725646123,0.0,0,1.0,
