stock_code,Name,quarter,Open,High,Low,Close,Volume_sum,ret_1q,logret_1q,cumret_4q,down_gap_q,vol_4q,vol_8q,max_drawdown_4q,ma4,ma8,ma4_ratio,ma_cross_4_8,mom_4q,vol_z_4q,vol_drop_ratio_4q,intraquarter_range,crash_count_4q,down_streak_1q,down_streak_4q_max,vol_mean_decline_q
88280,쏘닉스,2023Q4,10000,11930,4310,4520,99710763,,,,0,,,,,,,0,,,,1.6858407079646018,,0,,
88280,쏘닉스,2024Q1,4550,5070,3530,3765,7031445,-0.1670353982300885,-0.18276413259228264,,1,,,,,,,0,,,,0.40903054448871184,,1,,
88280,쏘닉스,2024Q2,3730,4090,2830,2945,4942570,-0.21779548472775567,-0.24563904414830695,,1,,,,,,,0,,,,0.42784380305602715,,2,,
88280,쏘닉스,2024Q3,2945,3180,2000,2740,7918226,-0.0696095076400679,-0.07215089670357155,,0,,,-0.3938053097345132,3492.5,,-0.21546170365068007,0,,-0.4721665095225788,0.26481696061747745,0.4306569343065693,2.0,3,3.0,
88280,쏘닉스,2024Q4,2700,3150,1972,2375,4667591,-0.13321167883211682,-0.1429604829133737,-0.4745575221238939,1,0.06216320906693161,,-0.3691899070385126,2956.25,,-0.19661733615221988,0,-0.4745575221238938,-0.9275906105685544,0.7601991740008645,0.496,3.0,4,4.0,
88280,쏘닉스,2025Q1,2395,3900,2380,2455,22636641,0.03368421052631576,0.03312932375987909,-0.34794156706507307,0,0.1060363960424382,,-0.16638370118845502,2628.75,,-0.06609605325725154,0,-0.34794156706507307,1.477474634405793,2.254363273442757,0.6191446028513238,2.0,0,4.0,
88280,쏘닉스,2025Q2,2455,3035,2125,2460,7285290,0.0020366598778003286,0.0020345886977874983,-0.16468590831918528,0,0.07471943086393393,,-0.1021897810218978,2507.5,,-0.018943170488534444,0,-0.16468590831918506,-0.41106834645337437,0.6855493732577882,0.3699186991869919,1.0,0,4.0,
88280,쏘닉스,2025Q3,2460,2575,2095,2245,2899484,-0.08739837398373984,-0.09145582875005331,-0.18065693430656948,0,0.07740929903504537,,-0.08739837398373984,2383.75,2938.125,-0.058206607236497065,1,-0.18065693430656937,-0.7172362798583755,0.30936899207196905,0.21380846325167038,1.0,1,4.0,-0.5227127592294478
88280,쏘닉스,2025Q4,2245,2395,1650,1680,3815260,-0.25167037861915365,-0.2899117277790504,-0.29263157894736846,1,0.12794561978034258,0.10057452631689734,-0.31707317073170727,2210.0,2583.125,-0.23981900452488691,1,-0.29263157894736846,-0.582035939954706,0.4165509015214945,0.44345238095238093,1.0,2,2.0,0.19734529946292523
