stock_code,Name,quarter,Open,High,Low,Close,Volume_sum,ret_1q,logret_1q,cumret_4q,down_gap_q,vol_4q,vol_8q,max_drawdown_4q,ma4,ma8,ma4_ratio,ma_cross_4_8,mom_4q,vol_z_4q,vol_drop_ratio_4q,intraquarter_range,crash_count_4q,down_streak_1q,down_streak_4q_max,vol_mean_decline_q
88340,유라클,2024Q3,27900,33000,12290,13230,72555952,,,,0,,,,,,,0,,,,1.565381708238851,,0,,
88340,유라클,2024Q4,12910,14250,8520,10970,11683076,-0.17082388510959945,-0.18732270383972427,,1,,,,,,,0,,,,0.5223336371923427,,1,,
88340,유라클,2025Q1,10910,13820,9780,13690,19104275,0.2479489516864175,0.22150136501321782,,0,,,,,,,0,,,,0.29510591672753833,,0,,
88340,유라클,2025Q2,13310,33700,13230,19880,77342103,0.45215485756026297,0.373048561928071,,0,,,0.0,14442.5,,0.3764929894408864,0,,0.9305226410660091,1.7121936898434398,1.0296780684104627,1.0,0,1.0,
88340,유라클,2025Q3,19880,23300,15120,15200,8209166,-0.23541247484909456,-0.26841877337619735,0.14890400604686316,1,0.33112586300805696,,-0.23541247484909456,14935.0,,0.017743555406762646,0,0.14890400604686316,-0.642501166665339,0.28225076075339384,0.5381578947368421,2.0,1,1.0,
88340,유라클,2025Q4,15050,21450,12510,13880,23076030,-0.08684210526315794,-0.09084647277357227,0.2652689152233363,0,0.31261838953665627,,-0.30181086519114686,15662.5,,-0.11380686352753389,0,0.2652689152233363,-0.28645997517132155,0.7226413729153608,0.6440922190201729,1.0,2,2.0,
