stock_code,Name,quarter,Open,High,Low,Close,Volume_sum,ret_1q,logret_1q,cumret_4q,down_gap_q,vol_4q,vol_8q,max_drawdown_4q,ma4,ma8,ma4_ratio,ma_cross_4_8,mom_4q,vol_z_4q,vol_drop_ratio_4q,intraquarter_range,crash_count_4q,down_streak_1q,down_streak_4q_max,vol_mean_decline_q
94190,이엘케이,2019Q1,1000,1015,0,787,348321418,,,,0,,,,,,,0,,,,1.289707750952986,,0,,
94190,이엘케이,2019Q2,0,0,0,787,0,0.0,0.0,,0,,,,,,,0,,,,0.0,,0,,
94190,이엘케이,2019Q3,0,0,0,787,0,0.0,0.0,,0,,,,,,,0,,,,0.0,,0,,
94190,이엘케이,2019Q4,0,0,0,787,0,0.0,0.0,,0,,,0.0,787.0,,0.0,0,,-0.5,0.0,0.0,0.0,0,0.0,
94190,이엘케이,2020Q1,0,0,0,787,0,0.0,0.0,0.0,0,0.0,,0.0,787.0,,0.0,0,0.0,,,0.0,0.0,0,0.0,
94190,이엘케이,2020Q2,0,200,0,10,277822199,-0.9872935196950444,-4.365643155423357,-0.9872935196950444,1,0.4936467598475222,,-0.9872935196950444,592.75,,-0.9831294812315479,0,-0.9872935196950444,1.5,4.0,20.0,1.0,1,1.0,
