stock_code,Name,quarter,Open,High,Low,Close,Volume_sum,ret_1q,logret_1q,cumret_4q,down_gap_q,vol_4q,vol_8q,max_drawdown_4q,ma4,ma8,ma4_ratio,ma_cross_4_8,mom_4q,vol_z_4q,vol_drop_ratio_4q,intraquarter_range,crash_count_4q,down_streak_1q,down_streak_4q_max,vol_mean_decline_q
96250,와이즈넛,2025Q1,14020,18160,9300,9910,19898890,,,,0,,,,,,,0,,,,0.8940464177598385,,0,,
96250,와이즈넛,2025Q2,10050,20200,9350,15730,46958970,0.5872855701311805,0.46202536872828937,,0,,,,,,,0,,,,0.6897647806738716,,0,,
96250,와이즈넛,2025Q3,15980,17190,12200,13900,5318906,-0.11633820724729815,-0.12368087693353935,,1,,,,,,,0,,,,0.35899280575539566,,1,,
96250,와이즈넛,2025Q4,13900,15960,10920,11300,4795745,-0.18705035971223016,-0.20708611441835068,,1,,,-0.28162746344564527,12710.0,,-0.11093627065302913,0,,-0.7311940534467797,0.24921858142317846,0.44601769911504424,2.0,2,2.0,
