stock_code,Name,quarter,Open,High,Low,Close,Volume_sum,ret_1q,logret_1q,cumret_4q,down_gap_q,vol_4q,vol_8q,max_drawdown_4q,ma4,ma8,ma4_ratio,ma_cross_4_8,mom_4q,vol_z_4q,vol_drop_ratio_4q,intraquarter_range,crash_count_4q,down_streak_1q,down_streak_4q_max,vol_mean_decline_q
98070,한텍,2025Q1,25000,35250,23750,25150,71249047,,,,0,,,,,,,0,,,,0.4572564612326044,,0,,
98070,한텍,2025Q2,25400,48650,23650,35450,121321773,0.4095427435387673,0.3432653564323882,,0,,,,,,,0,,,,0.7052186177715092,,0,,
98070,한텍,2025Q3,36000,55000,30350,42650,22308911,0.20310296191819455,0.18490402095955183,,0,,,,,,,0,,,,0.5779601406799532,,0,,
98070,한텍,2025Q4,42700,47300,30450,30850,13006547,-0.2766705744431418,-0.3238905235862912,,1,,,-0.2766705744431418,33525.0,,-0.07979120059656974,0,,-0.8805212201276724,0.2282989061763517,0.546191247974068,1.0,1,1.0,
