stock_code,Name,quarter,Open,High,Low,Close,Volume_sum,ret_1q,logret_1q,cumret_4q,down_gap_q,vol_4q,vol_8q,max_drawdown_4q,ma4,ma8,ma4_ratio,ma_cross_4_8,mom_4q,vol_z_4q,vol_drop_ratio_4q,intraquarter_range,crash_count_4q,down_streak_1q,down_streak_4q_max,vol_mean_decline_q
99350,하나니켈2호,2019Q1,1430,2030,1045,1075,11547870,,,,0,,,,,,,0,,,,0.9162790697674419,,0,,
99350,하나니켈2호,2019Q2,1075,2635,1020,1615,84428053,0.5023255813953489,0.407014295094994,,0,,,,,,,0,,,,1.0,,0,,
99350,하나니켈2호,2019Q3,1530,1805,1010,1035,22839431,-0.35913312693498456,-0.44493352995728763,,1,,,,,,,0,,,,0.7681159420289855,,1,,
99350,하나니켈2호,2019Q4,1045,1680,996,1120,33483010,0.08212560386473422,0.07892725858967076,,0,,,-0.3065015479876161,1211.25,,-0.07533539731682148,0,,-0.14271081788541284,0.8794056382641117,0.6107142857142858,1.0,0,1.0,
99350,하나니켈2호,2020Q1,1115,2960,944,1195,181624417,0.06696428571428581,0.06481750007647058,0.1116279069767443,0,0.3517476277097722,,-0.26006191950464397,1241.25,,-0.03726082578046319,0,0.1116279069767443,1.3931676194759266,2.2535800498445115,1.6870292887029288,1.0,0,1.0,
99350,하나니켈2호,2020Q2,1170,2580,0,609,95275915,-0.4903765690376569,-0.6740831966557135,-0.6229102167182663,1,0.2932732721072594,,-0.4903765690376569,989.75,,-0.3846931043192725,0,-0.6229102167182663,0.1641743354718659,1.1436903203491438,4.236453201970443,2.0,1,1.0,
