stock_code,Name,quarter,Open,High,Low,Close,Volume_sum,ret_1q,logret_1q,cumret_4q,down_gap_q,vol_4q,vol_8q,max_drawdown_4q,ma4,ma8,ma4_ratio,ma_cross_4_8,mom_4q,vol_z_4q,vol_drop_ratio_4q,intraquarter_range,crash_count_4q,down_streak_1q,down_streak_4q_max,vol_mean_decline_q
99340,하나니켈1호,2019Q1,182,255,132,136,30897878,,,,0,,,,,,,0,,,,0.9044117647058824,,0,,
99340,하나니켈1호,2019Q2,135,185,132,148,136187902,0.08823529411764697,0.08455738802806234,,0,,,,,,,0,,,,0.3581081081081081,,0,,
99340,하나니켈1호,2019Q3,149,168,134,139,21752986,-0.060810810810810856,-0.0627383406334232,,0,,,,,,,0,,,,0.2446043165467626,,1,,
99340,하나니켈1호,2019Q4,141,174,137,139,43845828,0.0,0.0,,0,,,-0.060810810810810856,140.5,,-0.010676156583629859,0,,-0.27133847931699645,0.7537383931830055,0.26618705035971224,0.0,0,1.0,
99340,하나니켈1호,2020Q1,138,712,0,295,554387093,1.1223021582733814,0.7525014232091287,1.1691176470588234,0,0.559933840947528,,0.0,180.25,,0.6366158113730929,0,1.1691176470588234,1.4698729076577441,2.9325908218542915,2.4135593220338984,0.0,0,1.0,
99340,하나니켈1호,2020Q2,295,519,0,211,732275373,-0.28474576271186436,-0.33511722286375356,0.42567567567567566,1,0.6307421059623578,,-0.28474576271186436,196.0,,0.07653061224489788,0,0.42567567567567566,1.0950064116679714,2.166076582478203,2.4597156398104265,1.0,1,1.0,
