stock_code,Name,quarter,Open,High,Low,Close,Volume_sum,ret_1q,logret_1q,cumret_4q,down_gap_q,vol_4q,vol_8q,max_drawdown_4q,ma4,ma8,ma4_ratio,ma_cross_4_8,mom_4q,vol_z_4q,vol_drop_ratio_4q,intraquarter_range,crash_count_4q,down_streak_1q,down_streak_4q_max,vol_mean_decline_q
101970,우양에이치씨,2025Q1,23000,23400,18880,19260,2205735,,,,0,,,,,,,0,,,,0.23468328141225336,,0,,
101970,우양에이치씨,2025Q2,19390,24850,11720,12400,10585650,-0.3561786085150571,-0.4403339337589891,,1,,,,,,,0,,,,1.0588709677419355,,1,,
101970,우양에이치씨,2025Q3,12360,21400,10500,17400,6060861,0.403225806451613,0.3387737336094929,,0,,,,,,,0,,,,0.6264367816091954,,0,,
101970,우양에이치씨,2025Q4,17400,18370,10750,11570,2746643,-0.3350574712643678,-0.4080546650148982,,1,,,-0.39927310488058154,15157.5,,-0.23668151080323274,0,,-0.6883083348503727,0.5086637558070696,0.658599827139153,2.0,1,1.0,
