stock_code,Name,quarter,Open,High,Low,Close,Volume_sum,ret_1q,logret_1q,cumret_4q,down_gap_q,vol_4q,vol_8q,max_drawdown_4q,ma4,ma8,ma4_ratio,ma_cross_4_8,mom_4q,vol_z_4q,vol_drop_ratio_4q,intraquarter_range,crash_count_4q,down_streak_1q,down_streak_4q_max,vol_mean_decline_q
103130,웅진에너지,2019Q1,1520,1925,0,914,46590355,,,,0,,,,,,,0,,,,2.1061269146608317,,0,,
103130,웅진에너지,2019Q2,0,0,0,914,0,0.0,0.0,,0,,,,,,,0,,,,0.0,,0,,
103130,웅진에너지,2019Q3,0,0,0,914,0,0.0,0.0,,0,,,,,,,0,,,,0.0,,0,,
103130,웅진에너지,2019Q4,0,0,0,914,0,0.0,0.0,,0,,,0.0,914.0,,0.0,0,,-0.5,0.0,0.0,0.0,0,0.0,
103130,웅진에너지,2020Q1,0,0,0,914,0,0.0,0.0,0.0,0,0.0,,0.0,914.0,,0.0,0,0.0,,,0.0,0.0,0,0.0,
103130,웅진에너지,2020Q2,0,600,0,52,145076927,-0.9431072210065645,-2.866586852872722,-0.9431072210065645,1,0.47155361050328226,,-0.9431072210065645,698.5,,-0.9255547602004295,0,-0.9431072210065645,1.5,4.0,11.538461538461538,1.0,1,1.0,
