stock_code,Name,quarter,Open,High,Low,Close,Volume_sum,ret_1q,logret_1q,cumret_4q,down_gap_q,vol_4q,vol_8q,max_drawdown_4q,ma4,ma8,ma4_ratio,ma_cross_4_8,mom_4q,vol_z_4q,vol_drop_ratio_4q,intraquarter_range,crash_count_4q,down_streak_1q,down_streak_4q_max,vol_mean_decline_q
105760,포스뱅크,2024Q1,47550,56300,12510,13290,62897364,,,,0,,,,,,,0,,,,3.2949586155003763,,0,,
105760,포스뱅크,2024Q2,13290,13770,9490,9830,10023080,-0.26034612490594433,-0.30157293856608014,,1,,,,,,,0,,,,0.43540183112919634,,1,,
105760,포스뱅크,2024Q3,9780,10000,6350,7380,6244047,-0.24923702950152593,-0.28666529554669395,,1,,,,,,,0,,,,0.494579945799458,,2,,
105760,포스뱅크,2024Q4,7250,7650,5350,5910,3453360,-0.19918699186991873,-0.22212780719437397,,1,,,-0.5553047404063205,9102.5,,-0.35072782202691566,0,,-0.6080207398052786,0.16719679624685468,0.38917089678510997,3.0,3,3.0,
105760,포스뱅크,2025Q1,5860,7770,5350,6070,19222096,0.027072758037224975,0.026712773653400745,-0.54326561324304,0,0.13432517920187817,,-0.3825025432349949,7297.5,,-0.16820829051044883,0,-0.5432656132430399,1.3801546346500666,1.9744038036716773,0.3986820428336079,3.0,0,3.0,
105760,포스뱅크,2025Q2,6080,7940,5480,6960,7292629,0.1466227347611202,0.13682086927492065,-0.29196337741607337,0,0.18722248269418074,,-0.05691056910569103,6580.0,,0.05775075987841949,0,-0.29196337741607326,-0.2525575421582508,0.8055453901471473,0.35344827586206895,2.0,0,3.0,
105760,포스뱅크,2025Q3,6960,7210,5830,5840,4572091,-0.16091954022988508,-0.17544867750619275,-0.20867208672086734,1,0.16239298819139752,,-0.16091954022988508,6195.0,,-0.05730427764326074,0,-0.20867208672086723,-0.5611949431053451,0.5294809152101599,0.2363013698630137,2.0,1,3.0,
105760,포스뱅크,2025Q4,5850,6130,5000,5310,3321189,-0.09075342465753422,-0.09513896158628832,-0.1015228426395941,0,0.1352064120189198,,-0.23706896551724133,6045.0,7573.75,-0.12158808933002485,1,-0.10152284263959388,-0.7262253406783113,0.3860949218067133,0.2128060263653484,1.0,2,2.0,-0.41195892641024556
