stock_code,Name,quarter,Open,High,Low,Close,Volume_sum,ret_1q,logret_1q,cumret_4q,down_gap_q,vol_4q,vol_8q,max_drawdown_4q,ma4,ma8,ma4_ratio,ma_cross_4_8,mom_4q,vol_z_4q,vol_drop_ratio_4q,intraquarter_range,crash_count_4q,down_streak_1q,down_streak_4q_max,vol_mean_decline_q
108790,인터파크,2019Q1,5160,6160,4855,5350,5366086,,,,0,,,,,,,0,,,,0.24392523364485982,,0,,
108790,인터파크,2019Q2,5320,6660,5320,5740,8462590,0.07289719626168223,0.07036264942355963,,0,,,,,,,0,,,,0.23344947735191637,,0,,
108790,인터파크,2019Q3,5740,6160,5060,5310,4796553,-0.07491289198606277,-0.07786737507762886,,0,,,,,,,0,,,,0.2071563088512241,,1,,
108790,인터파크,2019Q4,5340,5950,4865,5020,2375750,-0.05461393596986819,-0.05616190155020817,,0,,,-0.12543554006968638,5355.0,,-0.06255835667600373,0,,-1.1482331597309396,0.45250271427822486,0.21613545816733068,0.0,2,2.0,
108790,인터파크,2020Q1,5020,5130,2455,3140,3531906,-0.3745019920318725,-0.4692071337834758,-0.4130841121495328,1,0.18946569381844203,,-0.45296167247386765,4802.5,,-0.3461738677771994,0,-0.41308411214953267,-0.4773024500411101,0.7370883369726995,0.8519108280254777,1.0,3,3.0,
108790,인터파크,2020Q2,3140,5310,0,5020,10672949,0.5987261146496816,0.4692071337834758,-0.1254355400696865,0,0.41031590731334117,,-0.05461393596986819,4622.5,,0.08599242833964316,0,-0.12543554006968638,1.4450846590598008,1.9970753829858956,1.0577689243027888,1.0,0,3.0,
108790,인터파크,2020Q3,0,0,0,5020,0,0.0,0.0,-0.05461393596986819,0,0.40600307082080794,,0.0,4550.0,,0.10329670329670337,0,-0.05461393596986819,-0.9023910676358416,0.0,0.0,1.0,0,3.0,
