stock_code,Name,quarter,Open,High,Low,Close,Volume_sum,ret_1q,logret_1q,cumret_4q,down_gap_q,vol_4q,vol_8q,max_drawdown_4q,ma4,ma8,ma4_ratio,ma_cross_4_8,mom_4q,vol_z_4q,vol_drop_ratio_4q,intraquarter_range,crash_count_4q,down_streak_1q,down_streak_4q_max,vol_mean_decline_q
111380,동인기연,2023Q4,30700,35950,20650,21250,23218832,,,,0,,,,,,,0,,,,0.72,,0,,
111380,동인기연,2024Q1,21450,33150,21250,22650,8957656,0.0658823529411765,0.06380295655861801,,0,,,,,,,0,,,,0.5253863134657837,,0,,
111380,동인기연,2024Q2,22850,27200,19000,22750,2913156,0.004415011037527616,0.004405293467915072,,0,,,,,,,0,,,,0.36043956043956044,,0,,
111380,동인기연,2024Q3,22650,23100,16100,19540,1743596,-0.1410989010989011,-0.15210149878232215,,1,,,-0.1410989010989011,21547.5,,-0.09316626058707511,0,,-0.7570059243720334,0.18935027165679696,0.35823950870010235,1.0,1,1.0,
111380,동인기연,2024Q4,19900,22750,14610,18260,1391056,-0.06550665301944725,-0.06775077144781427,-0.14070588235294124,0,0.08928422323842852,,-0.19736263736263737,20800.0,,-0.12211538461538463,0,-0.14070588235294113,-0.6683967632273276,0.3708131917813404,0.4457831325301205,1.0,2,2.0,
111380,동인기연,2025Q1,18080,19140,14560,14660,738795,-0.1971522453450164,-0.21959017870831765,-0.3527593818984548,1,0.08797699695799283,,-0.3556043956043956,18802.5,,-0.22031644728094668,0,-0.3527593818984548,-1.050757929859347,0.4354431812204132,0.31241473396998637,2.0,3,3.0,
111380,동인기연,2025Q2,14660,18450,13480,15490,1061796,0.05661664392905874,0.05507195797027187,-0.31912087912087905,0,0.10976904273530522,,-0.2072671443193449,16987.5,,-0.0881530537159676,0,-0.31912087912087916,-0.3984083844587814,0.8605825488228239,0.3208521626856036,2.0,0,3.0,
111380,동인기연,2025Q3,15520,16790,13350,13740,651166,-0.11297611362169147,-0.11988336763457319,-0.29682702149437046,1,0.1059653972826188,,-0.24753559693318727,15537.5,18542.5,-0.11568785197103781,1,-0.29682702149437057,-0.9188145474375679,0.6778013918449843,0.25036390101892286,2.0,1,3.0,-0.8110528079014943
111380,동인기연,2025Q4,13690,14290,12860,13730,511525,-0.0007278020378457262,-0.0007280670143234858,-0.24808324205914567,0,0.11354756881082012,0.09586645729534297,-0.1136216914138154,14405.0,17602.5,-0.04685872960777504,1,-0.24808324205914567,-0.9817625781667464,0.6904844020920048,0.10415149308084487,2.0,2,3.0,-0.6701737561430274
