stock_code,Name,quarter,Open,High,Low,Close,Volume_sum,ret_1q,logret_1q,cumret_4q,down_gap_q,vol_4q,vol_8q,max_drawdown_4q,ma4,ma8,ma4_ratio,ma_cross_4_8,mom_4q,vol_z_4q,vol_drop_ratio_4q,intraquarter_range,crash_count_4q,down_streak_1q,down_streak_4q_max,vol_mean_decline_q
112240,에스에프씨,2019Q1,2995,3375,0,1815,68560609,,,,0,,,,,,,0,,,,1.859504132231405,,0,,
112240,에스에프씨,2019Q2,0,0,0,1815,0,0.0,0.0,,0,,,,,,,0,,,,0.0,,0,,
112240,에스에프씨,2019Q3,0,0,0,1815,0,0.0,0.0,,0,,,,,,,0,,,,0.0,,0,,
112240,에스에프씨,2019Q4,0,0,0,1815,0,0.0,0.0,,0,,,0.0,1815.0,,0.0,0,,-0.5,0.0,0.0,0.0,0,0.0,
112240,에스에프씨,2020Q1,0,0,0,1815,0,0.0,0.0,0.0,0,0.0,,0.0,1815.0,,0.0,0,0.0,,,0.0,0.0,0,0.0,
112240,에스에프씨,2020Q2,0,350,0,104,99792666,-0.9426997245179063,-2.8594498475575785,-0.9426997245179063,1,0.47134986225895315,,-0.9426997245179063,1387.25,,-0.9250315372139124,0,-0.9426997245179063,1.5,4.0,3.3653846153846154,1.0,1,1.0,
