stock_code,Name,quarter,Open,High,Low,Close,Volume_sum,ret_1q,logret_1q,cumret_4q,down_gap_q,vol_4q,vol_8q,max_drawdown_4q,ma4,ma8,ma4_ratio,ma_cross_4_8,mom_4q,vol_z_4q,vol_drop_ratio_4q,intraquarter_range,crash_count_4q,down_streak_1q,down_streak_4q_max,vol_mean_decline_q
123260,파인넥스,2019Q1,1560,2540,0,701,236310055,,,,0,,,,,,,0,,,,3.62339514978602,,0,,
123260,파인넥스,2019Q2,0,0,0,701,0,0.0,0.0,,0,,,,,,,0,,,,0.0,,0,,
123260,파인넥스,2019Q3,0,0,0,701,0,0.0,0.0,,0,,,,,,,0,,,,0.0,,0,,
123260,파인넥스,2019Q4,0,0,0,701,0,0.0,0.0,,0,,,0.0,701.0,,0.0,0,,-0.5,0.0,0.0,0.0,0,0.0,
123260,파인넥스,2020Q1,0,0,0,701,0,0.0,0.0,0.0,0,0.0,,0.0,701.0,,0.0,0,0.0,,,0.0,0.0,0,0.0,
123260,파인넥스,2020Q2,260,314,27,27,211191239,-0.9614835948644793,-3.256671021030261,-0.9614835948644793,1,0.48074179743223966,,-0.9614835948644793,532.5,,-0.9492957746478873,0,-0.9614835948644793,1.5,4.0,10.62962962962963,1.0,1,1.0,
