stock_code,Name,quarter,Open,High,Low,Close,Volume_sum,ret_1q,logret_1q,cumret_4q,down_gap_q,vol_4q,vol_8q,max_drawdown_4q,ma4,ma8,ma4_ratio,ma_cross_4_8,mom_4q,vol_z_4q,vol_drop_ratio_4q,intraquarter_range,crash_count_4q,down_streak_1q,down_streak_4q_max,vol_mean_decline_q
126730,코칩,2024Q2,33000,33800,15300,15440,21783289,,,,0,,,,,,,0,,,,1.1981865284974094,,0,,
126730,코칩,2024Q3,15450,17490,9900,14240,20383162,-0.07772020725388606,-0.08090663861280056,,0,,,,,,,0,,,,0.5330056179775281,,1,,
126730,코칩,2024Q4,13760,16660,7950,9910,13566145,-0.3040730337078652,-0.36251055764193296,,1,,,,,,,0,,,,0.8789101917255298,,2,,
126730,코칩,2025Q1,9760,16610,9760,10590,24672577,0.06861755802219971,0.06636581127141916,,0,,,-0.31411917098445596,12545.0,,-0.15583897967317661,0,,0.9708326458200401,1.2274124203426564,0.6468366383380547,1.0,0,2.0,
126730,코칩,2025Q2,10690,15780,9600,12010,17816092,0.13408876298394712,0.125829476478577,-0.22215025906735764,0,0.1942257920107337,,-0.1566011235955056,11687.5,,0.02759358288770053,0,-0.22215025906735753,-0.277927769317938,0.9323162612259644,0.514571190674438,1.0,0,2.0,
126730,코칩,2025Q3,12030,19720,11030,14160,24045053,0.17901748542880935,0.16468145217368146,-0.005617977528090012,0,0.22036970823200347,,0.0,11667.5,,0.21362759802871234,0,-0.005617977528089901,0.758116139601554,1.2007537041228795,0.6137005649717514,1.0,0,2.0,
126730,코칩,2025Q4,14290,18210,11720,14630,17869594,0.03319209039548032,0.032653126766458485,0.4762865792129163,0,0.06531549132459429,,0.0,12847.5,,0.13874294609846283,0,0.4762865792129163,-0.8569155241403018,0.8468669169348749,0.44360902255639095,0.0,0,0.0,
