stock_code,Name,quarter,Open,High,Low,Close,Volume_sum,ret_1q,logret_1q,cumret_4q,down_gap_q,vol_4q,vol_8q,max_drawdown_4q,ma4,ma8,ma4_ratio,ma_cross_4_8,mom_4q,vol_z_4q,vol_drop_ratio_4q,intraquarter_range,crash_count_4q,down_streak_1q,down_streak_4q_max,vol_mean_decline_q
134780,화진,2019Q1,0,0,0,2010,0,,,,0,,,,,,,0,,,,0.0,,0,,
134780,화진,2019Q2,0,0,0,2010,0,0.0,0.0,,0,,,,,,,0,,,,0.0,,0,,
134780,화진,2019Q3,0,0,0,2010,0,0.0,0.0,,0,,,,,,,0,,,,0.0,,0,,
134780,화진,2019Q4,0,0,0,2010,0,0.0,0.0,,0,,,0.0,2010.0,,0.0,0,,,,0.0,0.0,0,0.0,
134780,화진,2020Q1,0,0,0,2010,0,0.0,0.0,0.0,0,0.0,,0.0,2010.0,,0.0,0,0.0,,,0.0,0.0,0,0.0,
134780,화진,2020Q2,0,905,0,380,25298473,-0.8109452736318408,-1.66571874833269,-0.8109452736318408,1,0.4054726368159204,,-0.8109452736318408,1602.5,,-0.7628705148205928,0,-0.8109452736318408,1.5,4.0,2.3815789473684212,1.0,1,1.0,
134780,화진,2020Q3,300,301,211,211,3199826,-0.4447368421052632,-0.5883131192443649,-0.8950248756218906,1,0.39210487610930506,,-0.8950248756218906,1152.75,,-0.816959444805899,0,-0.8950248756218906,-0.32145123754387844,0.4491251916474032,0.4265402843601896,2.0,2,2.0,
