stock_code,Name,quarter,Open,High,Low,Close,Volume_sum,ret_1q,logret_1q,cumret_4q,down_gap_q,vol_4q,vol_8q,max_drawdown_4q,ma4,ma8,ma4_ratio,ma_cross_4_8,mom_4q,vol_z_4q,vol_drop_ratio_4q,intraquarter_range,crash_count_4q,down_streak_1q,down_streak_4q_max,vol_mean_decline_q
140430,카티스,2024Q2,3057,3361,1377,1832,535392949,,,,0,,,,,,,0,,,,1.0829694323144106,,0,,
140430,카티스,2024Q3,1850,2036,1182,1219,277834539,-0.33460698689956336,-0.40737741575280406,,1,,,,,,,0,,,,0.7005742411812962,,1,,
140430,카티스,2024Q4,1209,1509,689,846,172487377,-0.30598851517637404,-0.36526676987504825,,1,,,,,,,0,,,,0.9692671394799054,,2,,
140430,카티스,2025Q1,826,977,628,633,24426616,-0.25177304964539005,-0.2900489374620472,,1,,,-0.6544759825327511,1132.5,,-0.4410596026490067,0,,-1.0593879484368598,0.0967255239367801,0.5513428120063191,3.0,3,3.0,
140430,카티스,2025Q2,634,1645,607,919,143910307,0.45181674565560814,0.3728157002115111,-0.4983624454148472,0,0.3762079982436442,,-0.24610336341263328,904.25,,0.01631186065800394,0,-0.4983624454148472,-0.10322008943482183,0.9304663438260518,1.1294885745375407,3.0,0,3.0,
140430,카티스,2025Q3,919,1003,753,780,16794398,-0.15125136017410223,-0.16399220267204928,-0.3601312551271534,1,0.34999834137231567,,-0.15125136017410223,794.5,,-0.018250471994965434,0,-0.3601312551271534,-0.9036834574432173,0.18784697885120089,0.32051282051282054,3.0,1,3.0,
140430,카티스,2025Q4,780,2065,662,861,387119955,0.10384615384615392,0.09880058474409292,0.01773049645390068,0,0.3137750843479017,,-0.06311207834602828,798.25,,0.07860945818979026,0,0.01773049645390068,1.4123413030406595,2.7059438483453904,1.6295005807200929,2.0,0,3.0,
