stock_code,Name,quarter,Open,High,Low,Close,Volume_sum,ret_1q,logret_1q,cumret_4q,down_gap_q,vol_4q,vol_8q,max_drawdown_4q,ma4,ma8,ma4_ratio,ma_cross_4_8,mom_4q,vol_z_4q,vol_drop_ratio_4q,intraquarter_range,crash_count_4q,down_streak_1q,down_streak_4q_max,vol_mean_decline_q
145170,노브랜드,2024Q2,16193,35416,11622,12876,191881809,,,,0,,,,,,,0,,,,1.8479341410375894,,0,,
145170,노브랜드,2024Q3,13006,13790,6382,7887,58180568,-0.38746505125815467,-0.4901492790207076,,1,,,,,,,0,,,,0.9392671484721694,,1,,
145170,노브랜드,2024Q4,7824,11177,6111,7480,88159817,-0.051603905160390484,-0.052983042429467275,,0,,,,,,,0,,,,0.6772727272727272,,2,,
145170,노브랜드,2025Q1,7500,8900,5520,5570,20255442,-0.2553475935828877,-0.29483773804719426,,1,,,-0.567412239826033,8453.25,,-0.3410818324313134,0,,-0.9421956553758738,0.22601624163801393,0.6068222621184919,2.0,3,3.0,
145170,노브랜드,2025Q2,5590,5750,4785,5320,2948380,-0.044883303411131115,-0.04592175058563974,-0.5868282075178626,0,0.16670129486999055,,-0.3254722961835933,6564.25,,-0.18954945347907226,0,-0.5868282075178627,-1.0309785240633915,0.06956014722461146,0.18139097744360902,2.0,4,4.0,
145170,노브랜드,2025Q3,5210,6140,4550,5210,13339698,-0.020676691729323293,-0.020893447588276715,-0.3394192975782935,0,0.10895899811927232,,-0.303475935828877,5895.0,,-0.11620016963528412,0,-0.33941929757829337,-0.4614845450694515,0.4278858391736542,0.30518234165067176,1.0,5,5.0,
145170,노브랜드,2025Q4,5240,5290,3920,3980,2792796,-0.236084452975048,-0.26929803646893014,-0.4679144385026738,1,0.12358568601342833,,-0.2854578096947935,5020.0,,-0.2071713147410359,0,-0.4679144385026738,-0.8262226146436309,0.2839916173136295,0.3442211055276382,2.0,6,6.0,
