stock_code,Name,quarter,Open,High,Low,Close,Volume_sum,ret_1q,logret_1q,cumret_4q,down_gap_q,vol_4q,vol_8q,max_drawdown_4q,ma4,ma8,ma4_ratio,ma_cross_4_8,mom_4q,vol_z_4q,vol_drop_ratio_4q,intraquarter_range,crash_count_4q,down_streak_1q,down_streak_4q_max,vol_mean_decline_q
152330,코리아오토글라스,2019Q1,12450,16400,12150,16100,7617736,,,,0,,,,,,,0,,,,0.2639751552795031,,0,,
152330,코리아오토글라스,2019Q2,16100,21950,15750,21500,6281174,0.3354037267080745,0.2892336631431984,,0,,,,,,,0,,,,0.28837209302325584,,0,,
152330,코리아오토글라스,2019Q3,21500,21500,16000,16900,4348373,-0.21395348837209305,-0.24073931320458897,,1,,,,,,,0,,,,0.3254437869822485,,1,,
152330,코리아오토글라스,2019Q4,17100,17700,15200,16150,2466988,-0.044378698224852076,-0.04539357226036245,,0,,,-0.24883720930232556,17662.5,,-0.08563340410474174,0,,-1.204366879447883,0.47638422805224473,0.15479876160990713,1.0,2,2.0,
152330,코리아오토글라스,2020Q1,16100,16550,8850,12500,4160245,-0.22600619195046434,-0.2561914053604095,-0.22360248447204967,1,0.2618998791540441,,-0.41860465116279066,16762.5,,-0.25428784489187173,0,-0.22360248447204967,-0.09865044201182714,0.9643154748452493,0.616,2.0,3,3.0,
152330,코리아오토글라스,2020Q2,12400,14500,11800,13450,3074602,0.07600000000000007,0.07325046173959215,-0.3744186046511627,0,0.1448163261905555,,-0.20414201183431957,14750.0,,-0.08813559322033904,0,-0.37441860465116283,-0.48932632581228,0.8753185717962325,0.20074349442379183,2.0,0,3.0,
152330,코리아오토글라스,2020Q3,13500,16150,13300,13850,4923957,0.029739776951672958,0.02930612658549947,-0.1804733727810649,0,0.1328303663350507,,-0.14241486068111453,13987.5,,-0.009830205540661274,0,-0.18047337278106512,1.154868687396626,1.3466503557550935,0.20577617328519857,1.0,0,3.0,
152330,코리아오토글라스,2020Q4,13900,16800,0,16550,4963917,0.19494584837545137,0.17810086918972523,0.024767801857585425,0,0.17734042826303043,,0.0,14087.5,15875.0,0.17480035492457846,1,0.024767801857585203,0.7720071267380093,1.1596093868492046,1.0151057401812689,1.0,0,3.0,-0.0949216576201406
