stock_code,Name,quarter,Open,High,Low,Close,Volume_sum,ret_1q,logret_1q,cumret_4q,down_gap_q,vol_4q,vol_8q,max_drawdown_4q,ma4,ma8,ma4_ratio,ma_cross_4_8,mom_4q,vol_z_4q,vol_drop_ratio_4q,intraquarter_range,crash_count_4q,down_streak_1q,down_streak_4q_max,vol_mean_decline_q
159650,하이골드8호,2019Q1,1140,1755,1120,1605,4555495,,,,0,,,,,,,0,,,,0.3956386292834891,,0,,
159650,하이골드8호,2019Q2,1675,1960,1550,1815,2294007,0.13084112149532712,0.12296171113483467,,0,,,,,,,0,,,,0.22589531680440772,,0,,
159650,하이골드8호,2019Q3,1830,2150,1685,1875,2384046,0.03305785123966931,0.03252319170556017,,0,,,,,,,0,,,,0.248,,0,,
159650,하이골드8호,2019Q4,1900,2200,1865,2150,3295479,0.14666666666666672,0.13685918271719721,,0,,,0.0,1861.25,,0.15513767629281405,0,,0.1552801241430171,1.052110111982359,0.1558139534883721,0.0,0,0.0,
159650,하이골드8호,2020Q1,2160,2160,0,2015,1793394,-0.06279069767441858,-0.06484864674092528,0.25545171339563866,0,0.09715605658133303,,-0.06279069767441858,1963.75,,0.026098026734564073,0,0.25545171339563866,-1.0362346304421528,0.7344763337000813,1.0719602977667493,0.0,1,1.0,
159650,하이골드8호,2020Q2,0,1945,0,1940,2267360,-0.037220843672456594,-0.03793122232340895,0.06887052341597788,0,0.0937078009912242,,-0.0976744186046512,1995.0,,-0.027568922305764465,0,0.06887052341597788,-0.26709552820404847,0.9311273321842218,1.0025773195876289,0.0,2,2.0,
