stock_code,Name,quarter,Open,High,Low,Close,Volume_sum,ret_1q,logret_1q,cumret_4q,down_gap_q,vol_4q,vol_8q,max_drawdown_4q,ma4,ma8,ma4_ratio,ma_cross_4_8,mom_4q,vol_z_4q,vol_drop_ratio_4q,intraquarter_range,crash_count_4q,down_streak_1q,down_streak_4q_max,vol_mean_decline_q
160190,하이젠알앤엠,2024Q2,18000,21300,13780,15850,73025441,,,,0,,,,,,,0,,,,0.4744479495268139,,0,,
160190,하이젠알앤엠,2024Q3,15390,17430,8440,9560,145017339,-0.39684542586750793,-0.5055817732599799,,1,,,,,,,0,,,,0.9403765690376569,,1,,
160190,하이젠알앤엠,2024Q4,9260,13600,6810,13400,94953412,0.40167364016736395,0.3376669798935552,,0,,,,,,,0,,,,0.5067164179104477,,0,,
160190,하이젠알앤엠,2025Q1,15410,50900,0,29400,67308757,1.1940298507462686,0.7857399673877712,,0,,,0.0,17052.5,,0.7240873772174168,0,,-0.7852364522354535,0.7079451074931975,1.7312925170068028,1.0,0,1.0,
160190,하이젠알앤엠,2025Q2,30150,47450,24500,38450,15827828,0.30782312925170063,0.26836402160701667,1.4258675078864345,0,0.6510935194732141,,0.0,22702.5,,0.6936460742209007,0,1.4258675078864353,-1.2041655795291653,0.1959451394195519,0.5968790637191157,1.0,0,1.0,
160190,하이젠알앤엠,2025Q3,38900,50600,27950,43450,21783648,0.13003901170351106,0.1222521557597478,3.5449790794979075,0,0.4707677864814951,,0.0,31175.0,,0.3937449879711308,0,3.5449790794979084,-0.745821971739189,0.4359483812885886,0.5212888377445339,0.0,0,0.0,
160190,하이젠알앤엠,2025Q4,43250,70000,40700,59500,26043651,0.36939010356731883,0.31436546084018424,3.4402985074626864,0,0.4734761698835882,,0.0,42700.0,,0.39344262295081966,0,3.4402985074626864,-0.2859298688847981,0.7954452847473583,0.492436974789916,0.0,0,0.0,
