stock_code,Name,quarter,Open,High,Low,Close,Volume_sum,ret_1q,logret_1q,cumret_4q,down_gap_q,vol_4q,vol_8q,max_drawdown_4q,ma4,ma8,ma4_ratio,ma_cross_4_8,mom_4q,vol_z_4q,vol_drop_ratio_4q,intraquarter_range,crash_count_4q,down_streak_1q,down_streak_4q_max,vol_mean_decline_q
163280,에어레인,2024Q4,16450,19420,8670,13300,73336774,,,,0,,,,,,,0,,,,0.8082706766917294,,0,,
163280,에어레인,2025Q1,12920,20100,12020,16130,73549470,0.21278195488721807,0.19291685690940952,,0,,,,,,,0,,,,0.5009299442033478,,0,,
163280,에어레인,2025Q2,16140,25050,14750,18690,88064216,0.15871047737135768,0.14730772933035396,,0,,,,,,,0,,,,0.5510968432316747,,0,,
163280,에어레인,2025Q3,18770,20100,14500,15120,3887028,-0.1910112359550562,-0.21197025071608522,,1,,,-0.1910112359550562,15810.0,,-0.0436432637571158,0,,-1.4749134316026224,0.06509912715209934,0.37037037037037035,1.0,1,1.0,
163280,에어레인,2025Q4,15030,19110,12400,12950,4413797,-0.1435185185185185,-0.15492258260584002,-0.02631578947368418,1,0.20591784242316916,,-0.30711610486891383,15722.5,,-0.1763396406423915,0,-0.02631578947368418,-0.8524574771678725,0.10390629909178269,0.5181467181467182,2.0,2,2.0,
