stock_code,Name,quarter,Open,High,Low,Close,Volume_sum,ret_1q,logret_1q,cumret_4q,down_gap_q,vol_4q,vol_8q,max_drawdown_4q,ma4,ma8,ma4_ratio,ma_cross_4_8,mom_4q,vol_z_4q,vol_drop_ratio_4q,intraquarter_range,crash_count_4q,down_streak_1q,down_streak_4q_max,vol_mean_decline_q
177900,쓰리에이로직스,2024Q4,14060,14910,7630,7690,30352318,,,,0,,,,,,,0,,,,0.9466840052015605,,0,,
177900,쓰리에이로직스,2025Q1,7690,11300,5740,8680,169497858,0.12873862158647587,0.12110074515470615,,0,,,,,,,0,,,,0.6405529953917051,,0,,
177900,쓰리에이로직스,2025Q2,8670,9810,6760,7070,25094627,-0.18548387096774188,-0.2051610487637774,,1,,,,,,,0,,,,0.4314002828854314,,1,,
177900,쓰리에이로직스,2025Q3,7070,9100,6460,6890,40976771,-0.02545968882602545,-0.025789394882915317,,0,,,-0.20622119815668205,7582.5,,-0.09132871744147708,0,,-0.36964292192016746,0.6163737734193766,0.38316400580551524,1.0,2,2.0,
177900,쓰리에이로직스,2025Q4,6960,7950,5430,6370,23207922,-0.07547169811320753,-0.0784716154414955,-0.17165149544863456,0,0.13052023040897553,,-0.2661290322580645,7252.5,,-0.12168217855911756,0,-0.17165149544863456,-0.589948510171948,0.35873212899786705,0.3956043956043956,1.0,3,3.0,
