stock_code,Name,quarter,Open,High,Low,Close,Volume_sum,ret_1q,logret_1q,cumret_4q,down_gap_q,vol_4q,vol_8q,max_drawdown_4q,ma4,ma8,ma4_ratio,ma_cross_4_8,mom_4q,vol_z_4q,vol_drop_ratio_4q,intraquarter_range,crash_count_4q,down_streak_1q,down_streak_4q_max,vol_mean_decline_q
183350,LPK로보틱스,2019Q1,2975,3200,0,1400,32064,,,,0,,,,,,,0,,,,2.2857142857142856,,0,,
183350,LPK로보틱스,2019Q2,0,0,0,1400,0,0.0,0.0,,0,,,,,,,0,,,,0.0,,0,,
183350,LPK로보틱스,2019Q3,0,0,0,1400,0,0.0,0.0,,0,,,,,,,0,,,,0.0,,0,,
183350,LPK로보틱스,2019Q4,0,0,0,1400,0,0.0,0.0,,0,,,0.0,1400.0,,0.0,0,,-0.5,0.0,0.0,0.0,0,0.0,
183350,LPK로보틱스,2020Q1,0,0,0,1400,0,0.0,0.0,0.0,0,0.0,,0.0,1400.0,,0.0,0,0.0,,,0.0,0.0,0,0.0,
183350,LPK로보틱스,2020Q2,0,2195,0,750,1686894,-0.4642857142857143,-0.6241543090729937,-0.4642857142857143,1,0.23214285714285712,,-0.4642857142857143,1237.5,,-0.3939393939393939,0,-0.4642857142857143,1.5,4.0,2.9266666666666667,1.0,1,1.0,
