stock_code,Name,quarter,Open,High,Low,Close,Volume_sum,ret_1q,logret_1q,cumret_4q,down_gap_q,vol_4q,vol_8q,max_drawdown_4q,ma4,ma8,ma4_ratio,ma_cross_4_8,mom_4q,vol_z_4q,vol_drop_ratio_4q,intraquarter_range,crash_count_4q,down_streak_1q,down_streak_4q_max,vol_mean_decline_q
188040,바이오포트,2025Q2,17210,21500,10630,16780,18365936,,,,0,,,,,,,0,,,,0.6477949940405244,,0,,
188040,바이오포트,2025Q3,16620,19150,11150,11160,6161944,-0.33492252681764,-0.407851744085896,,1,,,,,,,0,,,,0.7168458781362007,,1,,
188040,바이오포트,2025Q4,11200,11280,7520,8050,3387165,-0.2786738351254481,-0.32666386552269167,,1,,,,,,,0,,,,0.4670807453416149,,2,,
