stock_code,Name,quarter,Open,High,Low,Close,Volume_sum,ret_1q,logret_1q,cumret_4q,down_gap_q,vol_4q,vol_8q,max_drawdown_4q,ma4,ma8,ma4_ratio,ma_cross_4_8,mom_4q,vol_z_4q,vol_drop_ratio_4q,intraquarter_range,crash_count_4q,down_streak_1q,down_streak_4q_max,vol_mean_decline_q
188260,세니젠,2023Q4,7720,9910,4025,4150,60350396,,,,0,,,,,,,0,,,,1.4180722891566264,,0,,
188260,세니젠,2024Q1,4215,4600,3575,3820,2963565,-0.07951807228915664,-0.08285791162412437,,0,,,,,,,0,,,,0.2683246073298429,,1,,
188260,세니젠,2024Q2,3805,3960,2880,2980,861165,-0.2198952879581152,-0.2483271221011698,,1,,,,,,,0,,,,0.3624161073825503,,2,,
188260,세니젠,2024Q3,2980,5700,2525,3175,76209034,0.06543624161073835,0.06338433182734171,,0,,,-0.2349397590361446,3531.25,,-0.10088495575221235,0,,1.0577105369153559,2.1714425331176965,1.0,1.0,0,2.0,
188260,세니젠,2024Q4,3190,4415,2200,2555,14182973,-0.19527559055118116,-0.2172554086889873,-0.38433734939759034,1,0.1304186175126967,,-0.331151832460733,3132.5,,-0.1843575418994413,0,-0.38433734939759034,-0.26333257667180704,0.6021423985422039,0.8669275929549902,2.0,1,2.0,
188260,세니젠,2025Q1,2560,4705,2365,2385,11012932,-0.06653620352250489,-0.06885309931536288,-0.3756544502617801,0,0.13149791998406613,,-0.2488188976377953,2773.75,,-0.14015322217214965,0,-0.3756544502617801,-0.42509018403630827,0.4307559032462995,0.9811320754716981,2.0,2,2.0,
188260,세니젠,2025Q2,2570,2915,2290,2565,3232593,0.07547169811320753,0.07275935428242786,-0.13926174496644284,0,0.12764934531412608,,-0.19212598425196847,2670.0,,-0.0393258426966292,0,-0.13926174496644295,-0.6806814212855875,0.12357298335362114,0.24366471734892786,1.0,0,2.0,
188260,세니젠,2025Q3,2565,2860,2250,2285,2539241,-0.10916179337231968,-0.11559245427656517,-0.28031496062992134,1,0.11305095509376817,,-0.10916179337231968,2447.5,2989.375,-0.06639427987742597,1,-0.28031496062992123,-0.9029924422457896,0.3279853269236091,0.26695842450765866,2.0,1,2.0,-0.6385480501736371
188260,세니젠,2025Q4,2330,2720,1922,1923,2115114,-0.15842450765864335,-0.17247955773952484,-0.2473581213307242,1,0.10068532735934373,0.11024503809422208,-0.2502923976608187,2289.5,2711.0,-0.16007861978597948,1,-0.2473581213307241,-0.618859400715749,0.4476460168001067,0.41497659906396256,2.0,2,2.0,-0.6658337121238341
