stock_code,Name,quarter,Open,High,Low,Close,Volume_sum,ret_1q,logret_1q,cumret_4q,down_gap_q,vol_4q,vol_8q,max_drawdown_4q,ma4,ma8,ma4_ratio,ma_cross_4_8,mom_4q,vol_z_4q,vol_drop_ratio_4q,intraquarter_range,crash_count_4q,down_streak_1q,down_streak_4q_max,vol_mean_decline_q
189540,씨티네트웍스,2019Q1,688,1395,620,850,55609,,,,0,,,,,,,0,,,,0.9117647058823529,,0,,
189540,씨티네트웍스,2019Q2,801,2990,0,2630,564122,2.0941176470588236,1.129502775687448,,0,,,,,,,0,,,,1.1368821292775666,,0,,
189540,씨티네트웍스,2019Q3,2630,5600,2125,4955,909570,0.8840304182509506,0.6334133215922773,,0,,,,,,,0,,,,0.7013118062563067,,0,,
189540,씨티네트웍스,2019Q4,5240,5240,2750,3100,261652,-0.37436932391523714,-0.4689950562908507,,1,,,-0.37436932391523714,2883.75,,0.0749891634156914,0,,-0.5001865651826397,0.5843860782499597,0.8032258064516129,1.0,1,1.0,
189540,씨티네트웍스,2020Q1,3400,4370,0,1695,62501,-0.4532258064516129,-0.6037193706586867,0.9941176470588236,1,1.2050152199510034,,-0.6579212916246215,3095.0,,-0.45234248788368336,0,0.9941176470588236,-1.0469126165788734,0.1390575939527601,2.578171091445428,2.0,2,2.0,
189540,씨티네트웍스,2020Q2,0,104,0,70,1608289,-0.9587020648967551,-3.186942777765191,-0.973384030418251,1,0.7837227651254235,,-0.9858728557013118,2455.0,,-0.9714867617107943,0,-0.973384030418251,1.283852891257364,2.263592131208454,1.4857142857142858,3.0,3,3.0,
