stock_code,Name,quarter,Open,High,Low,Close,Volume_sum,ret_1q,logret_1q,cumret_4q,down_gap_q,vol_4q,vol_8q,max_drawdown_4q,ma4,ma8,ma4_ratio,ma_cross_4_8,mom_4q,vol_z_4q,vol_drop_ratio_4q,intraquarter_range,crash_count_4q,down_streak_1q,down_streak_4q_max,vol_mean_decline_q
194510,파티게임즈,2019Q1,0,0,0,536,0,,,,0,,,,,,,0,,,,0.0,,0,,
194510,파티게임즈,2019Q2,0,0,0,536,0,0.0,0.0,,0,,,,,,,0,,,,0.0,,0,,
194510,파티게임즈,2019Q3,0,0,0,536,0,0.0,0.0,,0,,,,,,,0,,,,0.0,,0,,
194510,파티게임즈,2019Q4,0,0,0,536,0,0.0,0.0,,0,,,0.0,536.0,,0.0,0,,,,0.0,0.0,0,0.0,
194510,파티게임즈,2020Q1,0,0,0,536,0,0.0,0.0,0.0,0,0.0,,0.0,536.0,,0.0,0,0.0,,,0.0,0.0,0,0.0,
194510,파티게임즈,2020Q2,0,0,0,536,0,0.0,0.0,0.0,0,0.0,,0.0,536.0,,0.0,0,0.0,,,0.0,0.0,0,0.0,
194510,파티게임즈,2020Q3,0,610,0,250,15382692,-0.5335820895522387,-0.7626732432085559,-0.5335820895522387,1,0.26679104477611937,,-0.5335820895522387,464.5,,-0.46178686759956944,0,-0.5335820895522387,1.5,4.0,2.44,1.0,1,1.0,
