stock_code,Name,quarter,Open,High,Low,Close,Volume_sum,ret_1q,logret_1q,cumret_4q,down_gap_q,vol_4q,vol_8q,max_drawdown_4q,ma4,ma8,ma4_ratio,ma_cross_4_8,mom_4q,vol_z_4q,vol_drop_ratio_4q,intraquarter_range,crash_count_4q,down_streak_1q,down_streak_4q_max,vol_mean_decline_q
197210,리드,2019Q1,11400,11650,0,4375,64915732,,,,0,,,,,,,0,,,,2.662857142857143,,0,,
197210,리드,2019Q2,4300,7330,4170,4800,33018557,0.0971428571428572,0.09270939810426704,,0,,,,,,,0,,,,0.6583333333333333,,0,,
197210,리드,2019Q3,4860,7020,940,970,189666356,-0.7979166666666666,-1.5990751253985538,,1,,,,,,,0,,,,6.268041237113402,,1,,
197210,리드,2019Q4,999,1250,0,753,89137980,-0.22371134020618555,-0.25323084369753524,,1,,,-0.843125,2724.5,,-0.7236190126628739,0,,-0.074570966800714,0.9464172143219984,1.6600265604249669,2.0,2,2.0,
197210,리드,2020Q1,0,0,0,753,0,0.0,0.0,-0.8278857142857142,0,0.4010346233420696,,-0.843125,1819.0,,-0.5860362836723474,0,-0.8278857142857143,-0.9384595776182514,0.0,0.0,2.0,0,2.0,
197210,리드,2020Q2,0,338,0,38,145347809,-0.949535192563081,-2.986479068073508,-0.9920833333333333,1,0.4534915518854691,,-0.9608247422680413,628.5,,-0.939538583929992,0,-0.9920833333333333,0.4806204937480563,1.3707138885269576,8.894736842105264,3.0,1,2.0,
