stock_code,Name,quarter,Open,High,Low,Close,Volume_sum,ret_1q,logret_1q,cumret_4q,down_gap_q,vol_4q,vol_8q,max_drawdown_4q,ma4,ma8,ma4_ratio,ma_cross_4_8,mom_4q,vol_z_4q,vol_drop_ratio_4q,intraquarter_range,crash_count_4q,down_streak_1q,down_streak_4q_max,vol_mean_decline_q
199480,뱅크웨어글로벌,2024Q3,15990,19800,6760,9230,131721103,,,,0,,,,,,,0,,,,1.4127843986998916,,0,,
199480,뱅크웨어글로벌,2024Q4,8970,11500,4100,6490,120369576,-0.2968580715059588,-0.3521965177987614,,1,,,,,,,0,,,,1.140215716486903,,1,,
199480,뱅크웨어글로벌,2025Q1,6600,7430,4275,4395,62134918,-0.3228043143297381,-0.389794999578859,,1,,,,,,,0,,,,0.7178612059158134,,2,,
199480,뱅크웨어글로벌,2025Q2,4405,8480,3970,6000,37603896,0.3651877133105803,0.31129193809091404,,0,,,-0.3499458288190682,6528.75,,-0.0809879379666858,0,,-1.1104905217496732,0.4275240904832273,0.7516666666666667,2.0,0,2.0,
199480,뱅크웨어글로벌,2025Q3,6100,10710,5700,7720,105081289,0.2866666666666666,0.2520548948086301,-0.16359696641386778,0,0.36860462222514034,,0.0,6151.25,,0.25502946555578143,0,-0.16359696641386778,0.6232616979203485,1.2925538021149805,0.6489637305699482,2.0,0,2.0,
199480,뱅크웨어글로벌,2025Q4,7700,7830,5200,5270,9582663,-0.3173575129533679,-0.38178400148341396,-0.1879815100154083,1,0.3743545917805299,,-0.3173575129533679,5846.25,,-0.0985674577720761,0,-0.1879815100154083,-1.0873269058661237,0.17877871967379377,0.4990512333965844,2.0,1,2.0,
