stock_code,Name,quarter,Open,High,Low,Close,Volume_sum,ret_1q,logret_1q,cumret_4q,down_gap_q,vol_4q,vol_8q,max_drawdown_4q,ma4,ma8,ma4_ratio,ma_cross_4_8,mom_4q,vol_z_4q,vol_drop_ratio_4q,intraquarter_range,crash_count_4q,down_streak_1q,down_streak_4q_max,vol_mean_decline_q
199430,케이엔알시스템,2024Q1,37000,38300,20500,26000,74496602,,,,0,,,,,,,0,,,,0.6846153846153846,,0,,
199430,케이엔알시스템,2024Q2,25200,27000,10540,10600,27240711,-0.5923076923076923,-0.8972425369034607,,1,,,,,,,0,,,,1.5528301886792453,,1,,
199430,케이엔알시스템,2024Q3,10630,11360,6100,9030,11571094,-0.14811320754716983,-0.16030163368912653,,1,,,,,,,0,,,,0.5825027685492802,,2,,
199430,케이엔알시스템,2024Q4,9000,9510,5350,6800,4339891,-0.24695459579180512,-0.2836297552468334,,1,,,-0.7384615384615385,13107.5,,-0.48121304596604997,0,,-0.7949422698053183,0.14755473980592562,0.611764705882353,3.0,3,3.0,
199430,케이엔알시스템,2025Q1,7270,13050,7070,7340,42345984,0.07941176470588229,0.07641623044436407,-0.7176923076923076,0,0.2792604466546081,,-0.3075471698113208,8442.5,,-0.13058928042641393,0,-0.7176923076923076,1.2382717019756784,1.9811524242529155,0.8147138964577657,3.0,0,3.0,
199430,케이엔알시스템,2025Q2,7300,11150,6190,9870,18237751,0.34468664850136244,0.29616101081896495,-0.06886792452830193,0,0.2632036692905819,,0.0,8260.0,,0.19491525423728806,0,-0.06886792452830193,-0.053728456583437764,0.9536737176108364,0.502532928064843,2.0,0,3.0,
199430,케이엔알시스템,2025Q3,10190,15900,9000,14920,62200529,0.5116514690982776,0.4132027413302257,0.6522702104097453,0,0.3313000531044556,,0.0,9732.5,,0.5330079630105318,0,0.6522702104097453,1.1860552544424394,1.9571584644948083,0.4624664879356568,1.0,0,3.0,
199430,케이엔알시스템,2025Q4,14920,35900,13470,27100,59069214,0.8163538873994638,0.5968311331100402,2.9852941176470584,0,0.3086903002351712,,0.0,14807.5,13957.5,0.8301536383589396,0,2.985294117647059,0.6757451436418077,1.2992704819206153,0.8276752767527675,0.0,0,0.0,0.214373286387457
