stock_code,Name,quarter,Open,High,Low,Close,Volume_sum,ret_1q,logret_1q,cumret_4q,down_gap_q,vol_4q,vol_8q,max_drawdown_4q,ma4,ma8,ma4_ratio,ma_cross_4_8,mom_4q,vol_z_4q,vol_drop_ratio_4q,intraquarter_range,crash_count_4q,down_streak_1q,down_streak_4q_max,vol_mean_decline_q
199550,레이저옵텍,2024Q1,16955,19168,9089,9278,101204921,,,,0,,,,,,,0,,,,1.086333261478767,,0,,
199550,레이저옵텍,2024Q2,9334,10775,7309,9654,32162819,0.040525975425738325,0.03972633090874922,,0,,,,,,,0,,,,0.3590221669774187,,0,,
199550,레이저옵텍,2024Q3,9636,10530,6782,7450,9233373,-0.22829915061114558,-0.25915830484683333,,1,,,,,,,0,,,,0.5030872483221477,,1,,
199550,레이저옵텍,2024Q4,7450,7544,4389,5011,6913444,-0.3273825503355705,-0.3965785364138803,,1,,,-0.4809405427801947,7848.25,,-0.3615137132481764,0,,-0.6916003922263797,0.18495708080116907,0.6296148473358611,2.0,2,2.0,
199550,레이저옵텍,2025Q1,5020,10775,5020,9777,124540030,0.9511075633606068,0.668397192545946,0.05378314291873254,0,0.5825330568505716,,0.0,7973.0,,0.22626363978427189,0,0.05378314291873254,1.467928937868278,2.8820427110342233,0.588626368006546,2.0,0,2.0,
199550,레이저옵텍,2025Q2,9777,11821,7158,7629,42237674,-0.2196992942620436,-0.2480759134154411,-0.20975761342448718,1,0.6067545513430114,,-0.2196992942620436,7466.75,,0.02172966819566735,0,-0.2097576134244873,-0.0635631193498246,0.9236087927216713,0.6112203434263993,3.0,1,2.0,
199550,레이저옵텍,2025Q3,7723,8242,6009,6603,10645280,-0.13448682658277622,-0.14443268389565844,-0.11369127516778521,1,0.5944119262402924,,-0.324639459957042,7255.0,,-0.08986905582356997,0,-0.11369127516778521,-0.6484504494420862,0.23099677292217033,0.3381796153263668,3.0,2,2.0,
199550,레이저옵텍,2025Q4,6555,7036,5114,5180,3219725,-0.21550810237770712,-0.2427190349410413,0.03372580323288776,1,0.5718492784195602,,-0.4701851283624834,7297.25,7572.75,-0.290143547226695,1,0.03372580323288754,-0.7549076901971172,0.07129487855499332,0.37104247104247107,3.0,3,3.0,0.09428280157856661
