stock_code,Name,quarter,Open,High,Low,Close,Volume_sum,ret_1q,logret_1q,cumret_4q,down_gap_q,vol_4q,vol_8q,max_drawdown_4q,ma4,ma8,ma4_ratio,ma_cross_4_8,mom_4q,vol_z_4q,vol_drop_ratio_4q,intraquarter_range,crash_count_4q,down_streak_1q,down_streak_4q_max,vol_mean_decline_q
204990,코썬바이오,2019Q1,2270,3245,2080,2180,47656230,,,,0,,,,,,,0,,,,0.5344036697247706,,0,,
204990,코썬바이오,2019Q2,2215,2690,1735,2025,10752388,-0.07110091743119262,-0.0737551762424955,,0,,,,,,,0,,,,0.47160493827160493,,1,,
204990,코썬바이오,2019Q3,2085,4870,1260,2660,146236660,0.3135802469135802,0.27275642223510577,,0,,,,,,,0,,,,1.3571428571428572,,0,,
204990,코썬바이오,2019Q4,2710,2825,0,1060,131357650,-0.6015037593984962,-0.9200572146696322,,1,,,-0.6015037593984962,1981.25,,-0.4649842271293375,0,,0.7249386020656193,1.5637679204985975,2.6650943396226414,1.0,1,1.0,
204990,코썬바이오,2020Q1,1050,1450,0,1225,28171896,0.1556603773584906,0.1446719358727142,-0.4380733944954128,0,0.3996188195833985,,-0.5394736842105263,1742.5,,-0.296987087517934,0,-0.4380733944954128,-0.7328888503430834,0.3560220035603975,1.183673469387755,1.0,0,1.0,
204990,코썬바이오,2020Q2,0,0,0,1225,0,0.0,0.0,-0.3950617283950617,0,0.3999983802783564,,-0.5394736842105263,1542.5,,-0.20583468395461912,0,-0.3950617283950617,-1.04474876775001,0.0,0.0,1.0,0,1.0,
204990,코썬바이오,2020Q3,0,170,0,18,199993248,-0.9853061224489796,-4.2203243650826625,-0.9932330827067669,1,0.5306655740783104,,-0.9853061224489796,882.0,,-0.9795918367346939,0,-0.9932330827067669,1.1889506239039966,2.2250967264122896,9.444444444444445,2.0,1,1.0,
