stock_code,Name,quarter,Open,High,Low,Close,Volume_sum,ret_1q,logret_1q,cumret_4q,down_gap_q,vol_4q,vol_8q,max_drawdown_4q,ma4,ma8,ma4_ratio,ma_cross_4_8,mom_4q,vol_z_4q,vol_drop_ratio_4q,intraquarter_range,crash_count_4q,down_streak_1q,down_streak_4q_max,vol_mean_decline_q
205290,케미메디,2019Q1,2585,2845,0,2480,218540,,,,0,,,,,,,0,,,,1.1471774193548387,,0,,
205290,케미메디,2019Q2,0,0,0,2480,0,0.0,0.0,,0,,,,,,,0,,,,0.0,,0,,
205290,케미메디,2019Q3,0,0,0,2480,0,0.0,0.0,,0,,,,,,,0,,,,0.0,,0,,
205290,케미메디,2019Q4,0,0,0,2480,0,0.0,0.0,,0,,,0.0,2480.0,,0.0,0,,-0.5,0.0,0.0,0.0,0,0.0,
205290,케미메디,2020Q1,0,0,0,2480,0,0.0,0.0,0.0,0,0.0,,0.0,2480.0,,0.0,0,0.0,,,0.0,0.0,0,0.0,
205290,케미메디,2020Q2,0,200,0,130,1295062,-0.9475806451612904,-2.9484793887034453,-0.9475806451612904,1,0.4737903225806452,,-0.9475806451612904,1892.5,,-0.9313077939233818,0,-0.9475806451612904,1.5,4.0,1.5384615384615385,1.0,1,1.0,
