stock_code,Name,quarter,Open,High,Low,Close,Volume_sum,ret_1q,logret_1q,cumret_4q,down_gap_q,vol_4q,vol_8q,max_drawdown_4q,ma4,ma8,ma4_ratio,ma_cross_4_8,mom_4q,vol_z_4q,vol_drop_ratio_4q,intraquarter_range,crash_count_4q,down_streak_1q,down_streak_4q_max,vol_mean_decline_q
209640,와이제이링크,2024Q4,6380,12000,5060,6175,571134606,,,,0,,,,,,,0,,,,1.1238866396761134,,0,,
209640,와이제이링크,2025Q1,6140,6975,3735,3765,48991980,-0.3902834008097166,-0.4947610212621836,,1,,,,,,,0,,,,0.8605577689243028,,1,,
209640,와이제이링크,2025Q2,3760,4975,3285,3780,50281860,0.003984063745019917,0.003976148379639,,0,,,,,,,0,,,,0.4470899470899471,,0,,
209640,와이제이링크,2025Q3,3780,4615,3100,3130,19732958,-0.17195767195767198,-0.18869100507943415,,1,,,-0.4931174089068826,4212.5,,-0.25697329376854594,0,,-0.5742140898920707,0.11437052108816818,0.4840255591054313,2.0,1,1.0,
209640,와이제이링크,2025Q4,3120,4630,2390,4155,129228733,0.3274760383386581,0.2832794237553493,-0.3271255060728745,0,0.3032227114598432,,0.0,3707.5,,0.12070128118678358,0,-0.3271255060728745,1.4306885713121071,2.08235674368469,0.5391095066185319,2.0,0,1.0,
