stock_code,Name,quarter,Open,High,Low,Close,Volume_sum,ret_1q,logret_1q,cumret_4q,down_gap_q,vol_4q,vol_8q,max_drawdown_4q,ma4,ma8,ma4_ratio,ma_cross_4_8,mom_4q,vol_z_4q,vol_drop_ratio_4q,intraquarter_range,crash_count_4q,down_streak_1q,down_streak_4q_max,vol_mean_decline_q
212710,아이에스티이,2025Q1,14430,24250,10280,10280,161373870,,,,0,,,,,,,0,,,,1.3589494163424125,,0,,
212710,아이에스티이,2025Q2,10410,11870,8350,9400,17952275,-0.08560311284046696,-0.08949057075106204,,0,,,,,,,0,,,,0.37446808510638296,,1,,
212710,아이에스티이,2025Q3,9410,12900,7790,11200,20366765,0.1914893617021276,0.17520408902509033,,0,,,,,,,0,,,,0.45625,,0,,
212710,아이에스티이,2025Q4,11360,15000,7450,8040,27667987,-0.28214285714285714,-0.33148469511017353,,1,,,-0.28214285714285714,9730.0,,-0.17368961973278518,0,,-0.4178722042282186,0.4867677312163314,0.9390547263681592,1.0,1,1.0,
