stock_code,Name,quarter,Open,High,Low,Close,Volume_sum,ret_1q,logret_1q,cumret_4q,down_gap_q,vol_4q,vol_8q,max_drawdown_4q,ma4,ma8,ma4_ratio,ma_cross_4_8,mom_4q,vol_z_4q,vol_drop_ratio_4q,intraquarter_range,crash_count_4q,down_streak_1q,down_streak_4q_max,vol_mean_decline_q
220110,드림티엔터테인먼트,2019Q1,295,1035,0,669,136037,,,,0,,,,,,,0,,,,1.547085201793722,,0,,
220110,드림티엔터테인먼트,2019Q2,0,0,0,669,0,0.0,0.0,,0,,,,,,,0,,,,0.0,,0,,
220110,드림티엔터테인먼트,2019Q3,0,0,0,669,0,0.0,0.0,,0,,,,,,,0,,,,0.0,,0,,
220110,드림티엔터테인먼트,2019Q4,0,0,0,669,0,0.0,0.0,,0,,,0.0,669.0,,0.0,0,,-0.5,0.0,0.0,0.0,0,0.0,
220110,드림티엔터테인먼트,2020Q1,0,0,0,669,0,0.0,0.0,0.0,0,0.0,,0.0,669.0,,0.0,0,0.0,,,0.0,0.0,0,0.0,
220110,드림티엔터테인먼트,2020Q2,3,235,3,4,4334946,-0.9940209267563528,-5.119489699008338,-0.9940209267563528,1,0.4970104633781764,,-0.9940209267563528,502.75,,-0.9920437593237196,0,-0.9940209267563528,1.5,4.0,58.0,1.0,1,1.0,
