stock_code,Name,quarter,Open,High,Low,Close,Volume_sum,ret_1q,logret_1q,cumret_4q,down_gap_q,vol_4q,vol_8q,max_drawdown_4q,ma4,ma8,ma4_ratio,ma_cross_4_8,mom_4q,vol_z_4q,vol_drop_ratio_4q,intraquarter_range,crash_count_4q,down_streak_1q,down_streak_4q_max,vol_mean_decline_q
220250,카이노스메드,2019Q1,14600,18600,13000,16600,875898,,,,0,,,,,,,0,,,,0.3373493975903614,,0,,
220250,카이노스메드,2019Q2,16600,19950,14150,15650,972193,-0.05722891566265065,-0.05893177837633701,,0,,,,,,,0,,,,0.3706070287539936,,1,,
220250,카이노스메드,2019Q3,15500,17200,12300,14300,713270,-0.08626198083067094,-0.09021137972029969,,0,,,,,,,0,,,,0.34265734265734266,,2,,
220250,카이노스메드,2019Q4,15000,16700,0,15900,573720,0.11188811188811187,0.10605957196032456,,0,,,-0.04216867469879515,15612.5,,0.018414731785428406,0,,-1.1924793454715594,0.7320002258314857,1.050314465408805,0.0,0,2.0,
220250,카이노스메드,2020Q1,0,22550,0,13200,1163388,-0.16981132075471694,-0.18610227963386095,-0.20481927710843373,1,0.11822182807983884,,-0.16981132075471694,14762.5,,-0.10584250635055037,0,-0.20481927710843373,1.1686298074011798,1.3596655847314782,1.7083333333333333,1.0,1,2.0,
220250,카이노스메드,2020Q2,13200,20850,0,20200,1013485,0.5303030303030303,0.4254657748148336,0.29073482428115005,0,0.31238092174738785,,0.0,15900.0,,0.270440251572327,0,0.29073482428115005,0.5460611971773183,1.1703522916466385,1.0321782178217822,1.0,0,2.0,
