stock_code,Name,quarter,Open,High,Low,Close,Volume_sum,ret_1q,logret_1q,cumret_4q,down_gap_q,vol_4q,vol_8q,max_drawdown_4q,ma4,ma8,ma4_ratio,ma_cross_4_8,mom_4q,vol_z_4q,vol_drop_ratio_4q,intraquarter_range,crash_count_4q,down_streak_1q,down_streak_4q_max,vol_mean_decline_q
226590,엠디바이스,2025Q1,18000,18500,8110,8200,112080644,,,,0,,,,,,,0,,,,1.2670731707317073,,0,,
226590,엠디바이스,2025Q2,8270,14430,7410,11640,94835378,0.41951219512195115,0.35031328803308526,,0,,,,,,,0,,,,0.6030927835051546,,0,,
226590,엠디바이스,2025Q3,11610,24800,9090,22100,29391472,0.8986254295532645,0.6411301662204139,,0,,,,,,,0,,,,0.7108597285067874,,0,,
226590,엠디바이스,2025Q4,22300,24150,11960,13280,30142982,-0.3990950226244344,-0.5093184644754185,,1,,,-0.3990950226244344,13805.0,,-0.038029699384281024,0,,-0.8456714722351577,0.4525115879320103,0.9179216867469879,1.0,1,1.0,
