stock_code,Name,quarter,Open,High,Low,Close,Volume_sum,ret_1q,logret_1q,cumret_4q,down_gap_q,vol_4q,vol_8q,max_drawdown_4q,ma4,ma8,ma4_ratio,ma_cross_4_8,mom_4q,vol_z_4q,vol_drop_ratio_4q,intraquarter_range,crash_count_4q,down_streak_1q,down_streak_4q_max,vol_mean_decline_q
228180,티씨엠생명과학,2019Q1,20050,21900,17700,19000,80717,,,,0,,,,,,,0,,,,0.22105263157894736,,0,,
228180,티씨엠생명과학,2019Q2,18250,27300,17500,24500,70321,0.2894736842105263,0.25423413838424125,,0,,,,,,,0,,,,0.4,,0,,
228180,티씨엠생명과학,2019Q3,25300,26200,18100,18800,32247,-0.2326530612244898,-0.2648162477147782,,1,,,,,,,0,,,,0.4308510638297872,,1,,
228180,티씨엠생명과학,2019Q4,18750,21900,13650,15200,59528,-0.19148936170212771,-0.21256144198367188,,1,,,-0.3795918367346939,19375.0,,-0.2154838709677419,0,,-0.05636640553849519,0.9806394221067241,0.5427631578947368,2.0,2,2.0,
228180,티씨엠생명과학,2020Q1,14350,17350,8010,14950,299087,-0.016447368421052655,-0.01658412801553588,-0.2131578947368422,0,0.23745324652903546,,-0.38979591836734695,18362.5,,-0.18584070796460173,0,-0.2131578947368421,1.4873378618399913,2.5940852112935646,0.6247491638795987,2.0,3,3.0,
228180,티씨엠생명과학,2020Q2,15000,18000,11950,15000,302612,0.0033444816053511683,0.0033389012655149486,-0.3877551020408163,0,0.12011308394520936,,-0.2021276595744681,15987.5,,-0.06176700547302583,0,-0.3877551020408163,0.875454794050707,1.7454843296215863,0.4033333333333333,2.0,0,3.0,
228180,티씨엠생명과학,2020Q3,15500,16500,0,15750,19698,0.050000000000000044,0.04879016416943216,-0.16223404255319163,0,0.1056333064660086,,0.0,15225.0,,0.034482758620689724,0,-0.16223404255319152,-0.9922709892685552,0.11571318427139553,1.0476190476190477,1.0,0,3.0,
