stock_code,Name,quarter,Open,High,Low,Close,Volume_sum,ret_1q,logret_1q,cumret_4q,down_gap_q,vol_4q,vol_8q,max_drawdown_4q,ma4,ma8,ma4_ratio,ma_cross_4_8,mom_4q,vol_z_4q,vol_drop_ratio_4q,intraquarter_range,crash_count_4q,down_streak_1q,down_streak_4q_max,vol_mean_decline_q
240550,동방메디컬,2025Q1,14730,15490,9100,10270,143202458,,,,0,,,,,,,0,,,,0.6222005842259006,,0,,
240550,동방메디컬,2025Q2,10800,15130,9230,12620,100549446,0.2288218111002922,0.20605583317260034,,0,,,,,,,0,,,,0.4675118858954041,,0,,
240550,동방메디컬,2025Q3,12860,13390,9910,10930,12857694,-0.1339144215530903,-0.14377155492461924,,1,,,,,,,0,,,,0.3183897529734675,,1,,
240550,동방메디컬,2025Q4,10930,11050,7200,7810,9971585,-0.2854528819762122,-0.3361063383368528,,1,,,-0.3811410459587956,10407.5,,-0.24957963007446549,0,,-0.857136027579328,0.14962173830551273,0.49295774647887325,2.0,2,2.0,
