stock_code,Name,quarter,Open,High,Low,Close,Volume_sum,ret_1q,logret_1q,cumret_4q,down_gap_q,vol_4q,vol_8q,max_drawdown_4q,ma4,ma8,ma4_ratio,ma_cross_4_8,mom_4q,vol_z_4q,vol_drop_ratio_4q,intraquarter_range,crash_count_4q,down_streak_1q,down_streak_4q_max,vol_mean_decline_q
240600,유진테크놀로지,2023Q4,24550,25450,12100,12490,22719617,,,,0,,,,,,,0,,,,1.0688550840672537,,0,,
240600,유진테크놀로지,2024Q1,12800,19580,10080,13770,23549901,0.10248198558847088,0.09756398860307769,,0,,,,,,,0,,,,0.6899055918663762,,0,,
240600,유진테크놀로지,2024Q2,13900,14030,8510,8920,8903792,-0.35221496005809727,-0.43419636614864565,,1,,,,,,,0,,,,0.6188340807174888,,1,,
240600,유진테크놀로지,2024Q3,8900,13300,6960,7640,36818360,-0.1434977578475336,-0.15489834341348896,,1,,,-0.44517066085693535,10705.0,,-0.2863148061653433,0,,1.2120846010530308,1.6009432158368253,0.8298429319371727,2.0,2,2.0,
240600,유진테크놀로지,2024Q4,7410,7990,4100,4715,4107955,-0.3828534031413613,-0.48264868709300757,-0.6224979983987189,1,0.22446204128647498,,-0.6575889615105301,8761.25,,-0.4618347838493365,0,-0.622497998398719,-0.9597263733817997,0.22392774882226776,0.8250265111346765,3.0,3,3.0,
240600,유진테크놀로지,2025Q1,4760,7180,4225,4510,6523336,-0.04347826086956519,-0.04445176257083361,-0.672476397966594,0,0.1638826933156646,,-0.49439461883408076,6446.25,,-0.30036843125848356,0,-0.672476397966594,-0.49511603369485147,0.4630301648117578,0.655210643015521,3.0,4,4.0,
240600,유진테크놀로지,2025Q2,4475,4830,3930,4185,2096180,-0.07206208425720617,-0.07479044957314862,-0.530829596412556,0,0.15410544177506746,,-0.45222513089005234,5262.5,,-0.204750593824228,0,-0.530829596412556,-0.6279084605480294,0.16923159488434053,0.21505376344086022,2.0,5,5.0,
240600,유진테크놀로지,2025Q3,4185,6000,4100,4190,9807842,0.0011947431302270495,0.001194029992607426,-0.4515706806282722,0,0.1749854719553148,,-0.11134676564156942,4400.0,7552.5,-0.04772727272727273,1,-0.4515706806282722,1.257429685961072,1.7408840959963592,0.45346062052505964,1.0,0,5.0,-0.6064628193340253
240600,유진테크놀로지,2025Q4,4190,4990,3785,3815,2998506,-0.08949880668257759,-0.0937600691976268,-0.19088016967126187,0,0.03960905295111218,0.16766827081881305,-0.15410199556541015,4175.0,6468.125,-0.08622754491017959,1,-0.19088016967126198,-0.6681286101506883,0.559791847834001,0.31585845347313235,0.0,1,5.0,-0.5480055496984406
