stock_code,Name,quarter,Open,High,Low,Close,Volume_sum,ret_1q,logret_1q,cumret_4q,down_gap_q,vol_4q,vol_8q,max_drawdown_4q,ma4,ma8,ma4_ratio,ma_cross_4_8,mom_4q,vol_z_4q,vol_drop_ratio_4q,intraquarter_range,crash_count_4q,down_streak_1q,down_streak_4q_max,vol_mean_decline_q
241510,이에스산업,2019Q1,2690,3000,1450,1450,60747,,,,0,,,,,,,0,,,,1.0689655172413792,,0,,
241510,이에스산업,2019Q2,1665,2800,1340,1725,16530,0.18965517241379315,0.1736634940508397,,0,,,,,,,0,,,,0.8463768115942029,,0,,
241510,이에스산업,2019Q3,1755,3900,1500,3900,3220,1.2608695652173911,0.8157495026522774,,0,,,,,,,0,,,,0.6153846153846154,,0,,
241510,이에스산업,2019Q4,3900,4600,3900,4600,1,0.17948717948717952,0.16507975035944966,,0,,,0.0,2918.75,,0.5760171306209849,0,,-0.7184177125862079,4.969067554473403e-05,0.15217391304347827,0.0,0,0.0,
241510,이에스산업,2020Q1,4600,4600,4600,4600,0,0.0,0.0,2.1724137931034484,0,0.57554092817919,,0.0,3706.25,,0.2411467116357504,0,2.1724137931034484,-0.6269536586264606,0.0,0.0,0.0,0,0.0,
241510,이에스산업,2020Q2,4600,4600,4600,4600,0,0.0,0.0,1.6666666666666665,0,0.6064516523977184,,0.0,4425.0,,0.039548022598870025,0,1.6666666666666665,-0.5002070393263839,0.0,0.0,0.0,0,0.0,
241510,이에스산업,2020Q3,4600,4600,4600,4600,0,0.0,0.0,0.17948717948717952,0,0.08974358974358973,,0.0,4600.0,,0.0,0,0.17948717948717952,-0.5000000532923685,0.0,0.0,0.0,0,0.0,
241510,이에스산업,2020Q4,4600,4600,0,4600,0,0.0,0.0,0.0,0,0.0,,0.0,4600.0,3759.375,0.0,0,0.0,,,1.0,0.0,0,0.0,-1.0
241510,이에스산업,2021Q1,0,2000,0,1900,16011,-0.5869565217391304,-0.8842024173226548,-0.5869565217391304,1,0.2934782608695652,0.5163746122450311,-0.5869565217391304,3925.0,3815.625,-0.5159235668789809,0,-0.5869565217391304,1.5000000000000007,4.0,1.0526315789473684,1.0,1,1.0,-0.10458028074492476
