stock_code,Name,quarter,Open,High,Low,Close,Volume_sum,ret_1q,logret_1q,cumret_4q,down_gap_q,vol_4q,vol_8q,max_drawdown_4q,ma4,ma8,ma4_ratio,ma_cross_4_8,mom_4q,vol_z_4q,vol_drop_ratio_4q,intraquarter_range,crash_count_4q,down_streak_1q,down_streak_4q_max,vol_mean_decline_q
251960,엠에프엠코리아,2019Q1,2800,2840,2800,2840,430,,,,0,,,,,,,0,,,,0.014084507042253521,,0,,
251960,엠에프엠코리아,2019Q2,2840,3260,2840,3260,133182,0.147887323943662,0.13792314320550147,,0,,,,,,,0,,,,0.12883435582822086,,0,,
251960,엠에프엠코리아,2019Q3,3260,3260,3250,3260,2017,0.0,0.0,,0,,,,,,,0,,,,0.003067484662576687,,0,,
251960,엠에프엠코리아,2019Q4,3260,3260,2900,2900,450,-0.11042944785276076,-0.11701645838618813,,1,,,-0.11042944785276076,3065.0,,-0.0538336052202284,0,,-0.5077682392933272,0.013227610432175428,0.12413793103448276,1.0,1,1.0,
251960,엠에프엠코리아,2020Q1,2900,2900,2850,2850,700,-0.017241379310344862,-0.017391742711869718,0.0035211267605632646,0,0.10686504263366772,,-0.12576687116564422,3067.5,,-0.07090464547677267,0,0.0035211267605634866,-0.5053563812677792,0.020535537481022964,0.017543859649122806,1.0,2,2.0,
251960,엠에프엠코리아,2020Q2,2850,2900,0,2900,8542,0.01754385964912286,0.017391742711869718,-0.11042944785276076,0,0.05706057565289853,,-0.11042944785276076,2977.5,,-0.026028547439126748,0,-0.11042944785276076,1.4753302608142558,2.918097190195576,1.0,1.0,0,2.0,
251960,엠에프엠코리아,2020Q3,0,2900,0,2850,300,-0.017241379310344862,-0.017391742711869718,-0.12576687116564422,0,0.054897803059592944,,-0.017241379310344862,2875.0,,-0.008695652173912993,0,-0.12576687116564422,-0.5450429218253252,0.1200960768614892,1.0175438596491229,1.0,1,2.0,
251960,엠에프엠코리아,2020Q4,2850,2855,0,2855,100,0.0017543859649122862,0.001752848827415221,-0.01551724137931032,0,0.016810243342835793,,-0.01551724137931032,2863.75,2964.375,-0.0030554343081623525,1,-0.01551724137931032,-0.5641873872229073,0.04148516905206389,1.0,0.0,0,2.0,-0.8676649213222528
