stock_code,Name,quarter,Open,High,Low,Close,Volume_sum,ret_1q,logret_1q,cumret_4q,down_gap_q,vol_4q,vol_8q,max_drawdown_4q,ma4,ma8,ma4_ratio,ma_cross_4_8,mom_4q,vol_z_4q,vol_drop_ratio_4q,intraquarter_range,crash_count_4q,down_streak_1q,down_streak_4q_max,vol_mean_decline_q
252370,유쎌,2019Q1,14400,15000,9910,9910,3655,,,,0,,,,,,,0,,,,0.513622603430878,,0,,
252370,유쎌,2019Q2,10200,11000,3985,5110,15840,-0.484359233097881,-0.6623449441262839,,1,,,,,,,0,,,,1.3727984344422701,,1,,
252370,유쎌,2019Q3,4500,6000,3000,3275,10692,-0.35909980430528377,-0.44488153512839723,,1,,,,,,,0,,,,0.916030534351145,,2,,
252370,유쎌,2019Q4,2800,5400,0,5300,2273,0.6183206106870229,0.48138895147086025,,0,,,-0.46518668012108977,5898.75,,-0.10150455605001063,0,,-0.9224065472000136,0.28009858287122613,1.0188679245283019,2.0,0,2.0,
252370,유쎌,2020Q1,0,5000,0,1450,42857,-0.7264150943396226,-1.2961432641255923,-0.8536831483350151,1,0.5908164625233092,,-0.7264150943396226,3783.75,,-0.616782292699042,0,-0.8536831483350151,1.4217487670674425,2.392174374145293,3.4482758620689653,3.0,1,2.0,
