stock_code,Name,quarter,Open,High,Low,Close,Volume_sum,ret_1q,logret_1q,cumret_4q,down_gap_q,vol_4q,vol_8q,max_drawdown_4q,ma4,ma8,ma4_ratio,ma_cross_4_8,mom_4q,vol_z_4q,vol_drop_ratio_4q,intraquarter_range,crash_count_4q,down_streak_1q,down_streak_4q_max,vol_mean_decline_q
265480,미래에셋대우스팩1호,2019Q1,2065,2110,2030,2100,260196,,,,0,,,,,,,0,,,,0.0380952380952381,,0,,
265480,미래에셋대우스팩1호,2019Q2,2100,2245,2080,2200,662508,0.04761904761904767,0.04652001563489261,,0,,,,,,,0,,,,0.075,,0,,
265480,미래에셋대우스팩1호,2019Q3,2225,2305,2150,2165,256519,-0.015909090909090873,-0.016036998909816802,,0,,,,,,,0,,,,0.07159353348729793,,1,,
265480,미래에셋대우스팩1호,2019Q4,2165,2180,0,2045,1694677,-0.05542725173210161,-0.057022571959688406,,0,,,-0.07045454545454544,2127.5,,-0.03877790834312578,0,,1.4395787670811486,2.3587139427259127,1.0660146699266504,0.0,2,2.0,
265480,미래에셋대우스팩1호,2020Q1,2045,2050,2045,2050,55362,0.0024449877750611915,0.0024420036555516944,-0.023809523809523614,0,0.042761755910272696,,-0.06818181818181823,2115.0,,-0.030732860520094607,0,-0.023809523809523836,-0.8382160085472887,0.0829683492277823,0.0024390243902439024,0.0,0,2.0,
