stock_code,Name,quarter,Open,High,Low,Close,Volume_sum,ret_1q,logret_1q,cumret_4q,down_gap_q,vol_4q,vol_8q,max_drawdown_4q,ma4,ma8,ma4_ratio,ma_cross_4_8,mom_4q,vol_z_4q,vol_drop_ratio_4q,intraquarter_range,crash_count_4q,down_streak_1q,down_streak_4q_max,vol_mean_decline_q
265920,한화수성스팩,2019Q1,1996,2030,1962,2016,176017,,,,0,,,,,,,0,,,,0.03373015873015873,,0,,
265920,한화수성스팩,2019Q2,2025,2856,1991,2060,28276881,0.021825396825396748,0.021590632592367598,,0,,,,,,,0,,,,0.4199029126213592,,0,,
265920,한화수성스팩,2019Q3,2064,2069,0,2055,1021031,-0.0024271844660194164,-0.002430134853292465,,0,,,,,,,0,,,,1.0068126520681264,,1,,
265920,한화수성스팩,2019Q4,2050,2055,2035,2050,1120399,-0.0024330900243308973,-0.0024360547978812264,,0,,,-0.004854368932038833,2045.25,,0.0023224544676689884,0,,-0.47447586394623764,0.14648453791827035,0.00975609756097561,0.0,2,2.0,
265920,한화수성스팩,2020Q1,2050,2055,0,2055,539612,0.0024390243902439046,0.0024360547978812264,0.019345238095237915,0,0.011546683658474968,,-0.0024271844660194164,2055.0,,0.0,0,0.019345238095238138,-0.525770081033315,0.06972199007019948,1.0,0.0,0,2.0,
