stock_code,Name,quarter,Open,High,Low,Close,Volume_sum,ret_1q,logret_1q,cumret_4q,down_gap_q,vol_4q,vol_8q,max_drawdown_4q,ma4,ma8,ma4_ratio,ma_cross_4_8,mom_4q,vol_z_4q,vol_drop_ratio_4q,intraquarter_range,crash_count_4q,down_streak_1q,down_streak_4q_max,vol_mean_decline_q
266350,팡스카이,2024Q2,2700,2700,2295,2295,1313,,,,0,,,,,,,0,,,,0.17647058823529413,,0,,
266350,팡스카이,2024Q3,1955,1955,705,899,177278,-0.6082788671023965,-0.9372050880230258,,1,,,,,,,0,,,,1.3904338153503892,,1,,
266350,팡스카이,2024Q4,766,997,340,499,65596,-0.44493882091212456,-0.5886769387201012,,1,,,,,,,0,,,,1.3166332665330662,,2,,
266350,팡스카이,2025Q1,573,573,205,429,50923,-0.14028056112224452,-0.15114917682350182,,1,,,-0.8130718954248366,1030.5,,-0.5836972343522562,0,,-0.3076788447905115,0.6902239842770492,0.8578088578088578,3.0,3,3.0,
266350,팡스카이,2025Q2,365,429,0,398,1521,-0.07226107226107226,-0.07500491364357931,-0.8265795206971678,0,0.25320437593951617,,-0.557285873192436,556.25,,-0.2844943820224719,0,-0.8265795206971678,-0.9743402850395488,0.020601521072200136,1.0778894472361809,3.0,4,4.0,
266350,팡스카이,2025Q3,0,0,0,398,0,0.0,0.0,-0.557285873192436,0,0.1956192865428732,,-0.20240480961923846,431.0,,-0.07656612529002316,0,-0.557285873192436,-0.8746580271803118,0.0,0.0,2.0,0,4.0,
266350,팡스카이,2025Q4,0,0,0,398,0,0.0,0.0,-0.20240480961923846,0,0.06734689280825419,,-0.07226107226107226,405.75,,-0.01910043130006156,0,-0.20240480961923846,-0.5199023946667827,0.0,0.0,1.0,0,4.0,
