stock_code,Name,quarter,Open,High,Low,Close,Volume_sum,ret_1q,logret_1q,cumret_4q,down_gap_q,vol_4q,vol_8q,max_drawdown_4q,ma4,ma8,ma4_ratio,ma_cross_4_8,mom_4q,vol_z_4q,vol_drop_ratio_4q,intraquarter_range,crash_count_4q,down_streak_1q,down_streak_4q_max,vol_mean_decline_q
267080,세븐브로이맥주,2024Q1,6420,6420,2105,3190,227030,,,,0,,,,,,,0,,,,1.3526645768025078,,0,,
267080,세븐브로이맥주,2024Q2,3110,4000,2405,2800,132024,-0.12225705329153602,-0.1304014996155951,,1,,,,,,,0,,,,0.5696428571428571,,1,,
267080,세븐브로이맥주,2024Q3,2940,3295,2000,2675,79230,-0.044642857142857095,-0.04567003683318838,,0,,,,,,,0,,,,0.48411214953271026,,2,,
267080,세븐브로이맥주,2024Q4,2275,3100,2100,2295,87101,-0.14205607476635518,-0.153216536835461,,1,,,-0.280564263322884,2740.0,,-0.1624087591240876,0,,-0.6516624643327713,0.6631403637332622,0.4357298474945534,2.0,3,3.0,
267080,세븐브로이맥주,2025Q1,2250,2395,1000,1200,51619,-0.4771241830065359,-0.6484112867185541,-0.6238244514106583,1,0.1917347807509874,,-0.5714285714285714,2242.5,,-0.46488294314381273,0,-0.6238244514106583,-1.075420462010577,0.5899752553046798,1.1625,3.0,4,4.0,
267080,세븐브로이맥주,2025Q2,1200,1300,0,486,117627,-0.595,-0.9038682118755981,-0.8264285714285714,1,0.2631137209269086,,-0.8183177570093458,1664.0,,-0.7079326923076923,0,-0.8264285714285714,1.242385203909368,1.402086555395632,2.674897119341564,3.0,5,5.0,
267080,세븐브로이맥주,2025Q3,0,0,0,486,0,0.0,0.0,-0.8183177570093458,0,0.2788631622596272,,-0.788235294117647,1116.75,,-0.564808596373405,0,-0.8183177570093458,-1.268379898365151,0.0,0.0,3.0,0,5.0,
267080,세븐브로이맥주,2025Q4,0,0,0,486,0,0.0,0.0,-0.788235294117647,0,0.3132144739433329,,-0.595,664.5,1702.25,-0.2686230248306998,1,-0.788235294117647,-0.7583249974222656,0.0,0.0,2.0,0,5.0,-0.5127024276198442
