stock_code,Name,quarter,Open,High,Low,Close,Volume_sum,ret_1q,logret_1q,cumret_4q,down_gap_q,vol_4q,vol_8q,max_drawdown_4q,ma4,ma8,ma4_ratio,ma_cross_4_8,mom_4q,vol_z_4q,vol_drop_ratio_4q,intraquarter_range,crash_count_4q,down_streak_1q,down_streak_4q_max,vol_mean_decline_q
271740,한국제5호스팩,2019Q1,2035,2095,2030,2070,185639,,,,0,,,,,,,0,,,,0.03140096618357488,,0,,
271740,한국제5호스팩,2019Q2,2070,2200,2070,2135,339525,0.0314009661835748,0.030918039403310615,,0,,,,,,,0,,,,0.06088992974238876,,0,,
271740,한국제5호스팩,2019Q3,2160,2225,2130,2150,426479,0.007025761124121788,0.007001195458983034,,0,,,,,,,0,,,,0.044186046511627906,,0,,
271740,한국제5호스팩,2019Q4,2210,2210,2035,2050,471561,-0.046511627906976716,-0.04762804898925488,,0,,,-0.046511627906976716,2101.25,,-0.024390243902439046,0,,0.9188481215681755,1.3253504065474802,0.08536585365853659,0.0,1,1.0,
271740,한국제5호스팩,2020Q1,2050,2060,0,2050,1395123,0.0,0.0,-0.009661835748792313,0,0.03256978212375813,,-0.046511627906976716,2096.25,,-0.022063208109719734,0,-0.009661835748792313,1.4907553447000528,2.119693636313912,1.0048780487804878,0.0,0,1.0,
