stock_code,Name,quarter,Open,High,Low,Close,Volume_sum,ret_1q,logret_1q,cumret_4q,down_gap_q,vol_4q,vol_8q,max_drawdown_4q,ma4,ma8,ma4_ratio,ma_cross_4_8,mom_4q,vol_z_4q,vol_drop_ratio_4q,intraquarter_range,crash_count_4q,down_streak_1q,down_streak_4q_max,vol_mean_decline_q
271780,비엔에프코퍼레이션,2019Q1,1650,1650,1650,1650,0,,,,0,,,,,,,0,,,,0.0,,0,,
271780,비엔에프코퍼레이션,2019Q2,1650,1650,1650,1650,0,0.0,0.0,,0,,,,,,,0,,,,0.0,,0,,
271780,비엔에프코퍼레이션,2019Q3,1650,1650,1650,1650,0,0.0,0.0,,0,,,,,,,0,,,,0.0,,0,,
271780,비엔에프코퍼레이션,2019Q4,1650,1700,1650,1700,0,0.030303030303030276,0.02985296314968089,,0,,,0.0,1662.5,,0.022556390977443552,0,,,,0.029411764705882353,0.0,0,0.0,
271780,비엔에프코퍼레이션,2020Q1,1700,1700,1700,1700,0,0.0,0.0,0.030303030303030276,0,0.01515151515151514,,0.0,1675.0,,0.014925373134328401,0,0.030303030303030276,,,0.0,0.0,0,0.0,
271780,비엔에프코퍼레이션,2020Q2,1700,1700,1700,1700,0,0.0,0.0,0.030303030303030276,0,0.01515151515151514,,0.0,1687.5,,0.007407407407407307,0,0.030303030303030276,,,0.0,0.0,0,0.0,
271780,비엔에프코퍼레이션,2020Q3,1700,2100,0,2100,0,0.23529411764705888,0.2113090936672073,0.2727272727272727,0,0.11349909573068408,,0.0,1800.0,,0.16666666666666674,0,0.2727272727272727,,,1.0,0.0,0,0.0,
271780,비엔에프코퍼레이션,2020Q4,2100,2100,0,2100,0,0.0,0.0,0.23529411764705888,0,0.11764705882352944,,0.0,1900.0,1781.25,0.10526315789473695,0,0.23529411764705888,,,1.0,0.0,0,0.0,
