stock_code,Name,quarter,Open,High,Low,Close,Volume_sum,ret_1q,logret_1q,cumret_4q,down_gap_q,vol_4q,vol_8q,max_drawdown_4q,ma4,ma8,ma4_ratio,ma_cross_4_8,mom_4q,vol_z_4q,vol_drop_ratio_4q,intraquarter_range,crash_count_4q,down_streak_1q,down_streak_4q_max,vol_mean_decline_q
276920,IBKS제7호스팩,2019Q1,2072,2490,0,2110,1223019,,,,0,,,,,,,0,,,,1.180094786729858,,0,,
276920,IBKS제7호스팩,2019Q2,2130,2415,2085,2200,1559767,0.042654028436019065,0.04176941287629443,,0,,,,,,,0,,,,0.15,,0,,
276920,IBKS제7호스팩,2019Q3,2245,2330,2100,2200,242116,0.0,0.0,,0,,,,,,,0,,,,0.10454545454545454,,0,,
276920,IBKS제7호스팩,2019Q4,2170,2235,2045,2090,541683,-0.050000000000000044,-0.05129329438755015,,0,,,-0.050000000000000044,2150.0,,-0.027906976744186074,0,,-0.5777990011370027,0.6075088635207068,0.09090909090909091,0.0,1,1.0,
276920,IBKS제7호스팩,2020Q1,2085,2340,2010,2055,1123165,-0.01674641148325362,-0.01688821802852214,-0.026066350710900466,0,0.0385343903077217,,-0.06590909090909092,2136.25,,-0.038033937975424204,0,-0.026066350710900466,0.4352249710175737,1.2959355658111344,0.16058394160583941,0.0,2,2.0,
276920,IBKS제7호스팩,2020Q2,2055,2070,0,2050,1943187,-0.0024330900243308973,-0.0024360547978812264,-0.06818181818181834,0,0.023021087198649547,,-0.06818181818181823,2098.75,,-0.023228111971411503,0,-0.06818181818181823,1.3090457733873784,2.018816404863082,1.0097560975609756,0.0,3,3.0,
