stock_code,Name,quarter,Open,High,Low,Close,Volume_sum,ret_1q,logret_1q,cumret_4q,down_gap_q,vol_4q,vol_8q,max_drawdown_4q,ma4,ma8,ma4_ratio,ma_cross_4_8,mom_4q,vol_z_4q,vol_drop_ratio_4q,intraquarter_range,crash_count_4q,down_streak_1q,down_streak_4q_max,vol_mean_decline_q
277480,신한제4호스팩,2019Q1,2005,2109,2005,2040,636344,,,,0,,,,,,,0,,,,0.050980392156862744,,0,,
277480,신한제4호스팩,2019Q2,2039,2391,2025,2080,8640501,0.019607843137254832,0.019418085857101808,,0,,,,,,,0,,,,0.17596153846153847,,0,,
277480,신한제4호스팩,2019Q3,2084,2148,2064,2089,653346,0.004326923076923173,0.004317588861201926,,0,,,,,,,0,,,,0.040210627094303494,,0,,
277480,신한제4호스팩,2019Q4,2089,2099,2015,2025,533308,-0.030636668262326472,-0.031115782015926463,,0,,,-0.030636668262326472,2058.5,,-0.016273985912071853,0,,-0.5184683150718842,0.2038736755267048,0.04148148148148148,0.0,1,1.0,
277480,신한제4호스팩,2020Q1,2025,2039,1995,2020,722802,-0.0024691358024691024,-0.0024721891453891587,-0.009803921568627305,0,0.021030651169355277,,-0.03303015797032072,2053.5,,-0.01631361090820549,0,-0.009803921568627416,-0.4783401761020064,0.2740492686368295,0.02178217821782178,0.0,2,2.0,
277480,신한제4호스팩,2020Q2,2020,2069,0,2035,522587,0.007425742574257432,0.007398307481444988,-0.021634615384615308,0,0.017364493081111203,,-0.02584968884633798,2042.25,,-0.003550006120700222,0,-0.02163461538461542,-0.8824875258717053,0.8595028953024269,1.0167076167076168,0.0,0,2.0,
277480,신한제4호스팩,2020Q3,0,2045,0,2035,1360593,0.0,0.0,-0.02584968884633798,0,0.01668309860374226,,0.0,2028.75,,0.0030807147258162804,0,-0.02584968884633798,1.4587220686595443,1.7336314899228806,1.0049140049140048,0.0,0,2.0,
