stock_code,Name,quarter,Open,High,Low,Close,Volume_sum,ret_1q,logret_1q,cumret_4q,down_gap_q,vol_4q,vol_8q,max_drawdown_4q,ma4,ma8,ma4_ratio,ma_cross_4_8,mom_4q,vol_z_4q,vol_drop_ratio_4q,intraquarter_range,crash_count_4q,down_streak_1q,down_streak_4q_max,vol_mean_decline_q
278380,원바이오젠,2019Q2,21750,21750,8270,9530,65602,,,,0,,,,,,,0,,,,1.4144805876180482,,0,,
278380,원바이오젠,2019Q3,9220,9990,6200,8430,79700,-0.11542497376705141,-0.12264794565234638,,1,,,,,,,0,,,,0.44958481613285883,,1,,
278380,원바이오젠,2019Q4,8000,9950,7700,9900,37913,0.17437722419928825,0.1607379851267794,,0,,,,,,,0,,,,0.22727272727272727,,0,,
278380,원바이오젠,2020Q1,9600,16250,9600,12000,202086,0.21212121212121215,0.19237189264745602,,0,,,0.0,9965.0,,0.20421475163070757,0,,1.4565126063504918,2.0979545861547204,0.5541666666666667,1.0,0,1.0,
278380,원바이오젠,2020Q2,12000,19200,11350,18450,243753,0.5375000000000001,0.43015772069853675,0.9359916054564534,0,0.26719795310713446,,0.0,12195.0,,0.5129151291512914,0,0.9359916054564532,1.0524172699080896,1.7304260167680654,0.4254742547425474,1.0,0,1.0,
278380,원바이오젠,2020Q3,18500,22500,0,20100,230430,0.08943089430894302,0.08565544457849406,1.3843416370106763,0,0.19625426344677466,,0.0,15112.5,,0.33002481389578153,0,1.3843416370106763,0.544139825460283,1.2905953944512742,1.1194029850746268,0.0,0,0.0,
278380,원바이오젠,2020Q4,0,33850,0,32400,575701,0.6119402985074627,0.4774386077332533,2.2727272727272725,0,0.25167818911552453,,0.0,20737.5,,0.5623869801084991,0,2.272727272727273,1.4926725132972178,1.8393443932362596,1.0447530864197532,0.0,0,0.0,
278380,원바이오젠,2021Q1,32400,39900,0,35400,234590,0.09259259259259256,0.0885533973414443,1.9500000000000002,0,0.2809208067726579,,0.0,26587.5,18276.25,0.33145275035260924,0,1.9500000000000002,-0.5095520062962242,0.7305402834156238,1.1271186440677967,0.0,0,0.0,0.5384994984354179
