stock_code,Name,quarter,Open,High,Low,Close,Volume_sum,ret_1q,logret_1q,cumret_4q,down_gap_q,vol_4q,vol_8q,max_drawdown_4q,ma4,ma8,ma4_ratio,ma_cross_4_8,mom_4q,vol_z_4q,vol_drop_ratio_4q,intraquarter_range,crash_count_4q,down_streak_1q,down_streak_4q_max,vol_mean_decline_q
278470,에이피알,2024Q1,89100,93500,49100,50000,70865010,,,,0,,,,,,,0,,,,0.888,,0,,
278470,에이피알,2024Q2,51100,81900,42300,78600,85422815,0.5720000000000001,0.4523486940070143,,0,,,,,,,0,,,,0.5038167938931297,,0,,
278470,에이피알,2024Q3,79800,81100,38380,53300,54302480,-0.321882951653944,-0.38843536826336234,,1,,,,,,,0,,,,0.801500938086304,,1,,
278470,에이피알,2024Q4,52200,58400,0,50000,27756394,-0.06191369606003749,-0.06391332574365194,,0,,,-0.3638676844783715,57975.0,,-0.13755929279862011,0,,-1.2867341599396576,0.46581545482196923,1.168,1.0,2,2.0,
278470,에이피알,2025Q1,50400,72500,41550,69800,36162302,0.3959999999999999,0.333611004340181,0.3959999999999999,0,0.4107385831725229,,-0.11195928753180662,62925.0,,0.10925705204608671,0,0.3959999999999999,-0.577569933528004,0.7103043271235044,0.44340974212034384,1.0,0,2.0,
278470,에이피알,2025Q2,70500,159000,60000,154200,37161834,1.2091690544412605,0.7926164513609013,0.9618320610687021,0,0.6716671059299504,,0.0,81825.0,,0.8845096241979835,0,0.9618320610687023,-0.15123644865037147,0.9566511551037659,0.642023346303502,1.0,0,2.0,
278470,에이피알,2025Q3,156100,257500,133900,250000,35905935,0.6212710765239948,0.4832104567330173,3.6904315196998114,0,0.5283380189022293,,0.0,131000.0,,0.9083969465648856,0,3.6904315196998123,0.3805247523673311,1.0484520496240268,0.4944,0.0,0,2.0,
278470,에이피알,2025Q4,253000,279500,204000,231000,31792937,-0.07599999999999996,-0.07904320734045278,3.619999999999999,0,0.5337169548013221,,-0.07599999999999996,176250.0,117112.5,0.3106382978723403,0,3.62,-1.460318983288534,0.9017801407271074,0.3268398268398268,0.0,1,1.0,-0.2565404912522443
