stock_code,Name,quarter,Open,High,Low,Close,Volume_sum,ret_1q,logret_1q,cumret_4q,down_gap_q,vol_4q,vol_8q,max_drawdown_4q,ma4,ma8,ma4_ratio,ma_cross_4_8,mom_4q,vol_z_4q,vol_drop_ratio_4q,intraquarter_range,crash_count_4q,down_streak_1q,down_streak_4q_max,vol_mean_decline_q
279410,한화에이스스팩4호,2019Q1,2045,2130,2030,2120,55936,,,,0,,,,,,,0,,,,0.04716981132075472,,0,,
279410,한화에이스스팩4호,2019Q2,2105,3590,2045,2140,43255855,0.009433962264151052,0.00938974034983886,,0,,,,,,,0,,,,0.7219626168224299,,0,,
279410,한화에이스스팩4호,2019Q3,2130,2300,2095,2125,4056621,-0.007009345794392496,-0.007034026657380288,,0,,,,,,,0,,,,0.09647058823529411,,1,,
279410,한화에이스스팩4호,2019Q4,2125,2130,2035,2045,564812,-0.03764705882352937,-0.038374012881615016,,0,,,-0.04439252336448596,2107.5,,-0.029655990510083052,0,,-0.5457112143811617,0.04713323685467099,0.04645476772616137,0.0,2,2.0,
279410,한화에이스스팩4호,2020Q1,2045,2420,2000,2020,8177754,-0.012224938875305624,-0.012300278081651683,-0.047169811320754595,0,0.01951125525314132,,-0.05607476635514019,2082.5,,-0.03001200480192079,0,-0.047169811320754707,-0.29562155320331523,0.5835517168999713,0.2079207920792079,0.0,3,3.0,
279410,한화에이스스팩4호,2020Q2,2020,2065,0,2035,1392224,0.007425742574257432,0.007398307481444988,-0.0490654205607477,0,0.018793249091518992,,-0.04235294117647059,2056.25,,-0.010334346504559222,0,-0.0490654205607477,-0.6289498819940235,0.3924131293216721,1.0147420147420148,0.0,0,3.0,
279410,한화에이스스팩4호,2020Q3,2040,2045,2040,2040,43582,0.002457002457002533,0.0024539889615668997,-0.039999999999999813,0,0.020233170786213957,,-0.0024449877750610804,2035.0,,0.002457002457002533,0,-0.040000000000000036,-0.6588070933538565,0.01712729697833799,0.0024509803921568627,0.0,0,3.0,
