stock_code,Name,quarter,Open,High,Low,Close,Volume_sum,ret_1q,logret_1q,cumret_4q,down_gap_q,vol_4q,vol_8q,max_drawdown_4q,ma4,ma8,ma4_ratio,ma_cross_4_8,mom_4q,vol_z_4q,vol_drop_ratio_4q,intraquarter_range,crash_count_4q,down_streak_1q,down_streak_4q_max,vol_mean_decline_q
281410,한국제6호스팩,2019Q1,2055,2110,2010,2080,984241,,,,0,,,,,,,0,,,,0.04807692307692308,,0,,
281410,한국제6호스팩,2019Q2,2080,2190,2055,2120,1585420,0.019230769230769162,0.019048194970694432,,0,,,,,,,0,,,,0.06367924528301887,,0,,
281410,한국제6호스팩,2019Q3,2100,2180,2075,2100,319576,-0.009433962264150941,-0.009478743954543845,,0,,,,,,,0,,,,0.05,,1,,
281410,한국제6호스팩,2019Q4,2105,2115,2030,2055,280002,-0.021428571428571463,-0.02166149678117968,,0,,,-0.030660377358490587,2088.75,,-0.016157989228007152,0,,-0.82680560382735,0.353399664714463,0.0413625304136253,0.0,2,2.0,
281410,한국제6호스팩,2020Q1,2055,2080,2005,2040,285793,-0.007299270072992692,-0.0073260400920727164,-0.019230769230769273,0,0.017143406207009243,,-0.037735849056603765,2078.75,,-0.01864101022248943,0,-0.019230769230769273,-0.5142747131602867,0.46267450383298303,0.03676470588235294,0.0,3,3.0,
281410,한국제6호스팩,2020Q2,2005,2060,2005,2050,591597,0.004901960784313708,0.00488998529419149,-0.03301886792452835,0,0.010784828723927897,,-0.023809523809523836,2061.25,,-0.00545785324439052,0,-0.03301886792452835,1.4897122767089432,1.6021931416252755,0.026829268292682926,0.0,0,3.0,
281410,한국제6호스팩,2020Q3,2040,2070,0,2065,581537,0.007317073170731714,0.007290433262679308,-0.01666666666666672,0,0.01318959962410622,,0.0,2052.5,,0.006090133982947554,0,-0.01666666666666672,0.8370299105673621,1.3376900379486454,1.0024213075060533,0.0,0,3.0,
