stock_code,Name,quarter,Open,High,Low,Close,Volume_sum,ret_1q,logret_1q,cumret_4q,down_gap_q,vol_4q,vol_8q,max_drawdown_4q,ma4,ma8,ma4_ratio,ma_cross_4_8,mom_4q,vol_z_4q,vol_drop_ratio_4q,intraquarter_range,crash_count_4q,down_streak_1q,down_streak_4q_max,vol_mean_decline_q
283100,노보믹스,2023Q2,9000,9000,2975,3500,262320,,,,0,,,,,,,0,,,,1.7214285714285715,,0,,
283100,노보믹스,2023Q3,3715,5700,3210,3825,61653,0.09285714285714275,0.08879549878313142,,0,,,,,,,0,,,,0.6509803921568628,,0,,
283100,노보믹스,2023Q4,3900,4295,2550,2990,115196,-0.21830065359477124,-0.24628507987590353,,1,,,,,,,0,,,,0.5836120401337793,,1,,
283100,노보믹스,2024Q1,2610,3200,814,814,234554,-0.7277591973244147,-1.3010683003821928,,1,,,-0.7871895424836601,2782.25,,-0.7074310360319884,0,,0.6916049821124798,1.3925841926132847,2.9312039312039313,2.0,2,2.0,
283100,노보믹스,2024Q2,810,1190,506,609,657629,-0.25184275184275184,-0.2901420982926428,-0.8260000000000001,1,0.33865148169932874,,-0.8407843137254902,2059.5,,-0.7042971595047341,0,-0.8260000000000001,1.4453053275627639,2.4606522536275808,1.1231527093596059,3.0,3,3.0,
283100,노보믹스,2024Q3,650,699,375,675,599753,0.10837438423645329,0.10289442316263298,-0.8235294117647058,0,0.34433049469161264,,-0.774247491638796,1272.0,,-0.4693396226415094,0,-0.8235294117647058,0.7399400161293647,1.4927286619891833,0.48,3.0,0,3.0,
283100,노보믹스,2024Q4,639,800,515,680,103666,0.007407407407407307,0.007380107297621841,-0.7725752508361204,0,0.37341298926400457,,-0.1646191646191646,694.5,,-0.02087832973362136,0,-0.7725752508361204,-1.0866374026345955,0.2598793433450196,0.41911764705882354,2.0,0,3.0,
283100,노보믹스,2025Q1,638,700,535,626,11803,-0.0794117647058824,-0.08274242707005364,-0.23095823095823098,0,0.15266930828655997,,-0.0794117647058824,647.5,1714.875,-0.03320463320463318,1,-0.23095823095823098,-0.9963954578528936,0.0343897480498612,0.26357827476038337,1.0,1,3.0,0.3416089523271575
283100,노보믹스,2025Q2,624,628,0,45,1263111,-0.9281150159744409,-2.6326878813297787,-0.9261083743842364,1,0.4763406717627482,0.38367451258599256,-0.9338235294117647,506.5,1283.0,-0.9111549851924975,1,-0.9261083743842364,1.3394673655794296,2.553889562576169,13.955555555555556,1.0,2,2.0,0.2983892641675676
