stock_code,Name,quarter,Open,High,Low,Close,Volume_sum,ret_1q,logret_1q,cumret_4q,down_gap_q,vol_4q,vol_8q,max_drawdown_4q,ma4,ma8,ma4_ratio,ma_cross_4_8,mom_4q,vol_z_4q,vol_drop_ratio_4q,intraquarter_range,crash_count_4q,down_streak_1q,down_streak_4q_max,vol_mean_decline_q
284610,TS트릴리온,2019Q1,4100,4400,3890,4045,650703,,,,0,,,,,,,0,,,,0.1260815822002472,,0,,
284610,TS트릴리온,2019Q2,4055,6400,4050,5790,836264,0.43139678615574795,0.35865074107444883,,0,,,,,,,0,,,,0.4058721934369603,,0,,
284610,TS트릴리온,2019Q3,5850,6600,4610,4945,303205,-0.1459412780656304,-0.1577553265102285,,1,,,,,,,0,,,,0.4024266936299292,,1,,
284610,TS트릴리온,2019Q4,5200,5200,1435,2395,2183462,-0.5156723963599595,-0.7249937342117976,,1,,,-0.5863557858376511,4293.75,,-0.4422125181950509,0,,1.4450125575688118,2.1979497860145147,1.572025052192067,2.0,2,2.0,
284610,TS트릴리온,2020Q1,2405,3900,2310,2700,1216409,0.12734864300626314,0.11986854214740461,-0.3325092707045735,0,0.4028615444629398,,-0.533678756476684,3957.5,,-0.3177511054958939,0,-0.3325092707045736,0.10285453467254795,1.0718818154181005,0.5888888888888889,2.0,0,2.0,
284610,TS트릴리온,2020Q2,2880,3890,0,3625,1044860,0.34259259259259256,0.29460251529635517,-0.3739205526770293,0,0.37041402845755206,,-0.2669362992922144,3416.25,,0.06110501280643987,0,-0.3739205526770294,-0.18373160656320045,0.8802646033981923,1.0731034482758621,2.0,0,2.0,
284610,TS트릴리온,2020Q3,0,4290,0,2990,116103,-0.17517241379310344,-0.19258090090404245,-0.39534883720930214,1,0.37326985724534006,,-0.17517241379310344,2927.5,,0.021349274124679685,0,-0.39534883720930236,-1.2091421254347503,0.10182611338189462,1.434782608695652,2.0,1,2.0,
284610,TS트릴리온,2020Q4,3150,3295,0,3240,473937,0.08361204013377921,0.08029994240164307,0.3528183716075155,0,0.21250152157397212,,-0.1062068965517241,3138.75,3716.25,0.032258064516129004,1,0.3528183716075157,-0.46940930973679046,0.6648693635098827,1.0169753086419753,1.0,0,1.0,-0.16444459682666945
