stock_code,Name,quarter,Open,High,Low,Close,Volume_sum,ret_1q,logret_1q,cumret_4q,down_gap_q,vol_4q,vol_8q,max_drawdown_4q,ma4,ma8,ma4_ratio,ma_cross_4_8,mom_4q,vol_z_4q,vol_drop_ratio_4q,intraquarter_range,crash_count_4q,down_streak_1q,down_streak_4q_max,vol_mean_decline_q
289170,바이오텐,2023Q4,7890,7890,2600,3110,94155,,,,0,,,,,,,0,,,,1.7009646302250805,,0,,
289170,바이오텐,2024Q1,2900,4005,2670,3200,72404,0.02893890675241151,0.028528083614538957,,0,,,,,,,0,,,,0.4171875,,0,,
289170,바이오텐,2024Q2,3000,4505,2610,2950,83890,-0.078125,-0.08134563945395357,,0,,,,,,,0,,,,0.6423728813559322,,1,,
289170,바이오텐,2024Q3,3100,5500,2650,4545,68507,0.5406779661016949,0.4322225572777132,,0,,,0.0,3451.25,,0.3169141615356754,0,,-0.9666824342794487,0.8591404457041096,0.6270627062706271,0.0,0,1.0,
289170,바이오텐,2024Q4,4400,8350,4055,5050,47239,0.11111111111111116,0.10536051565782678,0.6237942122186495,0,0.2713157624849012,,0.0,3936.25,,0.2829469672912035,0,0.6237942122186495,-1.3567192945523605,0.6945890310248493,0.8504950495049505,0.0,0,1.0,
289170,바이오텐,2025Q1,5050,5930,3600,4390,21194,-0.1306930693069307,-0.14005901620018868,0.3718750000000002,1,0.3048533568612898,,-0.1306930693069307,4233.75,,0.036905816356657795,0,0.37187499999999996,-1.2503674127943476,0.3838971154281574,0.530751708428246,1.0,1,1.0,
289170,바이오텐,2025Q2,4390,5750,2905,3765,25834,-0.14236902050113898,-0.15358136583522253,0.27627118644067794,1,0.3194627916030099,,-0.25445544554455446,4437.5,,-0.15154929577464793,0,0.27627118644067794,-0.6836092774105081,0.6348434025090002,0.7556440903054449,2.0,2,2.0,
289170,바이오텐,2025Q3,4310,4860,2750,4300,23517,0.14209827357237725,0.13286716144765975,-0.053905390539053744,0,0.15252178232712094,,-0.14851485148514854,4376.25,3913.75,-0.017423593259068837,0,-0.053905390539053855,-0.4935774825390389,0.7986483732934864,0.4906976744186046,2.0,0,2.0,-0.46062188029491236
289170,바이오텐,2025Q4,4885,4885,2250,3560,12347,-0.172093023255814,-0.1888544778355783,-0.295049504950495,1,0.14628360853521394,0.23529946747996905,-0.18906605922551256,4003.75,3970.0,-0.11083359350608801,0,-0.2950495049504951,-1.4204911784065033,0.5958114172658399,0.7401685393258427,3.0,1,2.0,-0.5329133467819188
