stock_code,Name,quarter,Open,High,Low,Close,Volume_sum,ret_1q,logret_1q,cumret_4q,down_gap_q,vol_4q,vol_8q,max_drawdown_4q,ma4,ma8,ma4_ratio,ma_cross_4_8,mom_4q,vol_z_4q,vol_drop_ratio_4q,intraquarter_range,crash_count_4q,down_streak_1q,down_streak_4q_max,vol_mean_decline_q
289930,웨이비스,2024Q4,18010,18500,6890,7060,104996323,,,,0,,,,,,,0,,,,1.6444759206798867,,0,,
289930,웨이비스,2025Q1,7230,11370,6630,7210,13159353,0.021246458923512845,0.02102389979170738,,0,,,,,,,0,,,,0.6574202496532594,,0,,
289930,웨이비스,2025Q2,7270,11970,6630,9630,25541321,0.33564493758668523,0.28941427451317736,,0,,,,,,,0,,,,0.5545171339563862,,0,,
289930,웨이비스,2025Q3,9610,9990,7450,8330,3694917,-0.13499480789200413,-0.1450197696312827,,1,,,-0.13499480789200413,8057.5,,0.03381942289792117,0,,-0.7159796093899607,0.10027461886409861,0.304921968787515,1.0,1,1.0,
289930,웨이비스,2025Q4,8370,9220,7660,8400,2615885,0.008403361344537785,0.008368249670516192,0.189801699716714,0,0.19844699884002207,,-0.12772585669781933,8392.5,,0.0008936550491509543,0,0.1898016997167138,-0.8118830385459334,0.23246382766919263,0.18571428571428572,1.0,0,1.0,
