stock_code,Name,quarter,Open,High,Low,Close,Volume_sum,ret_1q,logret_1q,cumret_4q,down_gap_q,vol_4q,vol_8q,max_drawdown_4q,ma4,ma8,ma4_ratio,ma_cross_4_8,mom_4q,vol_z_4q,vol_drop_ratio_4q,intraquarter_range,crash_count_4q,down_streak_1q,down_streak_4q_max,vol_mean_decline_q
290560,신시웨이,2023Q4,16810,21650,10080,11660,26320474,,,,0,,,,,,,0,,,,0.9922813036020584,,0,,
290560,신시웨이,2024Q1,11710,16750,10700,11300,5888053,-0.030874785591766707,-0.03136145520405087,,0,,,,,,,0,,,,0.5353982300884956,,1,,
290560,신시웨이,2024Q2,11300,11880,8060,8200,633529,-0.2743362831858407,-0.32066857144808836,,1,,,,,,,0,,,,0.4658536585365854,,2,,
290560,신시웨이,2024Q3,8200,10980,5490,7750,16735412,-0.054878048780487854,-0.05644131090495108,,0,,,-0.3353344768439108,9727.5,,-0.203289642765356,0,,0.37907126938021557,1.350243380722872,0.7083870967741935,1.0,3,3.0,
290560,신시웨이,2024Q4,7620,7650,5290,5880,885258,-0.2412903225806452,-0.27613608145472135,-0.49571183533447694,1,0.1252091063131173,,-0.4796460176991151,8282.5,,-0.2900694234832478,0,-0.4957118353344768,-0.6837434927570023,0.14667364088486856,0.4013605442176871,2.0,4,4.0,
290560,신시웨이,2025Q1,5690,6800,5690,6150,671951,0.04591836734693877,0.04489531990789253,-0.4557522123893806,0,0.15253832257444488,,-0.25,6995.0,,-0.12080057183702642,0,-0.4557522123893806,-0.5072359714045813,0.14201535970073154,0.18048780487804877,2.0,0,4.0,
290560,신시웨이,2025Q2,6340,8110,6080,7000,1389576,0.1382113821138211,0.1294580672368859,-0.14634146341463417,0,0.16258878540181548,,-0.09677419354838712,6695.0,,0.045556385362210516,0,-0.14634146341463417,-0.44796115211890136,0.28240261999206695,0.29,1.0,0,4.0,
290560,신시웨이,2025Q3,6930,8240,6600,7090,651704,0.0128571428571429,0.012775191488723081,-0.0851612903225808,0,0.16238484126284744,,0.0,6530.0,8128.75,0.08575803981623276,1,-0.08516129032258068,-0.7221682352653617,0.724419610564323,0.231311706629055,1.0,0,4.0,-0.8646572923924999
290560,신시웨이,2025Q4,7110,9530,6110,7850,1711812,0.10719322990126945,0.10182819125028075,0.3350340136054424,0,0.05696545905610651,0.15084140991207534,0.0,7022.5,7652.5,0.11783552865788538,1,0.33503401360544216,1.1428841253990798,1.5473856412242775,0.4356687898089172,0.0,0,0.0,-0.6902021699989446
