stock_code,Name,quarter,Open,High,Low,Close,Volume_sum,ret_1q,logret_1q,cumret_4q,down_gap_q,vol_4q,vol_8q,max_drawdown_4q,ma4,ma8,ma4_ratio,ma_cross_4_8,mom_4q,vol_z_4q,vol_drop_ratio_4q,intraquarter_range,crash_count_4q,down_streak_1q,down_streak_4q_max,vol_mean_decline_q
291210,한국제7호스팩,2019Q1,2035,2050,2015,2050,95674,,,,0,,,,,,,0,,,,0.01707317073170732,,0,,
291210,한국제7호스팩,2019Q2,2040,2184,2035,2125,611098,0.03658536585365857,0.03593200922606332,,0,,,,,,,0,,,,0.07011764705882353,,0,,
291210,한국제7호스팩,2019Q3,2134,2154,2064,2110,522711,-0.007058823529411784,-0.00708385488840424,,0,,,,,,,0,,,,0.04265402843601896,,1,,
291210,한국제7호스팩,2019Q4,2094,2134,2025,2060,681903,-0.023696682464455,-0.02398196468648539,,0,,,-0.030588235294117694,2086.25,,-0.012582384661473989,0,,0.775961265118903,1.4270335766820517,0.052912621359223304,0.0,2,2.0,
291210,한국제7호스팩,2020Q1,2055,2094,1960,2005,452163,-0.02669902912621358,-0.02706192204295732,-0.02195121951219514,0,0.029176510780085825,,-0.05647058823529416,2075.0,,-0.03373493975903619,0,-0.02195121951219514,-1.142428132532283,0.7975095629168274,0.06683291770573566,0.0,3,3.0,
291210,한국제7호스팩,2020Q2,1995,2074,1995,2065,290842,0.029925187032418865,0.029486165654462937,-0.028235294117647136,0,0.02601440929635811,,-0.021327014218009532,2060.0,,0.0024271844660195274,0,-0.028235294117647025,-1.2085612323481412,0.5973283275630398,0.038256658595641646,0.0,0,3.0,
291210,한국제7호스팩,2020Q3,2065,2100,0,2000,332921,-0.03147699757869249,-0.03198304585305056,-0.05213270142180104,0,0.028786876914987082,,-0.03147699757869249,2032.5,,-0.01599015990159902,0,-0.05213270142180093,-0.6071194198849023,0.7575731200247579,1.05,0.0,1,3.0,
291210,한국제7호스팩,2020Q4,1990,2050,1980,2045,1195588,0.022499999999999964,0.02225060893481956,-0.00728155339805836,0,0.032130661952627114,,-0.009685230024213065,2028.75,2057.5,0.00800985828712264,1,-0.007281553398058249,1.4803981546121627,2.105358804744325,0.034229828850855744,0.0,0,3.0,0.0860952927394869
291210,한국제7호스팩,2021Q1,2050,2050,0,2045,589478,0.0,0.0,0.01995012468827917,0,0.027585391877749103,0.02687339181989593,-0.009685230024213065,2038.75,2056.875,0.003065603923972926,1,0.01995012468827939,-0.030524048870405916,0.9788623434872297,1.0024449877750612,0.0,0,1.0,0.030139602591910952
