stock_code,Name,quarter,Open,High,Low,Close,Volume_sum,ret_1q,logret_1q,cumret_4q,down_gap_q,vol_4q,vol_8q,max_drawdown_4q,ma4,ma8,ma4_ratio,ma_cross_4_8,mom_4q,vol_z_4q,vol_drop_ratio_4q,intraquarter_range,crash_count_4q,down_streak_1q,down_streak_4q_max,vol_mean_decline_q
295310,에이치브이엠,2024Q2,28650,31750,20000,20200,19633844,,,,0,,,,,,,0,,,,0.5816831683168316,,0,,
295310,에이치브이엠,2024Q3,19710,21600,10460,15500,62408470,-0.23267326732673266,-0.2648425804819574,,1,,,,,,,0,,,,0.7187096774193549,,1,,
295310,에이치브이엠,2024Q4,16050,30400,13850,24500,67853252,0.5806451612903225,0.45783309362547975,,0,,,,,,,0,,,,0.6755102040816326,,0,,
295310,에이치브이엠,2025Q1,24600,34250,18650,19460,52206390,-0.20571428571428574,-0.23031204079282297,,1,,,-0.20571428571428574,19915.0,,-0.02284710017574687,0,,0.07785020552084229,1.0332683766801347,0.8016443987667009,2.0,1,1.0,
295310,에이치브이엠,2025Q2,19450,30250,16000,28850,11532940,0.4825282631038026,0.39374891619624997,0.42821782178217815,0,0.435449269314141,,0.0,22077.5,,0.30676027629939995,0,0.42821782178217815,-1.4506121113443597,0.23779128785342876,0.49393414211438474,2.0,0,1.0,
295310,에이치브이엠,2025Q3,28600,35850,24200,24850,11090315,-0.13864818024263437,-0.1492522404114709,0.6032258064516127,1,0.4092072477213377,,-0.13864818024263437,24415.0,,0.01781691583043221,0,0.603225806451613,-0.8521770622857011,0.310908041066758,0.4688128772635815,2.0,1,1.0,
295310,에이치브이엠,2025Q4,24900,61100,21950,58900,18895041,1.370221327967807,0.862983338114903,1.4040816326530612,0,0.7309978950586261,,0.0,33015.0,,0.784037558685446,0,1.4040816326530612,-0.23244849749710517,0.8064061585653112,0.6646859083191851,2.0,0,1.0,
