stock_code,Name,quarter,Open,High,Low,Close,Volume_sum,ret_1q,logret_1q,cumret_4q,down_gap_q,vol_4q,vol_8q,max_drawdown_4q,ma4,ma8,ma4_ratio,ma_cross_4_8,mom_4q,vol_z_4q,vol_drop_ratio_4q,intraquarter_range,crash_count_4q,down_streak_1q,down_streak_4q_max,vol_mean_decline_q
296160,프로젠,2023Q4,4715,9020,2465,7150,570872,,,,0,,,,,,,0,,,,0.9167832167832168,,0,,
296160,프로젠,2024Q1,7500,9380,6400,6730,367741,-0.058741258741258795,-0.060537213049279615,,0,,,,,,,0,,,,0.4427934621099554,,1,,
296160,프로젠,2024Q2,6720,7000,5550,5940,143519,-0.11738484398216942,-0.12486601028208355,,1,,,,,,,0,,,,0.2441077441077441,,2,,
296160,프로젠,2024Q3,5860,8490,5820,6870,498045,0.15656565656565657,0.14545497285970477,,0,,,-0.03916083916083912,6672.5,,0.029599100786811494,0,,0.5491649573623574,1.260732183799663,0.388646288209607,1.0,0,2.0,
296160,프로젠,2024Q4,7810,7810,5640,6370,445010,-0.07278020378457062,-0.07556463665018676,-0.10909090909090913,0,0.12234895592258639,,-0.07278020378457062,6477.5,,-0.016595908915476687,0,-0.10909090909090913,0.5214674822069859,1.223971422972327,0.34065934065934067,1.0,1,2.0,
296160,프로젠,2025Q1,6370,6500,4515,4785,637019,-0.24882260596546313,-0.2861134446791542,-0.2890044576523032,1,0.16887974774380726,,-0.3034934497816594,5991.25,,-0.20133528061756734,0,-0.2890044576523031,0.9910093370509296,1.4783513277206395,0.4148380355276907,2.0,2,2.0,
296160,프로젠,2025Q2,4900,7900,4755,6820,1464147,0.4252873563218391,0.35437344695045425,0.14814814814814814,0,0.291924217053644,,-0.00727802037845704,6211.25,,0.09800764741396661,0,0.14814814814814814,1.4781124444101361,1.9238379867953082,0.46114369501466274,1.0,0,2.0,
296160,프로젠,2025Q3,7000,9970,5770,5920,1266810,-0.13196480938416422,-0.14152302295945773,-0.1382823871906841,1,0.29737392306051397,,-0.13196480938416422,5973.75,6323.125,-0.008997698263234932,1,-0.1382823871906841,0.6411079012073977,1.3289427236291977,0.7094594594594594,2.0,1,2.0,0.41400732742548296
296160,프로젠,2025Q4,6100,8280,5400,7540,785096,0.2736486486486487,0.24188573312395079,0.18367346938775508,0,0.3213387035721331,0.2316851821086246,0.0,6266.25,6371.875,0.2032714941153002,1,0.18367346938775508,-0.6474576496760865,0.7561592960584358,0.3819628647214854,2.0,0,2.0,0.4812860250237767
