stock_code,Name,quarter,Open,High,Low,Close,Volume_sum,ret_1q,logret_1q,cumret_4q,down_gap_q,vol_4q,vol_8q,max_drawdown_4q,ma4,ma8,ma4_ratio,ma_cross_4_8,mom_4q,vol_z_4q,vol_drop_ratio_4q,intraquarter_range,crash_count_4q,down_streak_1q,down_streak_4q_max,vol_mean_decline_q
298870,우리벤처파트너스,2021Q4,6030,6280,5130,5130,52038358,,,,0,,,,,,,0,,,,0.22417153996101363,,0,,
298870,우리벤처파트너스,2022Q1,5130,5190,4095,4525,28355074,-0.11793372319688111,-0.1254880820307882,,1,,,,,,,0,,,,0.2419889502762431,,1,,
298870,우리벤처파트너스,2022Q2,4530,4830,2995,3055,14408075,-0.3248618784530387,-0.39283798452833096,,1,,,,,,,0,,,,0.6006546644844517,,2,,
298870,우리벤처파트너스,2022Q3,3135,3900,2165,2230,22151185,-0.27004909983633385,-0.3147780071515305,,1,,,-0.5653021442495128,3735.0,,-0.4029451137884873,0,,-0.4365087709114926,0.7576118042669766,0.7780269058295964,3.0,3,3.0,
298870,우리벤처파트너스,2022Q4,2225,3915,1930,3190,457190720,0.4304932735426008,0.3580193313247255,-0.37816764132553615,0,0.34533268781060933,,-0.2950276243093922,3250.0,,-0.018461538461538418,0,-0.37816764132553604,1.4994854987268587,3.502672241897126,0.622257053291536,3.0,0,3.0,
298870,우리벤처파트너스,2023Q1,3225,4175,2880,2945,328761767,-0.07680250783699061,-0.07991209969320323,-0.34917127071823206,0,0.3440629992846212,,-0.07680250783699061,2855.0,,0.031523642732049106,0,-0.34917127071823206,0.5531204711493587,1.5988185856268384,0.4397283531409168,2.0,1,3.0,
298870,우리벤처파트너스,2023Q2,2950,2970,2500,2605,19635077,-0.11544991511035652,-0.12267614189821963,-0.14729950900163669,1,0.3039875774966978,,-0.1833855799373041,2742.5,,-0.05013673655423878,0,-0.14729950900163669,-0.8470096458508956,0.09488538273082586,0.18042226487523993,2.0,2,3.0,
298870,우리벤처파트너스,2023Q3,2610,2680,0,2555,6861755,-0.019193857965451033,-0.019380451549662503,0.1457399103139012,0,0.25359072972871183,,-0.19905956112852663,2823.75,3279.375,-0.09517485613103138,1,0.14573991031390143,-0.8703733881395396,0.03378305496493376,1.0489236790606653,1.0,3,3.0,0.7483270089459706
