stock_code,Name,quarter,Open,High,Low,Close,Volume_sum,ret_1q,logret_1q,cumret_4q,down_gap_q,vol_4q,vol_8q,max_drawdown_4q,ma4,ma8,ma4_ratio,ma_cross_4_8,mom_4q,vol_z_4q,vol_drop_ratio_4q,intraquarter_range,crash_count_4q,down_streak_1q,down_streak_4q_max,vol_mean_decline_q
303810,동국생명과학,2025Q1,6449,8375,4565,4585,173787254,,,,0,,,,,,,0,,,,0.8309705561613958,,0,,
303810,동국생명과학,2025Q2,4595,5325,4385,4460,18819932,-0.02726281352235549,-0.027641339676456766,,0,,,,,,,0,,,,0.21076233183856502,,1,,
303810,동국생명과학,2025Q3,4450,5350,3985,4035,30097992,-0.0952914798206278,-0.10014246431006057,,0,,,,,,,0,,,,0.3382899628252788,,2,,
303810,동국생명과학,2025Q4,4050,4160,3545,3660,9410006,-0.09293680297397766,-0.09754315430863691,,0,,,-0.2017448200654307,4185.0,,-0.1254480286738351,0,,-0.6262536668603751,0.16216097263158794,0.1680327868852459,0.0,3,3.0,
