stock_code,Name,quarter,Open,High,Low,Close,Volume_sum,ret_1q,logret_1q,cumret_4q,down_gap_q,vol_4q,vol_8q,max_drawdown_4q,ma4,ma8,ma4_ratio,ma_cross_4_8,mom_4q,vol_z_4q,vol_drop_ratio_4q,intraquarter_range,crash_count_4q,down_streak_1q,down_streak_4q_max,vol_mean_decline_q
308430,셀비온,2024Q4,25400,29450,9930,11800,145224904,,,,0,,,,,,,0,,,,1.6542372881355931,,0,,
308430,셀비온,2025Q1,12000,22450,11730,18140,34206245,0.5372881355932204,0.4300199132153715,,0,,,,,,,0,,,,0.5909592061742006,,0,,
308430,셀비온,2025Q2,18310,22200,14420,20800,10017459,0.14663726571113567,0.1368335420202822,,0,,,,,,,0,,,,0.37403846153846154,,0,,
308430,셀비온,2025Q3,21000,29600,17490,17690,21040768,-0.1495192307692308,-0.16195347853557784,,1,,,-0.1495192307692308,17107.5,,0.034049393540844575,0,,-0.5051283256673234,0.399844750359277,0.684567552289429,1.0,1,1.0,
308430,셀비온,2025Q4,17800,27400,15700,23600,19946534,0.3340870548332391,0.28824720385986957,1.0,0,0.2918795803602124,,0.0,20057.5,,0.1766172254767544,0,1.0,-0.13658905392593823,0.9363360409100204,0.4957627118644068,1.0,0,1.0,
