stock_code,Name,quarter,Open,High,Low,Close,Volume_sum,ret_1q,logret_1q,cumret_4q,down_gap_q,vol_4q,vol_8q,max_drawdown_4q,ma4,ma8,ma4_ratio,ma_cross_4_8,mom_4q,vol_z_4q,vol_drop_ratio_4q,intraquarter_range,crash_count_4q,down_streak_1q,down_streak_4q_max,vol_mean_decline_q
311840,대원모방,2019Q1,19800,22650,19800,22650,0,,,,0,,,,,,,0,,,,0.12582781456953643,,0,,
311840,대원모방,2019Q2,22700,23100,22700,23100,0,0.019867549668874274,0.019672765598704345,,0,,,,,,,0,,,,0.017316017316017316,,0,,
311840,대원모방,2019Q3,23100,23100,23100,23100,0,0.0,0.0,,0,,,,,,,0,,,,0.0,,0,,
311840,대원모방,2019Q4,23100,23100,23100,23100,0,0.0,0.0,,0,,,0.0,22987.5,,0.004893964110929794,0,,,,0.0,0.0,0,0.0,
311840,대원모방,2020Q1,0,23100,0,23100,0,0.0,0.0,0.019867549668874274,0,0.009933774834437137,,0.0,23100.0,,0.0,0,0.019867549668874274,,,1.0,0.0,0,0.0,
