stock_code,Name,quarter,Open,High,Low,Close,Volume_sum,ret_1q,logret_1q,cumret_4q,down_gap_q,vol_4q,vol_8q,max_drawdown_4q,ma4,ma8,ma4_ratio,ma_cross_4_8,mom_4q,vol_z_4q,vol_drop_ratio_4q,intraquarter_range,crash_count_4q,down_streak_1q,down_streak_4q_max,vol_mean_decline_q
329050,구스앤홈,2019Q3,10000,15000,9600,9600,31578,,,,0,,,,,,,0,,,,0.5625,,0,,
329050,구스앤홈,2019Q4,9600,14600,9600,12000,6014,0.25,0.22314355131420882,,0,,,,,,,0,,,,0.4166666666666667,,0,,
329050,구스앤홈,2020Q1,13800,16500,0,3330,6411,-0.7224999999999999,-1.2819343457956478,,1,,,,,,,0,,,,4.954954954954955,,1,,
329050,구스앤홈,2020Q2,0,0,0,3330,0,0.0,0.0,,0,,,-0.7224999999999999,7065.0,,-0.5286624203821656,0,,-0.7841869409499371,0.0,0.0,1.0,0,1.0,
329050,구스앤홈,2020Q3,0,0,0,3330,0,0.0,0.0,-0.653125,0,0.4197984387377669,,-0.7224999999999999,5497.5,,-0.39427012278308327,0,-0.653125,-0.865142619877411,0.0,0.0,1.0,0,1.0,
329050,구스앤홈,2020Q4,0,0,0,3330,0,0.0,0.0,-0.7224999999999999,0,0.36124999999999996,,0.0,3330.0,,0.0,0,-0.7224999999999999,-0.4999999999999993,0.0,0.0,1.0,0,1.0,
329050,구스앤홈,2021Q1,0,0,0,3330,0,0.0,0.0,0.0,0,0.0,,0.0,3330.0,,0.0,0,0.0,,,0.0,0.0,0,0.0,
329050,구스앤홈,2021Q2,0,3600,0,100,9797,-0.96996996996997,-3.505557396986397,-0.96996996996997,1,0.484984984984985,,-0.96996996996997,2522.5,4793.75,-0.960356788899901,1,-0.96996996996997,1.4999999999999991,4.0,36.0,1.0,1,1.0,-0.6357992565055762
