stock_code,Name,quarter,Open,High,Low,Close,Volume_sum,ret_1q,logret_1q,cumret_4q,down_gap_q,vol_4q,vol_8q,max_drawdown_4q,ma4,ma8,ma4_ratio,ma_cross_4_8,mom_4q,vol_z_4q,vol_drop_ratio_4q,intraquarter_range,crash_count_4q,down_streak_1q,down_streak_4q_max,vol_mean_decline_q
332190,오션스바이오,2025Q1,10500,10500,2135,2690,12516,,,,0,,,,,,,0,,,,3.109665427509294,,0,,
332190,오션스바이오,2025Q2,2690,4600,2440,4600,8850,0.7100371747211895,0.5365151098813019,,0,,,,,,,0,,,,0.46956521739130436,,0,,
332190,오션스바이오,2025Q3,4600,5810,4590,5000,7795,0.08695652173913038,0.08338160893905133,,0,,,,,,,0,,,,0.244,,0,,
332190,오션스바이오,2025Q4,5000,5100,3800,3800,7156,-0.24,-0.27443684570176075,,1,,,-0.24,4022.5,,-0.05531385954008705,0,,-0.8029356965265105,0.7881708290883057,0.34210526315789475,1.0,1,1.0,
