stock_code,Name,quarter,Open,High,Low,Close,Volume_sum,ret_1q,logret_1q,cumret_4q,down_gap_q,vol_4q,vol_8q,max_drawdown_4q,ma4,ma8,ma4_ratio,ma_cross_4_8,mom_4q,vol_z_4q,vol_drop_ratio_4q,intraquarter_range,crash_count_4q,down_streak_1q,down_streak_4q_max,vol_mean_decline_q
336680,탑런토탈솔루션,2024Q4,7560,9400,4415,4925,63632318,,,,0,,,,,,,0,,,,1.0121827411167512,,0,,
336680,탑런토탈솔루션,2025Q1,4925,5940,4305,4355,10350708,-0.115736040609137,-0.12299966431958609,,1,,,,,,,0,,,,0.37543053960964407,,1,,
336680,탑런토탈솔루션,2025Q2,4340,6300,3950,4060,10294359,-0.06773823191733641,-0.07014163669082407,,0,,,,,,,0,,,,0.5788177339901478,,2,,
336680,탑런토탈솔루션,2025Q3,4060,4775,3810,3865,7852064,-0.04802955665024633,-0.04922129157425559,,0,,,-0.2152284263959391,4301.25,,-0.10142400464981105,0,,-0.5603304352704436,0.3409144018651409,0.24967658473479948,1.0,3,3.0,
336680,탑런토탈솔루션,2025Q4,4000,4975,3800,4045,19458845,0.04657179818887447,0.04551986847106981,-0.17868020304568533,0,0.06809088494164446,,-0.07118254879448904,4081.25,,-0.008882082695252702,0,-0.17868020304568533,1.4605772244419306,1.623059032309133,0.2904820766378245,1.0,0,3.0,
