stock_code,Name,quarter,Open,High,Low,Close,Volume_sum,ret_1q,logret_1q,cumret_4q,down_gap_q,vol_4q,vol_8q,max_drawdown_4q,ma4,ma8,ma4_ratio,ma_cross_4_8,mom_4q,vol_z_4q,vol_drop_ratio_4q,intraquarter_range,crash_count_4q,down_streak_1q,down_streak_4q_max,vol_mean_decline_q
338840,와이바이오로직스,2023Q4,23450,23800,12030,15600,114265200,,,,0,,,,,,,0,,,,0.7544871794871795,,0,,
338840,와이바이오로직스,2024Q1,15500,17050,8480,12100,35130899,-0.22435897435897434,-0.25406546165279487,,1,,,,,,,0,,,,0.7082644628099174,,1,,
338840,와이바이오로직스,2024Q2,12250,12580,8090,9610,27819462,-0.20578512396694215,-0.23040122962049558,,1,,,,,,,0,,,,0.4672216441207076,,2,,
338840,와이바이오로직스,2024Q3,9660,12580,7570,10020,15847040,0.042663891779396446,0.0417788726745183,,0,,,-0.35769230769230764,11832.5,,-0.1531798013944644,0,,-0.725054732408781,0.3283295660147042,0.5,2.0,0,2.0,
338840,와이바이오로직스,2024Q4,9900,14190,6400,7690,14023077,-0.2325349301397206,-0.2646623121391656,-0.507051282051282,1,0.13225288350773934,,-0.36446280991735536,9855.0,,-0.2196854388635211,0,-0.507051282051282,-0.9152078654278161,0.604309622279687,1.013003901170351,3.0,1,2.0,
338840,와이바이오로직스,2025Q1,7700,9400,5700,5760,5906347,-0.2509752925877763,-0.28898330880975287,-0.5239669421487604,1,0.13747212627907793,,-0.4251497005988024,8270.0,,-0.3035066505441354,0,-0.5239669421487603,-1.104687323751581,0.371492161306056,0.6423611111111112,3.0,2,2.0,
338840,와이바이오로직스,2025Q2,5770,12010,5330,9060,10490216,0.5729166666666667,0.4529316453470873,-0.05723204994797082,0,0.3841675686626907,,-0.09580838323353291,8132.5,,0.11404857055026141,0,-0.05723204994797082,-0.2457650864912338,0.9069348395000463,0.7373068432671082,2.0,0,2.0,
338840,와이바이오로직스,2025Q3,9080,15180,8880,13930,18545246,0.5375275938189845,0.43017566773682603,0.3902195608782435,0,0.4604233343206882,,0.0,9110.0,10471.25,0.5290889132821075,1,0.3902195608782435,1.1766456685628717,1.5149832882282213,0.45226130653266333,2.0,0,2.0,-0.5953774787571959
338840,와이바이오로직스,2025Q4,14160,29100,13600,22900,32969805,0.6439339554917445,0.49709212276848014,1.9778933680104034,0,0.42021973223220654,0.4045878640034816,0.0,12912.5,11383.75,0.7734753146176185,0,1.977893368010403,1.3469729455918404,1.941924396024515,0.6768558951965066,1.0,0,2.0,-0.15497131711568835
