stock_code,Name,quarter,Open,High,Low,Close,Volume_sum,ret_1q,logret_1q,cumret_4q,down_gap_q,vol_4q,vol_8q,max_drawdown_4q,ma4,ma8,ma4_ratio,ma_cross_4_8,mom_4q,vol_z_4q,vol_drop_ratio_4q,intraquarter_range,crash_count_4q,down_streak_1q,down_streak_4q_max,vol_mean_decline_q
347850,디앤디파마텍,2024Q2,12324,13488,6281,7419,128948643,,,,0,,,,,,,0,,,,0.9714247203127107,,0,,
347850,디앤디파마텍,2024Q3,7457,11211,6381,10022,119451383,0.3508559105000675,0.3007383993301431,,0,,,,,,,0,,,,0.48193973258830575,,0,,
347850,디앤디파마텍,2024Q4,9922,13488,8095,12162,76721968,0.21353023348633005,0.19353366016038542,,0,,,,,,,0,,,,0.44343035684920246,,0,,
347850,디앤디파마텍,2025Q1,12124,16016,11198,11499,69091381,-0.05451406018746918,-0.056056261631390214,,0,,,-0.05451406018746918,10275.5,,0.11906963164809503,0,,-0.9811177455427966,0.7010556757492056,0.4189929559092095,0.0,1,1.0,
347850,디앤디파마텍,2025Q2,11486,38738,10135,29654,97672075,1.578832941994956,0.9473369485293066,2.9970346407871684,0,0.7242716113075194,,0.0,15834.25,,0.8727757866649826,0,2.997034640787168,0.30645749749305373,1.076463705154049,0.9645579011263236,0.0,0,1.0,
347850,디앤디파마텍,2025Q3,29604,59935,27852,50300,131419525,0.6962298509475957,0.5284080535098585,4.018958291758132,0,0.7175958249541993,,0.0,25903.75,,0.9418037928871303,0,4.018958291758132,1.3518405468347834,1.4021636721578727,0.6378330019880716,0.0,0,1.0,
347850,디앤디파마텍,2025Q4,51051,113700,39990,91800,124346066,0.8250497017892644,0.6016072205207514,6.548100641341885,0,0.6688823516720243,,0.0,45813.25,,1.0037871139899481,0,6.548100641341884,0.659740236699742,1.1771599314449026,0.8029411764705883,0.0,0,1.0,
