stock_code,Name,quarter,Open,High,Low,Close,Volume_sum,ret_1q,logret_1q,cumret_4q,down_gap_q,vol_4q,vol_8q,max_drawdown_4q,ma4,ma8,ma4_ratio,ma_cross_4_8,mom_4q,vol_z_4q,vol_drop_ratio_4q,intraquarter_range,crash_count_4q,down_streak_1q,down_streak_4q_max,vol_mean_decline_q
351020,미쥬,2023Q4,5700,6200,5700,6100,1516,,,,0,,,,,,,0,,,,0.08196721311475409,,0,,
351020,미쥬,2024Q1,6100,6200,6000,6020,269,-0.013114754098360604,-0.013201511858534687,,0,,,,,,,0,,,,0.03322259136212625,,1,,
351020,미쥬,2024Q2,6100,6300,5700,5700,308,-0.05315614617940201,-0.0546210844802264,,0,,,,,,,0,,,,0.10526315789473684,,2,,
351020,미쥬,2024Q3,5700,7700,4250,7000,362,0.22807017543859653,0.2054439742148091,,0,,,0.0,6205.0,,0.12812248186946018,0,,-0.4176985153067233,0.589816700610998,0.4928571428571429,0.0,0,2.0,
351020,미쥬,2024Q4,7000,7000,5390,6800,5760,-0.02857142857142858,-0.028987536873252395,0.11475409836065587,0,0.1308847958195786,,-0.02857142857142858,6380.0,,0.0658307210031348,0,0.11475409836065564,1.499853003475296,3.439319301388267,0.23676470588235293,0.0,1,2.0,
351020,미쥬,2025Q1,6610,9930,6400,8500,7868,0.25,0.2231435513142106,0.4119601328903655,0,0.16215840306303886,,0.0,7000.0,,0.2142857142857142,0,0.4119601328903655,1.118555064900345,2.201147013568331,0.4152941176470588,0.0,0,2.0,
351020,미쥬,2025Q2,7240,9480,5510,7370,3511,-0.13294117647058823,-0.14264845729502618,0.2929824561403509,1,0.18969582143767438,,-0.13294117647058823,7417.5,,-0.0064037748567576935,0,0.2929824561403509,-0.2689861025822937,0.8024684303754072,0.5386702849389416,1.0,1,1.0,
351020,미쥬,2025Q3,7160,8400,6280,7710,583,0.046132971506105847,0.04510048137399281,0.1014285714285712,0,0.1618510356523843,,-0.0929411764705882,7595.0,6900.0,0.015141540487162652,0,0.10142857142857142,-1.232550421277713,0.13158785690102698,0.27496757457846954,1.0,0,1.0,0.7566536155028003
351020,미쥬,2025Q4,7710,10190,6360,7590,4135,-0.015564202334630295,-0.015686596167698852,0.11617647058823533,0,0.16030738735734731,0.13549580053599108,-0.10705882352941176,7792.5,7086.25,-0.025986525505293567,0,0.11617647058823533,0.03699051127099201,1.0275206560228614,0.5046113306982872,1.0,1,1.0,0.41226530970345676
