stock_code,Name,quarter,Open,High,Low,Close,Volume_sum,ret_1q,logret_1q,cumret_4q,down_gap_q,vol_4q,vol_8q,max_drawdown_4q,ma4,ma8,ma4_ratio,ma_cross_4_8,mom_4q,vol_z_4q,vol_drop_ratio_4q,intraquarter_range,crash_count_4q,down_streak_1q,down_streak_4q_max,vol_mean_decline_q
352090,스톰테크,2023Q4,9445,10200,4575,4895,194791910,,,,0,,,,,,,0,,,,1.149131767109295,,0,,
352090,스톰테크,2024Q1,4895,5800,3845,3845,17538666,-0.21450459652706844,-0.24144067302486505,,1,,,,,,,0,,,,0.5084525357607282,,1,,
352090,스톰테크,2024Q2,3840,4445,3515,3635,7645884,-0.0546163849154746,-0.05616449197212425,,0,,,,,,,0,,,,0.2558459422283356,,2,,
352090,스톰테크,2024Q3,3655,4480,3315,3625,10276227,-0.0027510316368638543,-0.0027548226788454144,,0,,,-0.25944841675178754,4000.0,,-0.09375,0,,-0.5163376625473199,0.17852086130052414,0.3213793103448276,1.0,3,3.0,
352090,스톰테크,2024Q4,3600,3635,2880,3095,2271010,-0.14620689655172414,-0.1580663821700785,-0.3677221654749745,1,0.09430748032763261,,-0.1950585175552666,3550.0,,-0.1281690140845071,0,-0.3677221654749745,-1.1281754209531438,0.24075297573369636,0.24394184168012925,2.0,4,4.0,
352090,스톰테크,2025Q1,3140,3970,2950,3200,24796866,0.03392568659127626,0.03336290366912209,-0.1677503250975293,0,0.07815105537112015,,-0.11966987620357639,3388.75,,-0.055699004057543355,0,-0.1677503250975293,1.4073321977427846,2.204656427217905,0.31875,1.0,0,4.0,
352090,스톰테크,2025Q2,3180,4615,3070,3815,20414887,0.19218749999999996,0.17578985493073773,0.049518569463548934,0,0.13902371340470024,,0.0,3433.75,,0.11103021477975972,0,0.049518569463548934,0.5893344961455147,1.413798059834495,0.40498034076015726,1.0,0,4.0,
352090,스톰테크,2025Q3,3820,4610,3580,3670,17266415,-0.038007863695937116,-0.03874900266993997,0.012413793103448256,0,0.14197320420468687,,-0.038007863695937116,3445.0,3722.5,0.06531204644412192,1,0.012413793103448256,0.11036268800807224,1.0666646609783987,0.28065395095367845,1.0,1,4.0,-0.5610252972468497
352090,스톰테크,2025Q4,3625,3910,3500,3640,3136612,-0.008174386920980936,-0.008207980417830996,0.1760904684975766,0,0.10247702220668818,0.12123666036100529,-0.04587155963302747,3581.25,3565.625,0.0164048865619546,0,0.1760904684975768,-1.416168621244365,0.19121374787814574,0.11263736263736264,0.0,2,2.0,0.26980086334169195
