stock_code,Name,quarter,Open,High,Low,Close,Volume_sum,ret_1q,logret_1q,cumret_4q,down_gap_q,vol_4q,vol_8q,max_drawdown_4q,ma4,ma8,ma4_ratio,ma_cross_4_8,mom_4q,vol_z_4q,vol_drop_ratio_4q,intraquarter_range,crash_count_4q,down_streak_1q,down_streak_4q_max,vol_mean_decline_q
354230,폭스소프트,2020Q2,7980,13850,7980,13850,2140,,,,0,,,,,,,0,,,,0.42382671480144407,,0,,
354230,폭스소프트,2020Q3,15900,26150,15900,22550,6348,0.628158844765343,0.4874498333153401,,0,,,,,,,0,,,,0.45454545454545453,,0,,
354230,폭스소프트,2020Q4,19300,22000,17500,20900,1227,-0.07317073170731703,-0.0759859069779214,,0,,,,,,,0,,,,0.215311004784689,,1,,
354230,폭스소프트,2021Q1,20900,24500,19050,24300,1093,0.16267942583732053,0.15072719137573642,,0,,,0.0,20400.0,,0.19117647058823528,0,,-0.6501577783872268,0.40451517394522574,0.2242798353909465,0.0,0,1.0,
354230,폭스소프트,2021Q2,22950,40200,16200,30000,6284,0.23456790123456783,0.21072103131565356,1.1660649819494586,0,0.29139669567790905,,0.0,24437.5,,0.2276214833759591,0,1.1660649819494586,0.8550983603029535,1.6811128945960407,0.8,0.0,0,1.0,
354230,폭스소프트,2021Q3,28950,28950,0,27400,4024,-0.08666666666666667,-0.09065436826813134,0.21507760532150777,0,0.1635653736878718,,-0.08666666666666667,25650.0,,0.06822612085769975,0,0.21507760532150777,0.34899567756019895,1.274627811213177,1.0565693430656935,0.0,1,1.0,
