stock_code,Name,quarter,Open,High,Low,Close,Volume_sum,ret_1q,logret_1q,cumret_4q,down_gap_q,vol_4q,vol_8q,max_drawdown_4q,ma4,ma8,ma4_ratio,ma_cross_4_8,mom_4q,vol_z_4q,vol_drop_ratio_4q,intraquarter_range,crash_count_4q,down_streak_1q,down_streak_4q_max,vol_mean_decline_q
355690,에이텀,2023Q4,56900,59500,16010,18470,24030592,,,,0,,,,,,,0,,,,2.3546291283161884,,0,,
355690,에이텀,2024Q1,18040,19980,11650,11830,11031702,-0.3595018949648078,-0.4455091162208529,,1,,,,,,,0,,,,0.7041420118343196,,1,,
355690,에이텀,2024Q2,11890,16550,9400,12170,30146588,0.02874049027895187,0.02833522900914076,,0,,,,,,,0,,,,0.5875102711585867,,0,,
355690,에이텀,2024Q3,12330,13400,7410,8320,3039285,-0.31635168447000817,-0.3803116521663199,,1,,,-0.5495397942609637,12697.5,,-0.34475290411498327,0,,-1.1414471468357377,0.17813137750644645,0.7199519230769231,2.0,1,1.0,
355690,에이텀,2024Q4,8260,8670,4445,5010,1331694,-0.39783653846153844,-0.5072263397363432,-0.7287493232268543,1,0.19616319464703863,,-0.5883319638455218,9332.5,,-0.4631663541387624,0,-0.7287493232268544,-0.761700827830996,0.11694536744376732,0.843313373253493,3.0,2,2.0,
355690,에이텀,2025Q1,5230,8550,5010,6500,2438578,0.29740518962075857,0.26036626180481726,-0.4505494505494505,0,0.3214466821502705,,-0.4658997534921939,8000.0,,-0.1875,0,-0.4505494505494505,-0.4872679898584192,0.26394289772377505,0.5446153846153846,2.0,0,2.0,
355690,에이텀,2025Q2,6420,7670,4585,5430,2065632,-0.1646153846153846,-0.17986304295574662,-0.553820870994248,1,0.3105877982019131,,-0.3473557692307693,6315.0,,-0.14014251781472686,0,-0.5538208709942481,-0.21434011868139846,0.9309692447112957,0.5681399631675875,3.0,1,2.0,
355690,에이텀,2025Q3,5390,9880,4940,8020,8522045,0.47697974217311234,0.38999928793257865,-0.03605769230769218,0,0.4041875626480293,,0.0,6240.0,9468.75,0.28525641025641035,1,-0.03605769230769229,1.485546574569574,2.3741677867779027,0.6159600997506235,2.0,0,2.0,-0.6523756425008531
355690,에이텀,2025Q4,8020,9920,3650,4470,3203130,-0.442643391521197,-0.5845500132529455,-0.10778443113772462,1,0.4211128630150318,0.34456786394444566,-0.442643391521197,6105.0,7718.75,-0.26781326781326786,1,-0.10778443113772451,-0.28342670464885256,0.7894642957820028,1.4026845637583893,2.0,1,1.0,-0.4745957074428977
