stock_code,Name,quarter,Open,High,Low,Close,Volume_sum,ret_1q,logret_1q,cumret_4q,down_gap_q,vol_4q,vol_8q,max_drawdown_4q,ma4,ma8,ma4_ratio,ma_cross_4_8,mom_4q,vol_z_4q,vol_drop_ratio_4q,intraquarter_range,crash_count_4q,down_streak_1q,down_streak_4q_max,vol_mean_decline_q
360350,코셈,2024Q1,42000,46400,19170,19900,65463129,,,,0,,,,,,,0,,,,1.3683417085427136,,0,,
360350,코셈,2024Q2,20500,20950,10310,11160,17250355,-0.43919597989949744,-0.5783837747772829,,1,,,,,,,0,,,,0.953405017921147,,1,,
360350,코셈,2024Q3,11250,11800,6950,8240,7793315,-0.2616487455197133,-0.30333561303178413,,1,,,,,,,0,,,,0.5885922330097088,,2,,
360350,코셈,2024Q4,8200,8690,6160,7820,3329415,-0.050970873786407744,-0.052315789364159926,,0,,,-0.607035175879397,11780.0,,-0.33616298811544987,0,,-0.7038868688009264,0.14192452393699515,0.3235294117647059,2.0,3,3.0,
360350,코셈,2025Q1,7820,8540,6560,6710,1683850,-0.1419437340153452,-0.15308560357362921,-0.6628140703517588,1,0.16772774761777196,,-0.39874551971326166,8482.5,,-0.20895962275272617,0,-0.6628140703517589,-0.8346853514801146,0.22408805155948203,0.29508196721311475,3.0,4,4.0,
360350,코셈,2025Q2,6790,9110,6250,8090,2132519,0.2056631892697467,0.18702978008681015,-0.27508960573476693,0,0.19833947677082098,,-0.01820388349514568,7715.0,,0.048606610499027925,0,-0.27508960573476704,-0.5735821705418204,0.5709899907618258,0.3535228677379481,2.0,0,4.0,
360350,코셈,2025Q3,8030,9480,7310,7570,1140240,-0.06427688504326334,-0.0664356636210428,-0.0813106796116505,0,0.15111929885017034,,-0.06427688504326334,7547.5,,0.0029811195760185427,0,-0.0813106796116505,-0.9996500206727226,0.5504401145833031,0.2866578599735799,1.0,1,4.0,
360350,코셈,2025Q4,7630,8040,6700,6850,793944,-0.095112285336856,-0.09994441517522468,-0.12404092071611239,0,0.1563490349843667,,-0.1532756489493201,7305.0,9542.5,-0.06228610540725532,1,-0.1240409207161125,-1.0899809099526936,0.552255756968069,0.19562043795620437,1.0,2,4.0,-0.8845117042508268
