stock_code,Name,quarter,Open,High,Low,Close,Volume_sum,ret_1q,logret_1q,cumret_4q,down_gap_q,vol_4q,vol_8q,max_drawdown_4q,ma4,ma8,ma4_ratio,ma_cross_4_8,mom_4q,vol_z_4q,vol_drop_ratio_4q,intraquarter_range,crash_count_4q,down_streak_1q,down_streak_4q_max,vol_mean_decline_q
362990,드림인사이트,2024Q1,7600,8240,2840,3135,39802738,,,,0,,,,,,,0,,,,1.722488038277512,,0,,
362990,드림인사이트,2024Q2,3110,3170,2520,2610,8799859,-0.16746411483253587,-0.18327895275028272,,1,,,,,,,0,,,,0.24904214559386972,,1,,
362990,드림인사이트,2024Q3,2610,2955,1580,1908,12913122,-0.2689655172413793,-0.3132946483085073,,1,,,,,,,0,,,,0.7206498951781971,,2,,
362990,드림인사이트,2024Q4,1908,2645,1655,1780,37690501,-0.06708595387840666,-0.0694422087221005,,0,,,-0.4322169059011164,2358.25,,-0.24520301070709216,0,,0.79499343386444,1.5196829795551126,0.5561797752808989,2.0,3,3.0,
362990,드림인사이트,2025Q1,1785,2535,1748,1884,18690467,0.05842696629213484,0.05678381185017756,-0.39904306220095687,0,0.13997016941916918,,-0.2781609195402299,2045.5,,-0.07895380102664384,0,-0.399043062200957,-0.06521868345281602,0.9573324048448363,0.4177282377919321,2.0,0,3.0,
362990,드림인사이트,2025Q2,1885,2840,1834,2095,34839556,0.11199575371549897,0.10615637721992943,-0.19731800766283514,0,0.16925475189228864,,0.0,1916.75,,0.09299595669753491,0,-0.19731800766283525,0.7275596450157937,1.3382631776861054,0.4801909307875895,1.0,0,3.0,
362990,드림인사이트,2025Q3,2085,2495,1962,2010,7014996,-0.04057279236276845,-0.0414188313031163,0.053459119496855445,0,0.08390194043754053,,-0.04057279236276845,1942.25,,0.03488222422448195,0,0.053459119496855445,-1.220015122095268,0.28563989888789715,0.2651741293532338,0.0,1,3.0,
362990,드림인사이트,2025Q4,2010,2170,1570,1843,8182266,-0.08308457711442785,-0.08674004338329855,0.03539325842696628,0,0.08936667569111337,,-0.12028639618138426,1958.0,2158.125,-0.058733401430030696,1,0.03539325842696628,-0.6982010309553071,0.47621645464388707,0.32555615843733043,0.0,2,2.0,-0.18149406814322133
