stock_code,Name,quarter,Open,High,Low,Close,Volume_sum,ret_1q,logret_1q,cumret_4q,down_gap_q,vol_4q,vol_8q,max_drawdown_4q,ma4,ma8,ma4_ratio,ma_cross_4_8,mom_4q,vol_z_4q,vol_drop_ratio_4q,intraquarter_range,crash_count_4q,down_streak_1q,down_streak_4q_max,vol_mean_decline_q
364950,에이아이코리아,2025Q2,13950,16300,8860,9150,32687921,,,,0,,,,,,,0,,,,0.8131147540983606,,0,,
364950,에이아이코리아,2025Q3,9200,13580,7710,10390,36556175,0.13551912568306013,0.12708992582370549,,0,,,,,,,0,,,,0.5649663137632339,,0,,
364950,에이아이코리아,2025Q4,10370,13930,7820,8140,41780857,-0.21655437921077958,-0.2440536250966865,,1,,,,,,,0,,,,0.7506142506142506,,1,,
