stock_code,Name,quarter,Open,High,Low,Close,Volume_sum,ret_1q,logret_1q,cumret_4q,down_gap_q,vol_4q,vol_8q,max_drawdown_4q,ma4,ma8,ma4_ratio,ma_cross_4_8,mom_4q,vol_z_4q,vol_drop_ratio_4q,intraquarter_range,crash_count_4q,down_streak_1q,down_streak_4q_max,vol_mean_decline_q
365330,에스와이스틸텍,2023Q4,2717,5065,2120,3369,552336770,,,,0,,,,,,,0,,,,0.8741466310477887,,0,,
365330,에스와이스틸텍,2024Q1,3496,3574,2256,2293,82523709,-0.31938260611457403,-0.38475496054864866,,1,,,,,,,0,,,,0.5747928477976451,,1,,
365330,에스와이스틸텍,2024Q2,2292,2383,1748,1799,9547160,-0.21543829044919316,-0.24263004890737072,,1,,,,,,,0,,,,0.3529738743746526,,2,,
365330,에스와이스틸텍,2024Q3,1967,4209,1835,3299,675380191,0.8337965536409115,0.6063884372780484,,0,,,-0.020777678836449986,2690.0,,0.22639405204460972,0,,1.0373547470527857,2.0469356532860288,0.7196120036374659,2.0,0,2.0,
365330,에스와이스틸텍,2024Q4,3248,8079,3170,6310,697361655,0.9127008184298273,0.6485162843066767,0.8729593351142773,0,0.6607113370153659,,0.0,3425.25,,0.8422012991752428,0,0.8729593351142773,0.8925986470857792,1.90430257154069,0.7779714738510302,2.0,0,2.0,
365330,에스와이스틸텍,2025Q1,6218,7675,4175,4217,173393726,-0.33169572107765455,-0.4030117017886994,0.8390754470126474,1,0.6645943794388299,,-0.33169572107765455,3906.25,,0.07955200000000007,0,0.8390754470126471,-0.6157318112370843,0.4458331314819788,0.8299739151055252,2.0,1,2.0,
365330,에스와이스틸텍,2025Q2,4208,5624,3706,4060,48927033,-0.03723025847759065,-0.037941001150780806,1.2568093385214008,0,0.6232233106958807,,-0.3565768621236133,4471.5,,-0.09202728390920278,0,1.2568093385214008,-1.0409301635482642,0.12269620727519971,0.4724137931034483,1.0,2,2.0,
365330,에스와이스틸텍,2025Q3,4023,6049,3100,3210,65622170,-0.20935960591133007,-0.23491203647171766,-0.026977872082449394,1,0.5657749803198827,,-0.49128367670364503,4449.25,3569.625,-0.2785300893409002,0,-0.026977872082449172,-0.5910995446350679,0.2664035916024927,0.9186915887850468,2.0,3,3.0,-0.14510621958951098
365330,에스와이스틸텍,2025Q4,3225,3895,2975,3410,100442632,0.06230529595015577,0.06044135415350205,-0.45958795562599053,0,0.1756536584930274,0.5035985891595236,-0.19136827128290257,3724.25,3574.75,-0.08437940524937904,0,-0.45958795562599053,0.06061278185000738,1.034463091175524,0.2697947214076246,2.0,0,3.0,-0.5808483463104624
