stock_code,Name,quarter,Open,High,Low,Close,Volume_sum,ret_1q,logret_1q,cumret_4q,down_gap_q,vol_4q,vol_8q,max_drawdown_4q,ma4,ma8,ma4_ratio,ma_cross_4_8,mom_4q,vol_z_4q,vol_drop_ratio_4q,intraquarter_range,crash_count_4q,down_streak_1q,down_streak_4q_max,vol_mean_decline_q
367460,유안타제7호스팩,2020Q4,2195,2228,2185,2207,968841,,,,0,,,,,,,0,,,,0.019483461712732214,,0,,
367460,유안타제7호스팩,2021Q1,2201,2671,2195,2300,1292022,0.042138649750792956,0.04127499566050474,,0,,,,,,,0,,,,0.20695652173913043,,0,,
367460,유안타제7호스팩,2021Q2,2277,2944,2256,2316,2835372,0.006956521739130528,0.006932436775644035,,0,,,,,,,0,,,,0.2970639032815199,,0,,
367460,유안타제7호스팩,2021Q3,2321,2611,2305,2338,1816228,0.009499136442141731,0.00945430333912789,,0,,,0.0,2290.25,,0.020849252265036533,0,,0.10790272402030371,1.0509874700233477,0.13088109495295125,0.0,0,0.0,
367460,유안타제7호스팩,2021Q4,2381,2441,2288,2343,408081,0.0021385799828914642,0.0021362964757818403,0.061622111463525364,0,0.018227682211350727,,0.0,2324.25,,0.008067118425298503,0,0.06162211146352514,-1.1629427283963478,0.256989975759257,0.06530089628681178,0.0,0,0.0,
367460,유안타제7호스팩,2022Q1,2321,2403,2299,2354,293237,0.0046948356807512415,0.004683849312426602,0.023478260869565615,0,0.0031435942341754885,,0.0,2337.75,,0.006951128221580616,0,0.02347826086956517,-0.8602287418093664,0.2191231025769496,0.044180118946474084,0.0,0,0.0,
367460,유안타제7호스팩,2022Q2,2359,2518,0,2480,217034,0.053525913338997366,0.05214255133880563,0.07081174438687432,0,0.024233727872243243,,0.0,2378.75,,0.042564372044140875,0,0.07081174438687388,-0.6146674400355677,0.31746593626809233,1.0153225806451613,0.0,0,0.0,
367460,유안타제7호스팩,2022Q3,0,4890,0,3270,64035375,0.31854838709677424,0.2765314247322719,0.39863130881094966,0,0.15107608347807633,,0.0,2611.75,2451.0,0.25203407676845035,0,0.39863130881094944,1.4999954453722706,3.9434457702481027,1.4954128440366972,0.0,0,0.0,0.8076296238885072
367460,유안타제7호스팩,2022Q4,3300,5160,0,2340,27355607,-0.2844036697247706,-0.33463905553955264,-0.001280409731113874,1,0.2470578490355881,0.162232005389682,-0.2844036697247706,2611.0,2467.625,-0.1037916507085408,0,-0.001280409731113985,0.14500544173229718,1.1906521883874641,2.2051282051282053,1.0,1,1.0,0.8707071367908767
