stock_code,Name,quarter,Open,High,Low,Close,Volume_sum,ret_1q,logret_1q,cumret_4q,down_gap_q,vol_4q,vol_8q,max_drawdown_4q,ma4,ma8,ma4_ratio,ma_cross_4_8,mom_4q,vol_z_4q,vol_drop_ratio_4q,intraquarter_range,crash_count_4q,down_streak_1q,down_streak_4q_max,vol_mean_decline_q
372320,큐로셀,2023Q4,22550,38550,18200,35800,74498755,,,,0,,,,,,,0,,,,0.5684357541899442,,0,,
372320,큐로셀,2024Q1,35300,43000,24200,32900,25108336,-0.08100558659217882,-0.08447523563532933,,0,,,,,,,0,,,,0.5714285714285714,,1,,
372320,큐로셀,2024Q2,33350,38500,26900,29500,13650219,-0.10334346504559266,-0.10908239442555079,,1,,,,,,,0,,,,0.39322033898305087,,2,,
372320,큐로셀,2024Q3,29600,33000,23250,29400,5881897,-0.003389830508474523,-0.003395589001138788,,0,,,-0.17877094972067042,31900.0,,-0.07836990595611282,0,,-0.7751210177940911,0.1974798103197044,0.33163265306122447,1.0,3,3.0,
372320,큐로셀,2024Q4,28900,34100,19390,31050,8591715,0.05612244897959173,0.05460413403485198,-0.13268156424581,0,0.07319443441327486,,-0.05623100303951367,30712.5,,0.01098901098901095,0,-0.13268156424581,-0.5548550672387085,0.64560324962912,0.47375201288244767,1.0,0,3.0,
372320,큐로셀,2025Q1,32500,36000,25500,25650,6342244,-0.17391304347826086,-0.1910552367627094,-0.22036474164133735,1,0.10244363391436424,,-0.17391304347826086,28900.0,,-0.11245674740484424,0,-0.22036474164133735,-0.6391065696684785,0.7360564265005516,0.4093567251461988,2.0,1,3.0,
372320,큐로셀,2025Q2,25600,33300,23750,30200,2603442,0.17738791423001943,0.1632983527640448,0.023728813559321882,0,0.1461547337309633,,-0.027375201288244777,29075.0,,0.038693035253654307,0,0.023728813559322104,-1.316433041700503,0.44466610399679785,0.3162251655629139,1.0,0,3.0,
372320,큐로셀,2025Q3,30250,44500,29200,41200,3968799,0.3642384105960266,0.31059633197465786,0.40136054421768685,0,0.22555294002679982,,0.0,32025.0,31962.5,0.28649492583918823,0,0.4013605442176871,-0.5328194528094871,0.7381683421524956,0.3713592233009709,1.0,0,1.0,-0.6941784241841613
372320,큐로셀,2025Q4,42350,49000,32700,44950,5937659,0.09101941747572817,0.08711250456214792,0.44766505636070875,0,0.2236496148557774,0.17307873458872627,0.0,35500.0,33106.25,0.26619718309859164,0,0.4476650563607085,0.700899430201967,1.2598373956829525,0.36262513904338156,1.0,0,1.0,-0.47694182718899814
