stock_code,Name,quarter,Open,High,Low,Close,Volume_sum,ret_1q,logret_1q,cumret_4q,down_gap_q,vol_4q,vol_8q,max_drawdown_4q,ma4,ma8,ma4_ratio,ma_cross_4_8,mom_4q,vol_z_4q,vol_drop_ratio_4q,intraquarter_range,crash_count_4q,down_streak_1q,down_streak_4q_max,vol_mean_decline_q
373110,엑셀세라퓨틱스,2024Q3,11001,11371,4006,7245,326425862,,,,0,,,,,,,0,,,,1.0165631469979297,,0,,
373110,엑셀세라퓨틱스,2024Q4,6981,8030,2983,3583,53901551,-0.5054520358868184,-0.7041111374498286,,1,,,,,,,0,,,,1.4085961484789282,,1,,
373110,엑셀세라퓨틱스,2025Q1,3534,4910,3138,3182,16565545,-0.11191738766396875,-0.11869050840722117,,1,,,,,,,0,,,,0.556882463859208,,2,,
373110,엑셀세라퓨틱스,2025Q2,3226,3993,2737,2794,11293077,-0.1219358893777498,-0.13003566908082576,,1,,,-0.6143547273982057,4201.0,,-0.3349202570816472,0,,-0.6018780924988688,0.11066598101524958,0.44953471725125266,3.0,3,3.0,
373110,엑셀세라퓨틱스,2025Q3,2781,3631,2300,2455,34168028,-0.12133142448103074,-0.1293474995882864,-0.6611456176673567,1,0.1935829189123266,,-0.3148199832542562,3003.5,,-0.18262027634426503,0,-0.6611456176673568,0.2690075714110554,1.178937573610756,0.5421588594704684,4.0,4,4.0,
373110,엑셀세라퓨틱스,2025Q4,2540,2755,1540,1661,11353179,-0.3234215885947047,-0.3907069306153259,-0.536421992743511,1,0.10261591343263941,,-0.4780012570710245,2523.0,,-0.34165675782798255,0,-0.536421992743511,-0.6453339552934001,0.6188719245993337,0.7314870559903672,4.0,5,5.0,
