stock_code,Name,quarter,Open,High,Low,Close,Volume_sum,ret_1q,logret_1q,cumret_4q,down_gap_q,vol_4q,vol_8q,max_drawdown_4q,ma4,ma8,ma4_ratio,ma_cross_4_8,mom_4q,vol_z_4q,vol_drop_ratio_4q,intraquarter_range,crash_count_4q,down_streak_1q,down_streak_4q_max,vol_mean_decline_q
373160,데이원컴퍼니,2025Q1,10760,11000,5890,5930,10777583,,,,0,,,,,,,0,,,,0.8617200674536256,,0,,
373160,데이원컴퍼니,2025Q2,5930,10640,5930,6830,50548448,0.15177065767284992,0.14130046057306522,,0,,,,,,,0,,,,0.6896046852122987,,0,,
373160,데이원컴퍼니,2025Q3,6760,6910,5570,6100,2610973,-0.10688140556368964,-0.11303590240343375,,1,,,,,,,0,,,,0.21967213114754097,,1,,
373160,데이원컴퍼니,2025Q4,6100,6430,4850,5120,3307217,-0.16065573770491803,-0.17513433212784868,,1,,,-0.25036603221083453,5995.0,,-0.14595496246872397,0,,-0.5924463990631861,0.19672869732552928,0.30859375,2.0,2,2.0,
