stock_code,Name,quarter,Open,High,Low,Close,Volume_sum,ret_1q,logret_1q,cumret_4q,down_gap_q,vol_4q,vol_8q,max_drawdown_4q,ma4,ma8,ma4_ratio,ma_cross_4_8,mom_4q,vol_z_4q,vol_drop_ratio_4q,intraquarter_range,crash_count_4q,down_streak_1q,down_streak_4q_max,vol_mean_decline_q
376270,HEM파마,2024Q4,20500,20650,11520,16500,13310205,,,,0,,,,,,,0,,,,0.5533333333333333,,0,,
376270,HEM파마,2025Q1,16600,26000,16500,23050,2911107,0.396969696969697,0.3343053885361229,,0,,,,,,,0,,,,0.4121475054229935,,0,,
376270,HEM파마,2025Q2,23950,23950,19980,20200,1705143,-0.12364425162689807,-0.13198316503549812,,1,,,,,,,0,,,,0.19653465346534654,,1,,
376270,HEM파마,2025Q3,20200,28900,18000,27200,2213558,0.3465346534653466,0.2975343688947927,,0,,,0.0,21737.5,,0.251293847038528,0,,-0.5093867837927919,0.4396338770982918,0.4007352941176471,1.0,0,1.0,
376270,HEM파마,2025Q4,27550,59000,25800,45850,3804312,0.6856617647058822,0.5221582254005224,1.7787878787878784,0,0.33515883243433314,,0.0,29075.0,,0.5769561478933791,0,1.7787878787878788,1.2592890748637062,1.4309832877567679,0.7241003271537623,1.0,0,1.0,
