stock_code,Name,quarter,Open,High,Low,Close,Volume_sum,ret_1q,logret_1q,cumret_4q,down_gap_q,vol_4q,vol_8q,max_drawdown_4q,ma4,ma8,ma4_ratio,ma_cross_4_8,mom_4q,vol_z_4q,vol_drop_ratio_4q,intraquarter_range,crash_count_4q,down_streak_1q,down_streak_4q_max,vol_mean_decline_q
381620,제닉스로보틱스,2024Q3,19672,21406,14737,15338,31166055,,,,0,,,,,,,0,,,,0.4348024514278263,,0,,
381620,제닉스로보틱스,2024Q4,14354,16038,7168,7619,39092212,-0.5032598774286087,-0.6996882818517953,,1,,,,,,,0,,,,1.1641947762173515,,1,,
381620,제닉스로보틱스,2025Q1,7868,16890,7868,9060,33085088,0.18913243207770059,0.1732239925640151,,0,,,,,,,0,,,,0.9958057395143488,,0,,
381620,제닉스로보틱스,2025Q2,9060,9120,6600,7450,8409903,-0.17770419426048567,-0.19565508766342,,1,,,-0.514278263137306,9866.75,,-0.24493880963843206,0,,-1.4519688161057027,0.30101683478436037,0.338255033557047,2.0,1,1.0,
381620,제닉스로보틱스,2025Q3,7420,15430,6500,12470,57428845,0.6738255033557048,0.5151117273004768,-0.18698656930499402,0,0.50543074999228,,0.0,9149.75,,0.3628787671794311,0,-0.18698656930499413,1.1323998902741912,1.6644106488254178,0.7161186848436247,2.0,0,1.0,
381620,제닉스로보틱스,2025Q4,12600,19940,11530,12580,140911960,0.008821170809943935,0.008782491580349827,0.6511353195957479,0,0.3656197859741805,,0.0,10390.0,,0.2107795957651588,0,0.6511353195957474,1.406422272026996,2.3501405936918607,0.6685214626391097,1.0,0,1.0,
