stock_code,Name,quarter,Open,High,Low,Close,Volume_sum,ret_1q,logret_1q,cumret_4q,down_gap_q,vol_4q,vol_8q,max_drawdown_4q,ma4,ma8,ma4_ratio,ma_cross_4_8,mom_4q,vol_z_4q,vol_drop_ratio_4q,intraquarter_range,crash_count_4q,down_streak_1q,down_streak_4q_max,vol_mean_decline_q
382150,온코크로스,2024Q4,12650,14450,6290,6340,67810449,,,,0,,,,,,,0,,,,1.2870662460567823,,0,,
382150,온코크로스,2025Q1,6400,16100,6260,10020,225354345,0.5804416403785488,0.45770432720758336,,0,,,,,,,0,,,,0.9820359281437125,,0,,
382150,온코크로스,2025Q2,9990,16700,7950,11620,139646674,0.1596806387225549,0.14814465576704627,,0,,,,,,,0,,,,0.7530120481927711,,0,,
382150,온코크로스,2025Q3,11630,12250,8200,9070,6520126,-0.2194492254733219,-0.24775548729672003,,1,,,-0.2194492254733219,9262.5,,-0.020782726045883937,0,,-1.0956574477171477,0.059364052929915166,0.44652701212789414,1.0,1,1.0,
382150,온코크로스,2025Q4,9180,14490,7710,9580,41965365,0.05622932745314224,0.05470532785572502,0.5110410094637221,0,0.33192670615194925,,-0.17555938037865748,10072.5,,-0.048895507570116625,0,0.5110410094637223,-0.620860971986833,0.4059659890718079,0.7077244258872651,1.0,0,1.0,
