stock_code,Name,quarter,Open,High,Low,Close,Volume_sum,ret_1q,logret_1q,cumret_4q,down_gap_q,vol_4q,vol_8q,max_drawdown_4q,ma4,ma8,ma4_ratio,ma_cross_4_8,mom_4q,vol_z_4q,vol_drop_ratio_4q,intraquarter_range,crash_count_4q,down_streak_1q,down_streak_4q_max,vol_mean_decline_q
387310,대신밸런스제10호스팩,2021Q3,2113,2191,1916,1939,10544911,,,,0,,,,,,,0,,,,0.14182568334192883,,0,,
387310,대신밸런스제10호스팩,2021Q4,1925,2145,1898,1981,3308859,0.02166064981949467,0.02142939145589917,,0,,,,,,,0,,,,0.12468450277637556,,0,,
387310,대신밸런스제10호스팩,2022Q1,1980,2054,1925,2017,874118,0.018172640080767355,0.018009491255660315,,0,,,,,,,0,,,,0.06395637084779375,,0,,
387310,대신밸런스제10호스팩,2022Q2,2035,2283,1999,2164,1551815,0.0728805156172534,0.07034710201216043,,0,,,0.0,2025.25,,0.06851006048635977,0,,-0.5675360054334302,0.3812882827162142,0.13123844731977818,0.0,0,0.0,
387310,대신밸런스제10호스팩,2022Q3,2154,2283,0,2265,1036306,0.04667282809611839,0.04561639795076289,0.16812790097988684,0,0.02541866960564442,,0.0,2106.75,,0.07511569953720176,0,0.1681279009798866,-0.588518582902297,0.6121937682780547,1.0079470198675498,0.0,0,0.0,
387310,대신밸런스제10호스팩,2022Q4,0,3025,0,2880,6313235,0.2715231788079471,0.2402155352128572,0.4538112064613835,0,0.11499823860096996,,0.0,2331.5,,0.23525627278576033,0,0.45381120646138307,1.4906784549674401,2.583295705149438,1.0503472222222223,0.0,0,0.0,
387310,대신밸런스제10호스팩,2023Q1,2835,5410,0,5070,16933768,0.7604166666666667,0.5655505234552365,1.5136341100644524,0,0.3306378304766733,,0.0,3094.75,,0.6382583407383473,0,1.5136341100644524,1.4200926346745446,2.6218210526103918,1.0670611439842208,0.0,0,0.0,
