stock_code,Name,quarter,Open,High,Low,Close,Volume_sum,ret_1q,logret_1q,cumret_4q,down_gap_q,vol_4q,vol_8q,max_drawdown_4q,ma4,ma8,ma4_ratio,ma_cross_4_8,mom_4q,vol_z_4q,vol_drop_ratio_4q,intraquarter_range,crash_count_4q,down_streak_1q,down_streak_4q_max,vol_mean_decline_q
387570,파인메딕스,2024Q4,25300,27000,13900,14410,46003576,,,,0,,,,,,,0,,,,0.9090909090909091,,0,,
387570,파인메딕스,2025Q1,14650,14980,7020,8400,40532359,-0.4170714781401804,-0.5396907041621635,,1,,,,,,,0,,,,0.9476190476190476,,1,,
387570,파인메딕스,2025Q2,8360,10060,6870,7400,16417750,-0.11904761904761907,-0.12675170563914406,,1,,,,,,,0,,,,0.43108108108108106,,2,,
387570,파인메딕스,2025Q3,7350,9530,7050,8550,8950279,0.15540540540540548,0.14445128273854557,,0,,,-0.40666204024982655,9690.0,,-0.11764705882352944,0,,-1.0536145420115801,0.3199271475316102,0.29005847953216374,2.0,0,2.0,
387570,파인메딕스,2025Q4,8550,8750,7120,7500,1826429,-0.1228070175438597,-0.13102826240640475,-0.47952810548230396,1,0.23378771060235745,,-0.1228070175438597,7962.5,,-0.058084772370486704,0,-0.47952810548230396,-0.8978479733454972,0.10787035805920128,0.21733333333333332,3.0,1,2.0,
