stock_code,Name,quarter,Open,High,Low,Close,Volume_sum,ret_1q,logret_1q,cumret_4q,down_gap_q,vol_4q,vol_8q,max_drawdown_4q,ma4,ma8,ma4_ratio,ma_cross_4_8,mom_4q,vol_z_4q,vol_drop_ratio_4q,intraquarter_range,crash_count_4q,down_streak_1q,down_streak_4q_max,vol_mean_decline_q
388220,하나금융19호스팩,2021Q4,2045,2645,2035,2240,16565509,,,,0,,,,,,,0,,,,0.27232142857142855,,0,,
388220,하나금융19호스팩,2022Q1,2430,2490,2090,2135,7186723,-0.046875,-0.04800921918636014,,0,,,,,,,0,,,,0.1873536299765808,,1,,
388220,하나금융19호스팩,2022Q2,2135,2340,2110,2185,893817,0.023419203747072626,0.02314918186696513,,0,,,,,,,0,,,,0.10526315789473684,,0,,
388220,하나금융19호스팩,2022Q3,2190,2270,0,2210,497843,0.011441647597254079,0.01137668698210792,,0,,,-0.013392857142857095,2192.5,,0.007981755986316896,0,,-0.7710473213067267,0.0791990356942354,1.0271493212669682,0.0,0,1.0,
388220,하나금융19호스팩,2022Q4,0,0,0,2210,0,0.0,0.0,-0.013392857142856984,0,0.030770933724899634,,0.0,2185.0,,0.011441647597254079,0,-0.013392857142857095,-0.6342609837260872,0.0,0.0,0.0,0,1.0,
388220,하나금융19호스팩,2023Q1,0,3610,0,3040,19544679,0.3755656108597285,0.3188649998884685,0.4238875878220141,0,0.18222369791458107,,0.0,2411.25,,0.26075686884396054,0,0.4238875878220141,1.4988992909977445,3.7341158833929846,1.1875,0.0,0,0.0,
388220,하나금융19호스팩,2023Q2,3005,3090,0,2835,4464613,-0.06743421052631582,-0.06981557823841467,0.29748283752860427,0,0.2001633323634844,,-0.06743421052631582,2573.75,,0.10150558523555131,0,0.29748283752860405,-0.18134863798258127,0.7287041916568379,1.08994708994709,0.0,1,1.0,
