stock_code,Name,quarter,Open,High,Low,Close,Volume_sum,ret_1q,logret_1q,cumret_4q,down_gap_q,vol_4q,vol_8q,max_drawdown_4q,ma4,ma8,ma4_ratio,ma_cross_4_8,mom_4q,vol_z_4q,vol_drop_ratio_4q,intraquarter_range,crash_count_4q,down_streak_1q,down_streak_4q_max,vol_mean_decline_q
389650,넥스트바이오메디컬,2024Q3,27000,48600,21400,39400,107012760,,,,0,,,,,,,0,,,,0.6903553299492385,,0,,
389650,넥스트바이오메디컬,2024Q4,38850,48800,27250,41000,35158119,0.04060913705583746,0.03980625040042085,,0,,,,,,,0,,,,0.525609756097561,,0,,
389650,넥스트바이오메디컬,2025Q1,42950,60800,39750,40100,16738270,-0.02195121951219514,-0.022195732391784517,,0,,,,,,,0,,,,0.5249376558603491,,1,,
389650,넥스트바이오메디컬,2025Q2,41500,49600,35600,46550,5398860,0.1608478802992519,0.14915066941055244,,0,,,0.0,41762.5,,0.11463633642621973,0,,-0.7818027231517768,0.1314326680204615,0.3007518796992481,0.0,0,1.0,
389650,넥스트바이오메디컬,2025Q3,47800,86500,42850,69700,7254202,0.4973147153598281,0.40367331404340234,0.7690355329949234,0,0.23151920221850752,,0.0,49337.5,,0.4127185203952368,0,0.7690355329949239,-0.6522947143195242,0.4495283468793561,0.6262553802008608,0.0,0,1.0,
389650,넥스트바이오메디컬,2025Q4,69500,101000,57300,89400,7869923,0.2826398852223817,0.24892036441299048,1.1804878048780485,0,0.21793670131241466,,0.0,61437.5,,0.4551373346897254,0,1.180487804878049,-0.2857146567558837,0.8448371371280973,0.4888143176733781,0.0,0,1.0,
