stock_code,Name,quarter,Open,High,Low,Close,Volume_sum,ret_1q,logret_1q,cumret_4q,down_gap_q,vol_4q,vol_8q,max_drawdown_4q,ma4,ma8,ma4_ratio,ma_cross_4_8,mom_4q,vol_z_4q,vol_drop_ratio_4q,intraquarter_range,crash_count_4q,down_streak_1q,down_streak_4q_max,vol_mean_decline_q
389680,유디엠텍,2024Q4,1500,1649,625,689,153737875,,,,0,,,,,,,0,,,,1.486211901306241,,0,,
389680,유디엠텍,2025Q1,682,1014,620,621,43718580,-0.09869375907111755,-0.1039101890801799,,0,,,,,,,0,,,,0.6344605475040258,,1,,
389680,유디엠텍,2025Q2,640,944,618,628,117350883,0.011272141706924366,0.011209084534719693,,0,,,,,,,0,,,,0.5191082802547771,,0,,
389680,유디엠텍,2025Q3,628,788,537,685,50027829,0.09076433121019112,0.08687867179402708,,0,,,-0.005805515239477477,655.75,,0.04460541364849413,0,,-0.7716389189193419,0.5484978809622264,0.36642335766423356,0.0,0,1.0,
389680,유디엠텍,2025Q4,685,703,455,508,45675100,-0.2583941605839416,-0.2989373906837436,-0.2626995645863569,1,0.15122876179415776,,-0.2583941605839416,610.5,,-0.1678951678951679,0,-0.262699564586357,-0.5210980664941737,0.7115266504196448,0.4881889763779528,1.0,1,1.0,
