stock_code,Name,quarter,Open,High,Low,Close,Volume_sum,ret_1q,logret_1q,cumret_4q,down_gap_q,vol_4q,vol_8q,max_drawdown_4q,ma4,ma8,ma4_ratio,ma_cross_4_8,mom_4q,vol_z_4q,vol_drop_ratio_4q,intraquarter_range,crash_count_4q,down_streak_1q,down_streak_4q_max,vol_mean_decline_q
393970,대진첨단소재,2025Q1,17830,19390,10880,17360,217007732,,,,0,,,,,,,0,,,,0.4902073732718894,,0,,
393970,대진첨단소재,2025Q2,16990,18360,8870,8980,77029942,-0.48271889400921664,-0.659168826918096,,1,,,,,,,0,,,,1.056792873051225,,1,,
393970,대진첨단소재,2025Q3,8930,10220,5810,6940,31948319,-0.22717149220489974,-0.25769810779539526,,1,,,,,,,0,,,,0.6354466858789626,,2,,
393970,대진첨단소재,2025Q4,6900,8370,3740,4305,133298094,-0.3796829971181557,-0.47752463663901956,,1,,,-0.752016129032258,9396.25,,-0.541838499401357,0,,0.2316911359312773,1.1609206395169533,1.075493612078978,3.0,3,3.0,
