stock_code,Name,quarter,Open,High,Low,Close,Volume_sum,ret_1q,logret_1q,cumret_4q,down_gap_q,vol_4q,vol_8q,max_drawdown_4q,ma4,ma8,ma4_ratio,ma_cross_4_8,mom_4q,vol_z_4q,vol_drop_ratio_4q,intraquarter_range,crash_count_4q,down_streak_1q,down_streak_4q_max,vol_mean_decline_q
394800,쓰리빌리언,2024Q4,5410,7620,3025,5120,659148956,,,,0,,,,,,,0,,,,0.8974609375,,0,,
394800,쓰리빌리언,2025Q1,5120,7260,4785,5930,247697239,0.158203125,0.1468697739582172,,0,,,,,,,0,,,,0.4173693086003373,,0,,
394800,쓰리빌리언,2025Q2,5950,8280,5180,7450,94335735,0.25632377740303536,0.2281898193818339,,0,,,,,,,0,,,,0.4161073825503356,,0,,
394800,쓰리빌리언,2025Q3,7450,8670,5520,7490,39063734,0.005369127516778427,0.005354765137660422,,0,,,0.0,6497.5,,0.15275105809926903,0,,-0.7883918064828693,0.15020964893923364,0.4205607476635514,0.0,0,0.0,
394800,쓰리빌리언,2025Q4,7500,20100,7110,18230,99848148,1.4339118825100132,0.8894997911614428,2.560546874999999,0,0.655161882771164,,0.0,9775.0,,0.8649616368286446,0,2.560546875,-0.2283178147615049,0.830433233701121,0.7125617114646188,0.0,0,0.0,
