stock_code,Name,quarter,Open,High,Low,Close,Volume_sum,ret_1q,logret_1q,cumret_4q,down_gap_q,vol_4q,vol_8q,max_drawdown_4q,ma4,ma8,ma4_ratio,ma_cross_4_8,mom_4q,vol_z_4q,vol_drop_ratio_4q,intraquarter_range,crash_count_4q,down_streak_1q,down_streak_4q_max,vol_mean_decline_q
396470,워트,2023Q4,10270,15240,8300,9260,183578676,,,,0,,,,,,,0,,,,0.7494600431965442,,0,,
396470,워트,2024Q1,9280,12500,7850,10360,105857488,0.1187904967602591,0.11224818817324866,,0,,,,,,,0,,,,0.44884169884169883,,0,,
396470,워트,2024Q2,10840,18290,8940,16830,148855778,0.6245173745173744,0.4852107713713778,,0,,,,,,,0,,,,0.5555555555555556,,0,,
396470,워트,2024Q3,16550,17920,9000,10020,44770855,-0.40463458110516937,-0.5185799125459951,,1,,,-0.40463458110516937,11617.5,,-0.1375080697224016,0,,-1.2705874236270258,0.37072492668070234,0.8902195608782435,1.0,1,1.0,
396470,워트,2024Q4,9770,10960,6470,7530,25896783,-0.24850299401197606,-0.28568805384491647,-0.1868250539956805,1,0.4573777960199781,,-0.5525846702317291,11185.0,,-0.326776933392937,0,-0.1868250539956804,-0.9816964541691525,0.3183565191643822,0.5962815405046481,2.0,2,2.0,
396470,워트,2025Q1,7600,10800,7320,7400,58565469,-0.01726427622841964,-0.017415041601678283,-0.2857142857142858,0,0.45287104207982076,,-0.560308972073678,10445.0,,-0.2915270464337003,0,-0.2857142857142857,-0.20082820196395912,0.8423992782020037,0.4702702702702703,2.0,3,3.0,
396470,워트,2025Q2,7410,9450,6310,7890,5661982,0.06621621621621632,0.06411613464765864,-0.5311942959001783,0,0.21517857263103765,,-0.21257485029940115,8210.0,,-0.03897685749086477,0,-0.5311942959001783,-1.2197421015124736,0.167892902313145,0.3979721166032953,2.0,0,3.0,
396470,워트,2025Q3,7960,9690,7240,7850,13355177,-0.005069708491761693,-0.0050826030634656405,-0.21656686626746502,0,0.1366195061568688,,-0.005069708491761693,7667.5,9642.5,0.023801760678187067,1,-0.21656686626746502,-0.5362372357064495,0.5162448015866654,0.31210191082802546,1.0,1,3.0,-0.6471544260971582
396470,워트,2025Q4,7870,8830,6600,7340,6907857,-0.06496815286624202,-0.06717468916789215,-0.025232403718459362,0,0.05421577671588156,0.30188660109702536,-0.06970849176172367,7620.0,9402.5,-0.03674540682414695,1,-0.025232403718459473,-0.5643340973876882,0.3270359733406667,0.30381471389645776,0.0,2,3.0,-0.5877219670973424
