stock_code,Name,quarter,Open,High,Low,Close,Volume_sum,ret_1q,logret_1q,cumret_4q,down_gap_q,vol_4q,vol_8q,max_drawdown_4q,ma4,ma8,ma4_ratio,ma_cross_4_8,mom_4q,vol_z_4q,vol_drop_ratio_4q,intraquarter_range,crash_count_4q,down_streak_1q,down_streak_4q_max,vol_mean_decline_q
396770,엔에이치스팩22호,2021Q4,2223,2308,2207,2261,3072034,,,,0,,,,,,,0,,,,0.04467049977885891,,0,,
396770,엔에이치스팩22호,2022Q1,2260,2526,2218,2256,1439177,-0.00221141088014154,-0.002213859660020745,,0,,,,,,,0,,,,0.13652482269503546,,1,,
396770,엔에이치스팩22호,2022Q2,2266,2553,2228,2266,1367254,0.004432624113475114,0.00442282897000279,,0,,,,,,,0,,,,0.1434245366284201,,0,,
396770,엔에이치스팩22호,2022Q3,2271,2340,0,2330,418560,0.02824360105913515,0.027852104971794134,,0,,,0.0,2278.25,,0.022714803028640373,0,,-1.0491789350194871,0.2658779344214133,1.0042918454935623,0.0,0,1.0,
396770,엔에이치스팩22호,2022Q4,0,0,0,2330,0,0.0,0.0,0.030517470145953185,0,0.01402632368003222,,0.0,2295.5,,0.015029405358309766,0,0.030517470145953185,-1.134299077215389,0.0,0.0,0.0,0,1.0,
396770,엔에이치스팩22호,2023Q1,0,4165,0,3755,35853645,0.6115879828326181,0.47722001763848887,0.6644503546099292,0,0.3006039018783348,,0.0,2670.25,,0.40623537121992315,0,0.6644503546099292,1.499211072272349,3.8102189513404006,1.1091877496671105,0.0,0,0.0,
396770,엔에이치스팩22호,2023Q2,3770,3830,0,3505,1872755,-0.06657789613848197,-0.06889776472954523,0.5467784642541926,0,0.3147036862243612,,-0.06657789613848197,2980.0,,0.1761744966442953,0,0.5467784642541924,-0.43633555470793445,0.19638295596587335,1.0927246790299572,0.0,1,1.0,
