stock_code,Name,quarter,Open,High,Low,Close,Volume_sum,ret_1q,logret_1q,cumret_4q,down_gap_q,vol_4q,vol_8q,max_drawdown_4q,ma4,ma8,ma4_ratio,ma_cross_4_8,mom_4q,vol_z_4q,vol_drop_ratio_4q,intraquarter_range,crash_count_4q,down_streak_1q,down_streak_4q_max,vol_mean_decline_q
397500,대신밸런스제11호스팩,2021Q4,1698,1735,1694,1728,6038572,,,,0,,,,,,,0,,,,0.023726851851851853,,0,,
397500,대신밸런스제11호스팩,2022Q1,1727,1801,1719,1794,1592963,0.03819444444444442,0.03748309325474075,,0,,,,,,,0,,,,0.045707915273132664,,0,,
397500,대신밸런스제11호스팩,2022Q2,1793,2242,0,2210,3502328,0.2318840579710144,0.208544751893057,,0,,,,,,,0,,,,1.0144796380090497,,0,,
397500,대신밸런스제11호스팩,2022Q3,0,0,0,2210,0,0.0,0.0,,0,,,0.0,1985.5,,0.11306975572903544,0,,-1.0706308509760118,0.0,0.0,0.0,0,0.0,
397500,대신밸런스제11호스팩,2022Q4,0,2440,0,2045,12517379,-0.07466063348416285,-0.07759472603489659,0.18344907407407396,0,0.1307111398534554,,-0.07466063348416285,2064.75,,-0.009565322678290356,0,0.18344907407407418,1.4500682315270432,2.842812361782739,1.1931540342298288,0.0,1,1.0,
397500,대신밸런스제11호스팩,2023Q1,2045,4040,0,3535,24274562,0.7286063569682151,0.5473155098537719,0.9704570791527309,0,0.36241690979665603,,0.0,2500.0,,0.4139999999999999,0,0.9704570791527314,1.3104608548996959,2.4097284901731313,1.1428571428571428,0.0,0,1.0,
