stock_code,Name,quarter,Open,High,Low,Close,Volume_sum,ret_1q,logret_1q,cumret_4q,down_gap_q,vol_4q,vol_8q,max_drawdown_4q,ma4,ma8,ma4_ratio,ma_cross_4_8,mom_4q,vol_z_4q,vol_drop_ratio_4q,intraquarter_range,crash_count_4q,down_streak_1q,down_streak_4q_max,vol_mean_decline_q
398120,에스지헬스케어,2024Q4,6790,6880,3945,4040,22746398,,,,0,,,,,,,0,,,,0.7264851485148515,,0,,
398120,에스지헬스케어,2025Q1,4050,4280,2710,2710,19194723,-0.32920792079207917,-0.39929605708144944,,1,,,,,,,0,,,,0.5793357933579336,,1,,
398120,에스지헬스케어,2025Q2,2740,4840,2200,3395,76528405,0.25276752767527677,0.22535512611904895,,0,,,,,,,0,,,,0.7776141384388807,,0,,
398120,에스지헬스케어,2025Q3,3350,3785,2900,3060,4974405,-0.09867452135493371,-0.10388884504637019,,0,,,-0.24257425742574257,3301.25,,-0.07307837940174178,0,,-0.8244556077037944,0.16118751111385135,0.28921568627450983,1.0,1,1.0,
398120,에스지헬스케어,2025Q4,3110,3400,2700,2995,2096450,-0.021241830065359513,-0.02147068439687594,-0.25866336633663356,0,0.24001261209025732,,-0.11782032400589104,3040.0,,-0.014802631578947345,0,-0.25866336633663367,-0.6801503888205149,0.08157870485473843,0.2337228714524207,1.0,2,2.0,
