stock_code,Name,quarter,Open,High,Low,Close,Volume_sum,ret_1q,logret_1q,cumret_4q,down_gap_q,vol_4q,vol_8q,max_drawdown_4q,ma4,ma8,ma4_ratio,ma_cross_4_8,mom_4q,vol_z_4q,vol_drop_ratio_4q,intraquarter_range,crash_count_4q,down_streak_1q,down_streak_4q_max,vol_mean_decline_q
400560,하나금융20호스팩,2021Q4,2130,2885,2115,2885,5925926,,,,0,,,,,,,0,,,,0.2668977469670711,,0,,
400560,하나금융20호스팩,2022Q1,3450,4875,2245,2375,102516064,-0.1767764298093587,-0.19452746247345853,,1,,,,,,,0,,,,1.1073684210526316,,1,,
400560,하나금융20호스팩,2022Q2,2375,3125,2200,2260,33269142,-0.04842105263157892,-0.04963262420241055,,0,,,,,,,0,,,,0.4092920353982301,,2,,
400560,하나금융20호스팩,2022Q3,2295,3595,2195,2280,23946137,0.008849557522123908,0.008810629682154847,,0,,,-0.2097053726169844,2450.0,,-0.06938775510204087,0,,-0.4130955584944219,0.5782091457755469,0.6140350877192983,1.0,0,2.0,
400560,하나금융20호스팩,2022Q4,2290,2370,2100,2150,2417653,-0.05701754385964908,-0.05870760082677773,-0.2547660311958404,0,0.07797788056045224,,-0.09473684210526312,2266.25,,-0.05129619415333697,0,-0.2547660311958405,-0.8805247712828739,0.059640282940759,0.12558139534883722,1.0,1,2.0,
400560,하나금융20호스팩,2023Q1,2140,2305,0,2280,398793,0.0604651162790697,0.05870760082677773,-0.039999999999999925,0,0.05478354118129229,,0.0,2242.5,,0.01672240802675584,0,-0.040000000000000036,-0.902954659761442,0.02657214997570035,1.0109649122807018,0.0,0,2.0,
400560,하나금융20호스팩,2023Q2,0,3465,0,3075,11940575,0.3486842105263157,0.2991294582921329,0.3606194690265485,0,0.1788753214687375,,0.0,2446.25,,0.2570260602963721,0,0.36061946902654873,0.2104266543937545,1.23406725621718,1.1268292682926828,0.0,0,1.0,
400560,하나금융20호스팩,2023Q3,3145,3455,0,2785,6778493,-0.09430894308943094,-0.0990570278792342,0.2214912280701753,0,0.20063543374617013,,-0.09430894308943094,2572.5,2511.25,0.0826044703595723,0,0.22149122807017552,0.2724868546810431,1.259035284692996,1.2405745062836624,0.0,1,1.0,-0.7699108517447492
