stock_code,Name,quarter,Open,High,Low,Close,Volume_sum,ret_1q,logret_1q,cumret_4q,down_gap_q,vol_4q,vol_8q,max_drawdown_4q,ma4,ma8,ma4_ratio,ma_cross_4_8,mom_4q,vol_z_4q,vol_drop_ratio_4q,intraquarter_range,crash_count_4q,down_streak_1q,down_streak_4q_max,vol_mean_decline_q
402490,그린리소스,2023Q4,14758,32668,14358,16434,192381059,,,,0,,,,,,,0,,,,1.114153584033102,,0,,
402490,그린리소스,2024Q1,16258,18134,11330,14333,109434458,-0.12784471218206162,-0.13678778856791673,,1,,,,,,,0,,,,0.4747087141561432,,1,,
402490,그린리소스,2024Q2,14383,16408,11030,11381,51318333,-0.20595827809949063,-0.23061927264132542,,1,,,,,,,0,,,,0.47254195589139797,,2,,
402490,그린리소스,2024Q3,11256,11806,5957,8324,28936368,-0.26860557068798874,-0.3128023897683647,,1,,,-0.49348910794693923,12618.0,,-0.3403074972261848,0,,-0.9127608811683043,0.3029429318146959,0.7026669870254685,3.0,3,3.0,
402490,그린리소스,2024Q4,8074,10730,5252,8940,59327183,0.07400288322921678,0.07139268065403392,-0.45600584154801016,0,0.14898022465462282,,-0.3762645642921928,10744.5,,-0.16794639117688115,0,-0.45600584154801027,-0.08613237962768852,0.9529845715908878,0.612751677852349,3.0,0,3.0,
402490,그린리소스,2025Q1,8939,11030,6923,6979,36357942,-0.2193512304250559,-0.24762994915040792,-0.5130816995744086,1,0.1550122266740436,,-0.38678499253141196,8906.0,,-0.21637098585223447,0,-0.5130816995744087,-0.5514895849398022,0.8265994761186134,0.5884797248889526,3.0,1,3.0,
402490,그린리소스,2025Q2,6984,7539,6127,6729,6348204,-0.035821750967187316,-0.0364790958288328,-0.40875142781829366,0,0.15963395773832484,,-0.2473154362416108,7743.0,,-0.1309569934134056,0,-0.40875142781829366,-1.2085242485745245,0.19388313924250739,0.2098380145638282,2.0,2,3.0,
402490,그린리소스,2025Q3,6733,12020,6533,8600,26542039,0.2780502303462624,0.24533565905328025,0.033157135992311515,0,0.2080385200311291,,-0.03803131991051456,7812.0,10215.0,0.10087045570916531,1,0.03315713599231129,-0.2544970562523107,0.8257270241684239,0.6380232558139535,1.0,0,2.0,-0.4964203293828139
402490,그린리소스,2025Q4,8560,9600,6970,8270,9832859,-0.03837209302325584,-0.039127694223862974,-0.0749440715883668,0,0.20665791839152423,0.18031420914152113,-0.03837209302325584,7644.5,9194.5,0.08182353325920588,1,-0.07494407158836691,-0.7027321390733897,0.49735605412594197,0.3180169286577993,1.0,1,2.0,-0.5179416394375054
