stock_code,Name,quarter,Open,High,Low,Close,Volume_sum,ret_1q,logret_1q,cumret_4q,down_gap_q,vol_4q,vol_8q,max_drawdown_4q,ma4,ma8,ma4_ratio,ma_cross_4_8,mom_4q,vol_z_4q,vol_drop_ratio_4q,intraquarter_range,crash_count_4q,down_streak_1q,down_streak_4q_max,vol_mean_decline_q
404950,DB금융스팩10호,2022Q1,2075,2530,2075,2115,12787273,,,,0,,,,,,,0,,,,0.21513002364066194,,0,,
404950,DB금융스팩10호,2022Q2,2115,2205,2090,2120,1471402,0.0023640661938533203,0.002361276185680161,,0,,,,,,,0,,,,0.054245283018867926,,0,,
404950,DB금융스팩10호,2022Q3,2120,2145,2075,2105,612436,-0.007075471698113178,-0.00710062154957658,,0,,,,,,,0,,,,0.0332541567695962,,1,,
404950,DB금융스팩10호,2022Q4,2115,2120,1975,2010,545296,-0.04513064133016631,-0.04618074506336001,,0,,,-0.05188679245283023,2087.5,,-0.037125748502993994,0,,-0.5542059090798847,0.1414845884647441,0.07213930348258707,0.0,2,2.0,
404950,DB금융스팩10호,2023Q1,2010,2160,1985,2120,683125,0.054726368159204064,0.05328136661293659,0.0023640661938533203,0,0.041155951853033605,,0.0,2088.75,,0.014961101137043631,0,0.0023640661938533203,-0.33506841205345256,0.8249656805219641,0.08254716981132075,0.0,0,2.0,
404950,DB금융스팩10호,2023Q2,2120,2120,0,2120,0,0.0,0.0,0.0,0,0.0411510410440952,,0.0,2088.75,,0.014961101137043631,0,0.0,-1.4753874302038847,0.0,1.0,0.0,0,2.0,
404950,DB금융스팩10호,2023Q3,0,3575,0,3210,10943725,0.5141509433962264,0.4148548484580026,0.5249406175771971,0,0.25871818587733997,,0.0,2365.0,,0.35729386892177595,0,0.5249406175771971,1.497653526984794,3.5963173626080396,1.1137071651090342,0.0,0,2.0,
404950,DB금융스팩10호,2023Q4,3145,3435,0,3150,12920261,-0.01869158878504673,-0.018868484304382704,0.5671641791044777,0,0.25299503359640824,,-0.01869158878504673,2650.0,2368.75,0.18867924528301883,0,0.5671641791044777,1.0055592821771235,2.1053819327251992,1.0904761904761904,0.0,1,1.0,0.22847598151894433
404950,DB금융스팩10호,2024Q1,0,0,0,3150,0,0.0,0.0,0.4858490566037734,0,0.2603398900595189,0.18458253867961813,-0.01869158878504673,2907.5,2498.125,0.08340498710232169,0,0.48584905660377364,-0.8601449195038965,0.0,0.0,0.0,0,1.0,0.7562386562234775
