stock_code,Name,quarter,Open,High,Low,Close,Volume_sum,ret_1q,logret_1q,cumret_4q,down_gap_q,vol_4q,vol_8q,max_drawdown_4q,ma4,ma8,ma4_ratio,ma_cross_4_8,mom_4q,vol_z_4q,vol_drop_ratio_4q,intraquarter_range,crash_count_4q,down_streak_1q,down_streak_4q_max,vol_mean_decline_q
405350,IBKS제17호스팩,2022Q1,2660,2845,2185,2275,20379452,,,,0,,,,,,,0,,,,0.29010989010989013,,0,,
405350,IBKS제17호스팩,2022Q2,2280,2630,2245,2275,6729059,0.0,0.0,,0,,,,,,,0,,,,0.16923076923076924,,0,,
405350,IBKS제17호스팩,2022Q3,2290,3480,2245,2405,21161702,0.05714285714285716,0.055569851154810834,,0,,,,,,,0,,,,0.5135135135135135,,0,,
405350,IBKS제17호스팩,2022Q4,2435,2460,0,2375,1862039,-0.012474012474012475,-0.012552466071119817,,0,,,-0.012474012474012475,2332.5,,0.018220793140407254,0,,-1.0975685284641765,0.14857014602096869,1.0357894736842106,0.0,1,1.0,
405350,IBKS제17호스팩,2023Q1,0,2310,0,2265,713035,-0.0463157894736842,-0.04742267855160698,-0.004395604395604269,0,0.04307118664654245,,-0.058212058212058215,2330.0,,-0.027896995708154515,0,-0.00439560439560438,-0.7344737000542475,0.09361765400488777,1.0198675496688743,0.0,2,2.0,
405350,IBKS제17호스팩,2023Q2,2245,2430,0,2420,405984,0.06843267108167761,0.06619278123359695,0.06373626373626373,0,0.05517851824461317,,0.0,2366.25,,0.022715266772319165,0,0.06373626373626373,-0.5572056258870541,0.06726389194938773,1.0041322314049588,0.0,0,2.0,
405350,IBKS제17호스팩,2023Q3,0,4465,0,4360,8320150,0.8016528925619835,0.5887045171923475,0.8128898128898125,0,0.40211148567268495,,0.0,2855.0,,0.5271453590192645,0,0.812889812889813,1.478520634687559,2.9448710261770246,1.0240825688073394,0.0,0,2.0,
405350,IBKS제17호스팩,2023Q4,4400,4550,0,3800,763522,-0.12844036697247707,-0.1374709906286018,0.5999999999999999,1,0.4262635040748686,,-0.12844036697247707,3211.25,2771.875,0.18333982094200074,0,0.6000000000000001,-0.46424784130680613,0.29934141884724336,1.1973684210526316,1.0,1,2.0,-0.6617982716914144
