stock_code,Name,quarter,Open,High,Low,Close,Volume_sum,ret_1q,logret_1q,cumret_4q,down_gap_q,vol_4q,vol_8q,max_drawdown_4q,ma4,ma8,ma4_ratio,ma_cross_4_8,mom_4q,vol_z_4q,vol_drop_ratio_4q,intraquarter_range,crash_count_4q,down_streak_1q,down_streak_4q_max,vol_mean_decline_q
405640,신한제9호스팩,2022Q2,2783,2820,2608,2659,2682156,,,,0,,,,,,,0,,,,0.07972922151184655,,0,,
405640,신한제9호스팩,2022Q3,2670,2733,2615,2640,703519,-0.0071455434373824955,-0.007171195102658068,,0,,,,,,,0,,,,0.0446969696969697,,1,,
405640,신한제9호스팩,2022Q4,2627,2652,2466,2522,777296,-0.04469696969696968,-0.04572667961549737,,0,,,,,,,0,,,,0.07375099127676447,,2,,
405640,신한제9호스팩,2023Q1,2521,2596,2484,2572,310660,0.019825535289452745,0.019631568832645385,,0,,,-0.032719067318540795,2598.25,,-0.01010295391128646,0,,-0.7602852411417043,0.2777698920630691,0.04354587869362364,0.0,0,2.0,
405640,신한제9호스팩,2023Q2,2572,2839,2565,2808,820947,0.09175738724727833,0.08778867978819171,0.05603610379842028,0,0.05764581142973216,,0.0,2635.5,,0.06545247581104152,0,0.0560361037984205,0.7191640764239798,1.256989873764652,0.09757834757834757,0.0,0,2.0,
405640,신한제9호스팩,2023Q3,2808,2944,2646,2771,893894,-0.013176638176638167,-0.013264220282723116,0.049621212121212066,0,0.05848857505899364,,-0.013176638176638167,2668.25,,0.03850838564602266,0,0.049621212121212066,0.7305878513658679,1.2757170783328224,0.10754240346445326,0.0,1,2.0,
405640,신한제9호스팩,2023Q4,2770,2976,0,2970,356531,0.07181522915914829,0.0693536869337672,0.17763679619349704,0,0.04795720307588162,,0.0,2780.25,,0.06824925816023741,0,0.17763679619349726,-0.7848959177904731,0.5987006051975792,1.002020202020202,0.0,0,1.0,
405640,신한제9호스팩,2024Q1,0,3780,0,3410,6301131,0.14814814814814814,0.13815033848081715,0.3258164852255052,0,0.06687349748667334,,0.0,2989.75,2794.0,0.1405635922736015,0,0.32581648522550544,1.4946311650046589,3.0103929493963753,1.1085043988269794,0.0,0,1.0,0.30350547487672164
405640,신한제9호스팩,2024Q2,3410,5050,0,3920,7402939,0.14956011730205288,0.13937936250694527,0.396011396011396,0,0.07724718527251694,0.07451502693728584,0.0,3267.75,2951.625,0.1996021727488333,0,0.396011396011396,1.0095300018554876,1.980124103154269,1.288265306122449,0.0,0,1.0,0.702574788734984
