stock_code,Name,quarter,Open,High,Low,Close,Volume_sum,ret_1q,logret_1q,cumret_4q,down_gap_q,vol_4q,vol_8q,max_drawdown_4q,ma4,ma8,ma4_ratio,ma_cross_4_8,mom_4q,vol_z_4q,vol_drop_ratio_4q,intraquarter_range,crash_count_4q,down_streak_1q,down_streak_4q_max,vol_mean_decline_q
409570,한국제10호스팩,2022Q1,2130,2270,2110,2140,3810738,,,,0,,,,,,,0,,,,0.07476635514018691,,0,,
409570,한국제10호스팩,2022Q2,2135,2340,2110,2175,1106484,0.016355140186915973,0.016222835506887634,,0,,,,,,,0,,,,0.10574712643678161,,0,,
409570,한국제10호스팩,2022Q3,2185,2290,2130,2155,662025,-0.00919540229885063,-0.009237940984936799,,0,,,,,,,0,,,,0.07424593967517401,,1,,
409570,한국제10호스팩,2022Q4,2150,2175,0,2025,411022,-0.06032482598607891,-0.062221022997208664,,0,,,-0.06896551724137934,2123.75,,-0.0464979399646851,0,,-0.6926425611961463,0.2744597947103878,1.0740740740740742,0.0,2,2.0,
409570,한국제10호스팩,2023Q1,0,0,0,2025,0,0.0,0.0,-0.053738317757009435,0,0.03308826083928002,,-0.06896551724137934,2095.0,,-0.03341288782816232,0,-0.053738317757009324,-1.176096470613028,0.0,0.0,0.0,0,2.0,
409570,한국제10호스팩,2023Q2,0,3940,0,3095,38040319,0.528395061728395,0.42421820557805745,0.4229885057471263,0,0.2770580282905254,,0.0,2325.0,,0.33118279569892484,0,0.42298850574712654,1.4998426943239236,3.8902628835370496,1.2730210016155088,0.0,0,2.0,
409570,한국제10호스팩,2023Q3,3100,3830,0,3305,11119854,0.06785137318255252,0.06564856716708967,0.5336426914153132,0,0.26810522934338554,,0.0,2612.5,,0.2650717703349281,0,0.5336426914153132,-0.07128760867319751,0.8972835131370144,1.1588502269288956,0.0,0,2.0,
