stock_code,Name,quarter,Open,High,Low,Close,Volume_sum,ret_1q,logret_1q,cumret_4q,down_gap_q,vol_4q,vol_8q,max_drawdown_4q,ma4,ma8,ma4_ratio,ma_cross_4_8,mom_4q,vol_z_4q,vol_drop_ratio_4q,intraquarter_range,crash_count_4q,down_streak_1q,down_streak_4q_max,vol_mean_decline_q
412540,제일엠앤에스,2024Q2,37700,41200,13430,13430,36677293,,,,0,,,,,,,0,,,,2.067758749069248,,0,,
412540,제일엠앤에스,2024Q3,13500,14520,8200,13250,24431841,-0.013402829486224843,-0.013493458102914246,,0,,,,,,,0,,,,0.4769811320754717,,1,,
412540,제일엠앤에스,2024Q4,12870,14920,6310,6670,13375156,-0.4966037735849057,-0.6863776925046992,,1,,,,,,,0,,,,1.2908545727136431,,2,,
412540,제일엠앤에스,2025Q1,6650,8340,4900,5210,7998358,-0.21889055472263863,-0.24704000416225647,,1,,,-0.6120625465376024,9640.0,,-0.4595435684647303,0,,-0.9935840942328577,0.38788075765947766,0.6602687140115163,2.0,3,3.0,
412540,제일엠앤에스,2025Q2,5110,5510,0,3935,443601,-0.24472168905950098,-0.28066897389591006,-0.706999255398362,1,0.19800110191861034,,-0.7030188679245283,7266.25,,-0.4584551866506107,0,-0.706999255398362,-1.1022812827479345,0.03836635793465262,1.400254129606099,3.0,4,4.0,
412540,제일엠앤에스,2025Q3,0,0,0,3935,0,0.0,0.0,-0.7030188679245284,0,0.20323499368926795,,-0.41004497751124436,4937.5,,-0.20303797468354434,0,-0.7030188679245283,-0.8481386787023603,0.0,0.0,3.0,0,4.0,
412540,제일엠앤에스,2025Q4,0,0,0,3935,0,0.0,0.0,-0.41004497751124436,0,0.13424815566298856,,-0.24472168905950098,4253.75,,-0.07493388186893912,0,-0.41004497751124436,-0.5369093837775645,0.0,0.0,2.0,0,4.0,
