stock_code,Name,quarter,Open,High,Low,Close,Volume_sum,ret_1q,logret_1q,cumret_4q,down_gap_q,vol_4q,vol_8q,max_drawdown_4q,ma4,ma8,ma4_ratio,ma_cross_4_8,mom_4q,vol_z_4q,vol_drop_ratio_4q,intraquarter_range,crash_count_4q,down_streak_1q,down_streak_4q_max,vol_mean_decline_q
413390,엠오티,2024Q4,8450,10660,5520,5940,56199697,,,,0,,,,,,,0,,,,0.8653198653198653,,0,,
413390,엠오티,2025Q1,5950,12260,5040,8880,104212386,0.49494949494949503,0.4020924236295258,,0,,,,,,,0,,,,0.8130630630630631,,0,,
413390,엠오티,2025Q2,9220,11050,7540,7620,34966903,-0.14189189189189189,-0.1530251873055235,,1,,,,,,,0,,,,0.46062992125984253,,1,,
413390,엠오티,2025Q3,7540,8740,6280,6420,8996649,-0.15748031496062997,-0.1713582519966863,,1,,,-0.277027027027027,7215.0,,-0.11018711018711014,0,,-1.0437799151988962,0.17608065658120156,0.38317757009345793,2.0,2,2.0,
413390,엠오티,2025Q4,6380,9210,6350,7110,28241568,0.10747663551401865,0.10208412611328121,0.19696969696969702,0,0.30468517531102424,,-0.19932432432432434,7507.5,,-0.05294705294705293,0,0.19696969696969702,-0.3817233171383973,0.6403348202870525,0.4022503516174402,2.0,0,2.0,
