stock_code,Name,quarter,Open,High,Low,Close,Volume_sum,ret_1q,logret_1q,cumret_4q,down_gap_q,vol_4q,vol_8q,max_drawdown_4q,ma4,ma8,ma4_ratio,ma_cross_4_8,mom_4q,vol_z_4q,vol_drop_ratio_4q,intraquarter_range,crash_count_4q,down_streak_1q,down_streak_4q_max,vol_mean_decline_q
413640,비아이매트릭스,2023Q4,17040,17400,8850,9240,27511309,,,,0,,,,,,,0,,,,0.9253246753246753,,0,,
413640,비아이매트릭스,2024Q1,9490,19000,8880,9140,25734266,-0.010822510822510845,-0.010881500187533533,,0,,,,,,,0,,,,1.1072210065645514,,1,,
413640,비아이매트릭스,2024Q2,9140,14150,8460,9260,22218377,0.013129102844638973,0.013043663192028987,,0,,,,,,,0,,,,0.6144708423326134,,0,,
413640,비아이매트릭스,2024Q3,9320,9930,7300,7800,2239770,-0.1576673866090713,-0.1715803149625419,,1,,,-0.1576673866090713,8860.0,,-0.11963882618510158,0,,-1.4731049205031534,0.11529795187931924,0.3371794871794872,1.0,1,1.0,
413640,비아이매트릭스,2024Q4,7810,10370,7300,7790,4583446,-0.0012820512820512775,-0.0012828738128884964,-0.15692640692640691,0,0.07961554129512707,,-0.1587473002159827,8497.5,,-0.08325978228890851,0,-0.15692640692640691,-0.7593552879145896,0.3347055497568737,0.3940949935815148,1.0,2,2.0,
413640,비아이매트릭스,2025Q1,7980,12670,7280,10920,16804229,0.40179717586649555,0.33775511043410233,0.19474835886214437,0,0.23811268800883081,,0.0,8942.5,,0.22113502935420737,0,0.19474835886214437,0.5564150639742093,1.466151397612633,0.4935897435897436,1.0,0,2.0,
413640,비아이매트릭스,2025Q2,10950,24000,9530,19290,22684738,0.7664835164835164,0.5689908566008786,1.0831533477321815,0,0.41597724486000587,,0.0,11450.0,,0.6847161572052403,0,1.0831533477321815,1.1359421862871761,1.9592890276841408,0.7501296008294454,1.0,0,2.0,
413640,비아이매트릭스,2025Q3,19300,21550,12680,13840,6960281,-0.28252980819077245,-0.3320238767281136,0.7743589743589743,1,0.4594168073635128,,-0.28252980819077245,12960.0,10910.0,0.06790123456790131,0,0.7743589743589743,-0.6843202342694712,0.5455546595286543,0.6408959537572254,1.0,1,2.0,-0.20717547395447145
413640,비아이매트릭스,2025Q4,13740,14400,9030,9520,2702841,-0.3121387283236994,-0.3741681013862497,0.2220795892169447,1,0.5303878780290595,0.3644190783517093,-0.5064800414722654,13392.5,10945.0,-0.28915437745006534,0,0.2220795892169447,-1.0526423876112396,0.2199573653929541,0.5640756302521008,2.0,2,2.0,-0.05411220088748414
