stock_code,Name,quarter,Open,High,Low,Close,Volume_sum,ret_1q,logret_1q,cumret_4q,down_gap_q,vol_4q,vol_8q,max_drawdown_4q,ma4,ma8,ma4_ratio,ma_cross_4_8,mom_4q,vol_z_4q,vol_drop_ratio_4q,intraquarter_range,crash_count_4q,down_streak_1q,down_streak_4q_max,vol_mean_decline_q
415380,스튜디오삼익,2024Q1,18059,18267,4722,4771,67169803,,,,0,,,,,,,0,,,,2.839027457556068,,0,,
415380,스튜디오삼익,2024Q2,4830,5149,3715,3886,9226316,-0.18549570320687492,-0.205175575578723,,1,,,,,,,0,,,,0.36901698404529076,,1,,
415380,스튜디오삼익,2024Q3,3889,3983,2777,3104,10711339,-0.20123520329387545,-0.22468874863427502,,1,,,,,,,0,,,,0.38853092783505155,,2,,
415380,스튜디오삼익,2024Q4,3100,3114,2448,2872,4456213,-0.07474226804123707,-0.07768295113499502,,0,,,-0.3980297631523789,3658.25,,-0.21492516913824922,0,,-0.6219615427944771,0.1946716618646712,0.2318941504178273,2.0,3,3.0,
415380,스튜디오삼익,2025Q1,2871,3017,2590,2622,1316942,-0.0870473537604457,-0.09107126584446945,-0.4504296793125132,0,0.06544519052685646,,-0.32527020072053525,3121.0,,-0.15988465235501437,0,-0.4504296793125131,-1.180926139209178,0.204885338112646,0.16285278413424867,2.0,4,4.0,
415380,스튜디오삼익,2025Q2,2621,3374,2527,3250,2610746,0.2395118230358504,0.21471761100013698,-0.16366443643849726,0,0.1890425908165299,,0.0,2962.0,,0.0972316002700877,0,-0.16366443643849715,-0.519631612934914,0.5468893818564208,0.26061538461538464,1.0,0,4.0,
415380,스튜디오삼익,2025Q3,3243,5440,2810,2830,25322978,-0.12923076923076926,-0.1383782846864987,-0.08827319587628879,1,0.16986943061688295,,-0.12923076923076926,2893.5,,-0.021945740452738893,0,-0.08827319587628868,1.490286357933992,3.0050813069937443,0.9293286219081273,1.0,1,4.0,
415380,스튜디오삼익,2025Q4,2830,2940,2140,2290,6208678,-0.19081272084805656,-0.21172489408899864,-0.2026462395543177,1,0.19238204981296034,,-0.29538461538461536,2748.0,3203.125,-0.16666666666666663,1,-0.2026462395543176,-0.23788822689016545,0.7003714451119005,0.34934497816593885,2.0,2,4.0,-0.4416863117286265
