stock_code,Name,quarter,Open,High,Low,Close,Volume_sum,ret_1q,logret_1q,cumret_4q,down_gap_q,vol_4q,vol_8q,max_drawdown_4q,ma4,ma8,ma4_ratio,ma_cross_4_8,mom_4q,vol_z_4q,vol_drop_ratio_4q,intraquarter_range,crash_count_4q,down_streak_1q,down_streak_4q_max,vol_mean_decline_q
415640,KB발해인프라,2024Q4,8400,8690,7560,7760,13573044,,,,0,,,,,,,0,,,,0.14561855670103094,,0,,
415640,KB발해인프라,2025Q1,7780,7980,7070,7570,4265698,-0.02448453608247425,-0.024789266745768757,,0,,,,,,,0,,,,0.1202113606340819,,1,,
415640,KB발해인프라,2025Q2,7640,8450,7410,8070,11024295,0.06605019815059454,0.06396041483249881,,0,,,,,,,0,,,,0.1288723667905824,,0,,
415640,KB발해인프라,2025Q3,8150,9080,7950,8990,11012719,0.11400247831474597,0.10795936620167268,,0,,,0.0,8097.5,,0.1102192034578573,0,,0.2617100286627314,1.1047032186675032,0.12569521690767518,0.0,0,1.0,
415640,KB발해인프라,2025Q4,8970,10600,8970,10020,10408911,0.11457174638487211,0.1084702471731891,0.29123711340206193,0,0.06542548358952277,,0.0,8662.5,,0.1567099567099568,0,0.29123711340206193,0.37446249083041433,1.1341270311040186,0.1626746506986028,0.0,0,1.0,
