stock_code,Name,quarter,Open,High,Low,Close,Volume_sum,ret_1q,logret_1q,cumret_4q,down_gap_q,vol_4q,vol_8q,max_drawdown_4q,ma4,ma8,ma4_ratio,ma_cross_4_8,mom_4q,vol_z_4q,vol_drop_ratio_4q,intraquarter_range,crash_count_4q,down_streak_1q,down_streak_4q_max,vol_mean_decline_q
416180,신성에스티,2023Q4,46050,47150,20750,24250,27641488,,,,0,,,,,,,0,,,,1.088659793814433,,0,,
416180,신성에스티,2024Q1,24300,74300,23600,43150,36722413,0.779381443298969,0.5762658001459453,,0,,,,,,,0,,,,1.174971031286211,,0,,
416180,신성에스티,2024Q2,43600,46500,25250,34700,16908903,-0.19582850521436845,-0.21794273057662394,,1,,,,,,,0,,,,0.6123919308357348,,1,,
416180,신성에스티,2024Q3,34750,50100,23200,28850,14380815,-0.16858789625360227,-0.18462969399870488,,1,,,-0.3314020857473928,32737.5,,-0.11874761359297437,0,,-0.9260287794395381,0.6013704510228725,0.9324090121317158,2.0,2,2.0,
416180,신성에스티,2024Q4,28650,32000,22350,28600,4864516,-0.008665511265164683,-0.008703275128301158,0.1793814432989691,0,0.4593514922610919,,-0.33719582850521435,33825.0,,-0.1544715447154471,0,0.1793814432989691,-0.9980183298670441,0.2669999897223592,0.3374125874125874,2.0,3,3.0,
416180,신성에스티,2025Q1,28700,42600,28200,29050,6180860,0.01573426573426584,0.015611765472113959,-0.3267670915411355,0,0.10827281163413928,,-0.16282420749279536,30300.0,,-0.041254125412541254,0,-0.3267670915411356,-0.7388980266750251,0.5839939790850588,0.49569707401032703,2.0,0,3.0,
416180,신성에스티,2025Q2,29150,37350,24750,29850,3156641,0.027538726333907082,0.027166356540689662,-0.1397694524495675,0,0.09131489561569175,,0.0,29087.5,,0.02621400945423291,0,-0.13976945244956773,-0.8010551680090626,0.44175342737206724,0.4221105527638191,1.0,0,3.0,
416180,신성에스티,2025Q3,30200,52500,28750,34450,8811961,0.15410385259631498,0.14332415762105732,0.1941074523396884,0,0.07286070088066741,,0.0,30487.5,31612.5,0.12997129971299715,1,0.19410745233968796,1.2821462074356806,1.5315841529004677,0.6894049346879536,0.0,0,3.0,-0.6121270071728173
416180,신성에스티,2025Q4,34350,51900,31300,32500,9658631,-0.05660377358490565,-0.058268908123976004,0.13636363636363646,0,0.08756648664505196,0.308180857536485,-0.05660377358490565,31462.5,32643.75,0.03297576479936426,1,0.13636363636363646,0.9232191331841262,1.3893266251662781,0.6338461538461538,0.0,1,1.0,-0.4476205033652567
