stock_code,Name,quarter,Open,High,Low,Close,Volume_sum,ret_1q,logret_1q,cumret_4q,down_gap_q,vol_4q,vol_8q,max_drawdown_4q,ma4,ma8,ma4_ratio,ma_cross_4_8,mom_4q,vol_z_4q,vol_drop_ratio_4q,intraquarter_range,crash_count_4q,down_streak_1q,down_streak_4q_max,vol_mean_decline_q
417200,LS머트리얼즈,2023Q4,19940,51500,19900,44350,265087229,,,,0,,,,,,,0,,,,0.7125140924464487,,0,,
417200,LS머트리얼즈,2024Q1,44600,50300,22850,23600,136230287,-0.46786922209695603,-0.6308659967240242,,1,,,,,,,0,,,,1.1631355932203389,,1,,
417200,LS머트리얼즈,2024Q2,23700,31950,23250,23650,120867823,0.0021186440677967155,0.0021164029063776013,,0,,,,,,,0,,,,0.3678646934460888,,0,,
417200,LS머트리얼즈,2024Q3,23550,25150,14040,18450,29071706,-0.2198731501057083,-0.24829874445140554,,1,,,-0.5839909808342728,27512.5,,-0.3293957292139936,0,,-1.119352546765091,0.21094845871765683,0.6021680216802168,2.0,1,1.0,
417200,LS머트리얼즈,2024Q4,18000,18950,9600,11780,16793355,-0.3615176151761518,-0.44866119226309564,-0.7343855693348365,1,0.2031576051907769,,-0.5019027484143763,19370.0,,-0.3918430562725864,0,-0.7343855693348365,-0.9584323407118477,0.22172140520670744,0.7937181663837012,3.0,2,2.0,
417200,LS머트리얼즈,2025Q1,11700,16000,10600,10640,50515748,-0.09677419354838712,-0.10178269430994291,-0.5491525423728814,0,0.15721457362864896,,-0.5501057082452432,16130.0,,-0.3403595784252945,0,-0.5491525423728814,-0.0816302634690802,0.9301001812522345,0.5075187969924813,2.0,3,3.0,
417200,LS머트리얼즈,2025Q2,10640,12270,9050,11000,13554791,0.03383458646616533,0.033274788884872564,-0.5348837209302326,0,0.16907474166832012,,-0.4037940379403794,12967.5,,-0.1517254675149412,0,-0.5348837209302326,-0.8317825699968352,0.49319023137182133,0.2927272727272727,2.0,0,3.0,
417200,LS머트리얼즈,2025Q3,10950,11410,9570,9590,13417613,-0.12818181818181817,-0.13717438390302306,-0.48021680216802176,1,0.16460367666880152,,-0.18590831918505946,10752.5,19132.5,-0.10811439200186002,1,-0.48021680216802165,-0.563066707057433,0.569257468487431,0.19186652763295098,2.0,1,3.0,-0.7078981365004517
417200,LS머트리얼즈,2025Q4,9500,15800,9160,12180,54577472,0.27007299270072993,0.23907437338640314,0.03395585738539886,0,0.1810356191258366,0.23319255662952837,0.0,10852.5,15111.25,0.12232204561161031,1,0.03395585738539908,0.9535026445680669,1.6530409760529357,0.5451559934318555,1.0,0,3.0,-0.3928419198090094
