stock_code,Name,quarter,Open,High,Low,Close,Volume_sum,ret_1q,logret_1q,cumret_4q,down_gap_q,vol_4q,vol_8q,max_drawdown_4q,ma4,ma8,ma4_ratio,ma_cross_4_8,mom_4q,vol_z_4q,vol_drop_ratio_4q,intraquarter_range,crash_count_4q,down_streak_1q,down_streak_4q_max,vol_mean_decline_q
418620,E8,2024Q1,21342,32361,14494,16445,158390975,,,,0,,,,,,,0,,,,1.086470051687443,,0,,
418620,E8,2024Q2,16445,17384,11490,15155,10536887,-0.07844329583460019,-0.08169096913125529,,0,,,,,,,0,,,,0.3889145496535797,,1,,
418620,E8,2024Q3,15033,17139,8471,11556,5405428,-0.2374793797426592,-0.27112572790577616,,1,,,,,,,0,,,,0.7500865351332641,,2,,
418620,E8,2024Q4,11270,13336,4145,4406,7744590,-0.6187262028383524,-0.9642375342238374,,1,,,-0.7320766190331407,11890.5,,-0.6294520835961481,0,,-0.5018123656639691,0.17013796513887355,2.0860190649114845,2.0,3,3.0,
418620,E8,2025Q1,4455,5362,2146,2302,10030065,-0.47753064003631407,-0.649188938080461,-0.8600182426269383,1,0.24141574419303602,,-0.8481029363246453,8354.75,,-0.7244681169394656,0,-0.8600182426269383,0.6801856756190827,1.189912972606969,1.3970460469157255,3.0,4,4.0,
418620,E8,2025Q2,2293,5163,2093,4648,26397820,1.0191138140747178,0.7026587092499197,-0.6933025404157044,0,0.7485764786365845,,-0.5977847005884389,5728.0,,-0.18854748603351956,0,-0.6933025404157044,1.4702337122579066,2.1298052884568355,0.6604991394148021,3.0,0,4.0,
418620,E8,2025Q3,4746,4879,2257,2257,15860102,-0.5144148020654045,-0.7224005217142127,-0.8046902042229145,1,0.7802965278361885,,-0.5144148020654045,3403.25,,-0.336810401821788,0,-0.8046902042229145,0.10231902026982541,1.0567663620370653,1.1617190961453256,3.0,1,4.0,
418620,E8,2025Q4,2173,2887,1450,1514,18226849,-0.3291980505095259,-0.3992813428201414,-0.6563776668179754,1,0.7341246355525408,,-0.6742685025817556,2680.25,7285.375,-0.43512732021266676,1,-0.6563776668179755,0.0881518339519091,1.0339298810820463,0.9491413474240423,3.0,2,4.0,-0.4416716592888609
