stock_code,Name,quarter,Open,High,Low,Close,Volume_sum,ret_1q,logret_1q,cumret_4q,down_gap_q,vol_4q,vol_8q,max_drawdown_4q,ma4,ma8,ma4_ratio,ma_cross_4_8,mom_4q,vol_z_4q,vol_drop_ratio_4q,intraquarter_range,crash_count_4q,down_streak_1q,down_streak_4q_max,vol_mean_decline_q
419270,신영스팩7호,2022Q2,3751,3776,3449,3499,1288543,,,,0,,,,,,,0,,,,0.09345527293512432,,0,,
419270,신영스팩7호,2022Q3,3498,3572,3441,3507,447422,0.002286367533580913,0.002283757772490347,,0,,,,,,,0,,,,0.03735386370116909,,0,,
419270,신영스팩7호,2022Q4,3499,3506,3261,3351,849110,-0.044482463644140324,-0.04550216240286886,,0,,,,,,,0,,,,0.07311250373022979,,1,,
419270,신영스팩7호,2023Q1,3383,3670,3310,3580,538521,0.06833780960907188,0.0661039916574353,,0,,,0.0,3484.25,,0.027480806486331444,0,,-0.6384936731413644,0.6896167109959163,0.1005586592178771,0.0,0,1.0,
419270,신영스팩7호,2023Q2,3588,3784,3433,3719,404452,0.038826815642458046,0.03809201453032429,0.06287510717347766,0,0.04866986555273799,,0.0,3539.25,,0.0507875962421418,0,0.0628751071734781,-0.7741757448812353,0.7223953507583148,0.0943802097337994,0.0,0,1.0,
419270,신영스팩7호,2023Q3,3719,4087,0,3965,565806,0.06614681365958597,0.06405104014387852,0.13059595095523213,0,0.05285969525445856,,0.0,3653.75,,0.08518645227505983,0,0.13059595095523235,-0.12662185047861743,0.9598517996394232,1.0307692307692307,0.0,0,1.0,
419270,신영스팩7호,2023Q4,0,0,0,3965,0,0.0,0.0,0.18322888689943317,0,0.031852603651061275,,0.0,3807.25,,0.04143410598200803,0,0.18322888689943295,-1.4442855822906395,0.0,0.0,0.0,0,0.0,
419270,신영스팩7호,2024Q1,0,5000,0,4845,11127586,0.22194199243379575,0.2004413902559179,0.3533519553072626,0,0.09733569855916138,,0.0,4123.5,3803.875,0.17497271735176434,0,0.3533519553072626,1.4985464688726846,3.6791963923489175,1.0319917440660475,0.0,0,0.0,0.5895794353228079
419270,신영스팩7호,2024Q2,4845,5200,0,5200,1093185,0.0732714138286894,0.07071138024465284,0.3982253293896212,0,0.09373197055384783,0.07968179452045217,0.0,4493.75,4016.5,0.15716272600834502,0,0.39822532938962096,-0.39642253707222136,0.3419789361922272,1.0,0.0,0,0.0,0.7019176389427397
