stock_code,Name,quarter,Open,High,Low,Close,Volume_sum,ret_1q,logret_1q,cumret_4q,down_gap_q,vol_4q,vol_8q,max_drawdown_4q,ma4,ma8,ma4_ratio,ma_cross_4_8,mom_4q,vol_z_4q,vol_drop_ratio_4q,intraquarter_range,crash_count_4q,down_streak_1q,down_streak_4q_max,vol_mean_decline_q
419700,이브이파킹서비스,2023Q3,2700,2700,782,1543,3161192,,,,0,,,,,,,0,,,,1.2430330524951394,,0,,
419700,이브이파킹서비스,2023Q4,1500,7950,0,3490,2947394,1.2618276085547633,0.8161731628333113,,0,,,,,,,0,,,,2.2779369627507164,,0,,
419700,이브이파킹서비스,2024Q1,3490,3965,0,1649,3951660,-0.5275071633237822,-0.749732692636873,,1,,,,,,,0,,,,2.4044875682231655,,1,,
419700,이브이파킹서비스,2024Q2,0,0,0,1649,0,0.0,0.0,,0,,,-0.5275071633237822,2082.75,,-0.20825831232745173,0,,-1.4525762425812236,0.0,0.0,1.0,0,1.0,
419700,이브이파킹서비스,2024Q3,0,824,0,275,2323903,-0.8332322619769558,-1.7911532248930273,-0.8217757615035646,1,0.9241758195991304,,-0.9212034383954155,1765.75,,-0.844258813535325,0,-0.8217757615035645,0.010830742675028012,1.00787762536462,2.9963636363636366,2.0,1,1.0,
419700,이브이파킹서비스,2024Q4,250,338,0,1,30979129,-0.9963636363636363,-5.616771097666572,-0.9997134670487106,1,0.43829084513901434,,-0.9993935718617344,893.5,,-0.9988808058198098,0,-0.9997134670487106,1.4906350904026597,3.3261989120726057,338.0,3.0,2,2.0,
