stock_code,Name,quarter,Open,High,Low,Close,Volume_sum,ret_1q,logret_1q,cumret_4q,down_gap_q,vol_4q,vol_8q,max_drawdown_4q,ma4,ma8,ma4_ratio,ma_cross_4_8,mom_4q,vol_z_4q,vol_drop_ratio_4q,intraquarter_range,crash_count_4q,down_streak_1q,down_streak_4q_max,vol_mean_decline_q
420570,제이투케이바이오,2024Q1,32850,36850,17180,17900,9499986,,,,0,,,,,,,0,,,,1.0988826815642458,,0,,
420570,제이투케이바이오,2024Q2,17900,41250,11810,24850,50069009,0.3882681564245809,0.3280570396959277,,0,,,,,,,0,,,,1.1847082494969818,,0,,
420570,제이투케이바이오,2024Q3,24600,26600,15020,18560,5213883,-0.2531187122736418,-0.29184902518458244,,1,,,,,,,0,,,,0.6239224137931034,,1,,
420570,제이투케이바이오,2024Q4,18560,18560,7940,9100,2845198,-0.509698275862069,-0.7127343138352504,,1,,,-0.6338028169014085,17602.5,,-0.4830279789802585,0,,-0.6311726062234274,0.16828501819273994,1.167032967032967,2.0,2,2.0,
420570,제이투케이바이오,2025Q1,9290,16340,8200,12280,18290495,0.34945054945054954,0.2996975091961911,-0.3139664804469272,0,0.4459341437855887,,-0.5058350100603621,16197.5,,-0.2418583114678191,0,-0.3139664804469273,-0.03746406394119943,0.957384646679862,0.6628664495114006,2.0,0,2.0,
420570,제이투케이바이오,2025Q2,12650,13940,9500,10230,7935673,-0.16693811074918563,-0.18264734275546068,-0.5883299798792756,1,0.36039658328387847,,-0.4488146551724138,12542.5,,-0.1843731313533985,0,-0.5883299798792756,-0.09340660538529197,0.9258410811016714,0.4340175953079179,3.0,1,2.0,
420570,제이투케이바이오,2025Q3,10230,11570,9010,9190,2520265,-0.10166177908113394,-0.10720864359593918,-0.5048491379310345,1,0.353144870926663,,-0.251628664495114,10200.0,,-0.09901960784313724,0,-0.5048491379310345,-0.7307762288555437,0.31910539851519537,0.27856365614798695,3.0,2,2.0,
420570,제이투케이바이오,2025Q4,9120,10170,7840,8600,3279678,-0.06420021762785633,-0.06635373310813364,-0.05494505494505475,0,0.234073702991578,,-0.2996742671009772,10075.0,13838.75,-0.14640198511166258,1,-0.05494505494505497,-0.6509075609036926,0.4096255083859542,0.2709302325581395,2.0,3,3.0,-0.35725508452544996
