stock_code,Name,quarter,Open,High,Low,Close,Volume_sum,ret_1q,logret_1q,cumret_4q,down_gap_q,vol_4q,vol_8q,max_drawdown_4q,ma4,ma8,ma4_ratio,ma_cross_4_8,mom_4q,vol_z_4q,vol_drop_ratio_4q,intraquarter_range,crash_count_4q,down_streak_1q,down_streak_4q_max,vol_mean_decline_q
426550,IBKS제19호스팩,2022Q3,2095,2310,2090,2225,3726732,,,,0,,,,,,,0,,,,0.09887640449438202,,0,,
426550,IBKS제19호스팩,2022Q4,2225,2225,2000,2075,1067111,-0.0674157303370787,-0.06979576193554227,,0,,,,,,,0,,,,0.10843373493975904,,1,,
426550,IBKS제19호스팩,2023Q1,2075,2250,2045,2220,742611,0.06987951807228909,0.06754604220152682,,0,,,,,,,0,,,,0.09234234234234234,,0,,
426550,IBKS제19호스팩,2023Q2,2225,2360,0,2325,351102,0.04729729729729737,0.04621284315513119,,0,,,0.0,2211.25,,0.05144149236856976,0,,-0.7318388930520435,0.23853836804269887,1.0150537634408603,0.0,0,1.0,
426550,IBKS제19호스팩,2023Q3,0,0,0,2325,0,0.0,0.0,0.04494382022471899,0,0.06067954262248771,,0.0,2236.25,,0.03968697596422577,0,0.04494382022471921,-1.1639744306028899,0.0,0.0,0.0,0,1.0,
426550,IBKS제19호스팩,2023Q4,0,3040,0,2830,16323989,0.2172043010752689,0.1965566726158272,0.3638554216867469,0,0.0937109154519248,,0.0,2425.0,,0.1670103092783506,0,0.3638554216867469,1.4989175278259772,3.748827256316591,1.0742049469964665,0.0,0,0.0,
426550,IBKS제19호스팩,2024Q1,2895,6400,0,6300,8225206,1.2261484098939928,0.8002729217423399,1.8378378378378377,0,0.5765834151957889,,0.0,3445.0,,0.8287373004354137,0,1.8378378378378377,0.25876007861658396,1.3213024728178946,1.0158730158730158,0.0,0,0.0,
