stock_code,Name,quarter,Open,High,Low,Close,Volume_sum,ret_1q,logret_1q,cumret_4q,down_gap_q,vol_4q,vol_8q,max_drawdown_4q,ma4,ma8,ma4_ratio,ma_cross_4_8,mom_4q,vol_z_4q,vol_drop_ratio_4q,intraquarter_range,crash_count_4q,down_streak_1q,down_streak_4q_max,vol_mean_decline_q
426670,대신밸런스제12호스팩,2022Q3,2170,2460,2125,2280,5748352,,,,0,,,,,,,0,,,,0.14692982456140352,,0,,
426670,대신밸런스제12호스팩,2022Q4,2350,2520,0,2410,8384233,0.05701754385964919,0.05545130453621461,,0,,,,,,,0,,,,1.045643153526971,,0,,
426670,대신밸런스제12호스팩,2023Q1,2415,3720,0,2580,14073951,0.0705394190871369,0.06816265143096256,,0,,,,,,,0,,,,1.441860465116279,,0,,
426670,대신밸런스제12호스팩,2023Q2,0,0,0,2580,0,0.0,0.0,,0,,,0.0,2462.5,,0.04771573604060908,0,,-1.2063164583803316,0.0,0.0,0.0,0,0.0,
