stock_code,Name,quarter,Open,High,Low,Close,Volume_sum,ret_1q,logret_1q,cumret_4q,down_gap_q,vol_4q,vol_8q,max_drawdown_4q,ma4,ma8,ma4_ratio,ma_cross_4_8,mom_4q,vol_z_4q,vol_drop_ratio_4q,intraquarter_range,crash_count_4q,down_streak_1q,down_streak_4q_max,vol_mean_decline_q
427950,하나금융23호스팩,2022Q3,2120,2140,2100,2105,3200620,,,,0,,,,,,,0,,,,0.019002375296912115,,0,,
427950,하나금융23호스팩,2022Q4,2105,2110,1985,2010,905881,-0.04513064133016631,-0.04618074506336001,,0,,,,,,,0,,,,0.06218905472636816,,1,,
427950,하나금융23호스팩,2023Q1,2000,2225,2000,2160,768692,0.07462686567164178,0.0719734996250887,,0,,,,,,,0,,,,0.10416666666666667,,0,,
427950,하나금융23호스팩,2023Q2,2160,2465,0,2360,1139030,0.09259259259259256,0.08855339734144518,,0,,,0.0,2158.75,,0.09322524609148819,0,,-0.31929517562145865,0.7575575431772317,1.0444915254237288,0.0,0,1.0,
427950,하나금융23호스팩,2023Q3,0,0,0,2360,0,0.0,0.0,0.12114014251781446,0,0.06442802771251323,,0.0,2222.5,,0.06186726659167596,0,0.12114014251781469,-1.4261314061970485,0.0,0.0,0.0,0,1.0,
427950,하나금융23호스팩,2023Q4,0,3400,0,3250,8654444,0.3771186440677967,0.3199933773041268,0.6169154228855722,0,0.16561505222846892,,0.0,2532.5,,0.28331688055281345,0,0.6169154228855722,1.489608605305885,3.2775262195273203,1.0461538461538462,0.0,0,0.0,
427950,하나금융23호스팩,2024Q1,3250,5700,0,5700,4679386,0.7538461538461538,0.5618111784988589,1.6388888888888893,0,0.33901952333624047,,0.0,3417.5,,0.667885881492319,0,1.6388888888888888,0.27180482055807303,1.2932857776555566,1.0,0.0,0,0.0,
