stock_code,Name,quarter,Open,High,Low,Close,Volume_sum,ret_1q,logret_1q,cumret_4q,down_gap_q,vol_4q,vol_8q,max_drawdown_4q,ma4,ma8,ma4_ratio,ma_cross_4_8,mom_4q,vol_z_4q,vol_drop_ratio_4q,intraquarter_range,crash_count_4q,down_streak_1q,down_streak_4q_max,vol_mean_decline_q
430230,하나금융24호스팩,2022Q3,2716,2729,2703,2716,2446540,,,,0,,,,,,,0,,,,0.009572901325478646,,0,,
430230,하나금융24호스팩,2022Q4,2716,2723,2565,2599,1338234,-0.04307805596465386,-0.044033454037096575,,0,,,,,,,0,,,,0.06079261254328588,,1,,
430230,하나금융24호스팩,2023Q1,2598,2735,2579,2658,717443,0.02270103886110042,0.02244720463170058,,0,,,,,,,0,,,,0.05869074492099323,,0,,
430230,하나금융24호스팩,2023Q2,2664,2904,2644,2860,884482,0.07599699021820916,0.07324766454070719,,0,,,0.0,2708.25,,0.056032493307486275,0,,-0.5935100395599737,0.6567896219929868,0.09090909090909091,0.0,0,1.0,
430230,하나금융24호스팩,2023Q3,2885,2918,2670,2736,613572,-0.043356643356643354,-0.04432462507145729,0.007363770250368162,0,0.05770268567481745,,-0.043356643356643354,2713.25,,0.00838477840228502,0,0.007363770250368162,-0.8590479314434722,0.6906228974562227,0.09064327485380116,0.0,1,1.0,
430230,하나금융24호스팩,2023Q4,2749,2852,2650,2846,620725,0.04020467836257313,0.03941749990735666,0.09503655252019994,0,0.05001610334831415,,-0.004895104895104918,2775.0,,0.025585585585585546,0,0.09503655252020016,-0.7000356203884462,0.8754251253956848,0.07097680955727337,0.0,0,1.0,
430230,하나금융24호스팩,2024Q1,2846,3140,0,3075,798172,0.08046380885453264,0.07739040159082133,0.15688487584650113,0,0.05735934126585385,,0.0,2879.25,,0.06798645480593901,0,0.15688487584650113,0.5137756385236083,1.0945291847549032,1.021138211382114,0.0,0,1.0,
430230,하나금융24호스팩,2024Q2,0,3435,0,2770,9908896,-0.09918699186991875,-0.10445758105923453,-0.03146853146853146,0,0.08101248474127576,,-0.09918699186991875,2856.75,2782.5,-0.03036667541786997,0,-0.03146853146853146,1.499743409987245,3.3191836946613726,1.240072202166065,0.0,1,1.0,0.3782688014079356
430230,하나금융24호스팩,2024Q3,2760,2880,0,1762,5395190,-0.363898916967509,-0.45239779268526004,-0.35599415204678364,1,0.2008638835685074,0.1447917240105922,-0.4269918699186992,2613.25,2663.25,-0.3257438056060461,1,-0.35599415204678364,0.27524779954040407,1.2904850767354126,1.6345062429057888,1.0,2,2.0,0.6494766361058306
