stock_code,Name,quarter,Open,High,Low,Close,Volume_sum,ret_1q,logret_1q,cumret_4q,down_gap_q,vol_4q,vol_8q,max_drawdown_4q,ma4,ma8,ma4_ratio,ma_cross_4_8,mom_4q,vol_z_4q,vol_drop_ratio_4q,intraquarter_range,crash_count_4q,down_streak_1q,down_streak_4q_max,vol_mean_decline_q
430690,한싹,2023Q4,18685,21011,7513,9570,161177471,,,,0,,,,,,,0,,,,1.4104493207941484,,0,,
430690,한싹,2024Q1,9330,9730,6952,7018,11027005,-0.2666666666666667,-0.31015492830383984,,1,,,,,,,0,,,,0.3958392704474209,,1,,
430690,한싹,2024Q2,7058,13870,6300,6350,78126601,-0.09518381305215162,-0.10002346425642195,,0,,,,,,,0,,,,1.1921259842519685,,2,,
430690,한싹,2024Q3,6400,8610,3800,6400,110055340,0.007874015748031482,0.007843177461024808,,0,,,-0.33124346917450365,7334.5,,-0.12741154816279232,0,,0.31761831108974026,1.2215259489094452,0.7515625,1.0,0,2.0,
430690,한싹,2024Q4,6210,6300,3290,3820,11877333,-0.40312499999999996,-0.5160475677471421,-0.6008359456635319,1,0.182064254628763,,-0.45568538045027074,5897.0,,-0.3522129896557572,0,-0.6008359456635319,-0.8267929005807633,0.22507067832675187,0.7879581151832461,2.0,1,2.0,
430690,한싹,2025Q1,3830,6840,3790,4310,85323977,0.12827225130890052,0.12068748149717301,-0.3858649187802793,0,0.2275192790670467,,-0.3265625,5220.0,,-0.17432950191570884,0,-0.3858649187802793,0.333308355841233,1.1959212981283194,0.7076566125290024,1.0,0,2.0,
430690,한싹,2025Q2,4300,7680,3855,5390,102908236,0.25058004640371223,0.22360748080524928,-0.15118110236220472,0,0.2838712540516014,,-0.15781250000000002,4980.0,,0.08232931726907622,0,-0.15118110236220472,0.5638056007888664,1.3271423122990138,0.7096474953617811,1.0,0,1.0,
430690,한싹,2025Q3,5440,7790,4800,5860,82823886,0.08719851576994442,0.08360421866801637,-0.08437499999999998,0,0.28773110270320745,,0.0,4845.0,6089.75,0.2094943240454077,1,-0.08437499999999998,0.3004434703778884,1.1709310619750302,0.5102389078498294,1.0,0,1.0,-0.12039576444034139
430690,한싹,2025Q4,5940,6900,4760,4795,32334126,-0.18174061433447097,-0.20057589525351993,0.2552356020942408,1,0.18227204011932854,0.21865783765586477,-0.18174061433447097,5088.75,5492.875,-0.057725374600835155,1,0.2552356020942408,-1.4335126064847628,0.4263041236743867,0.44629822732012514,1.0,1,1.0,0.17941333624052147
