stock_code,Name,quarter,Open,High,Low,Close,Volume_sum,ret_1q,logret_1q,cumret_4q,down_gap_q,vol_4q,vol_8q,max_drawdown_4q,ma4,ma8,ma4_ratio,ma_cross_4_8,mom_4q,vol_z_4q,vol_drop_ratio_4q,intraquarter_range,crash_count_4q,down_streak_1q,down_streak_4q_max,vol_mean_decline_q
431190,케이쓰리아이,2024Q3,15800,15950,6700,7050,33482590,,,,0,,,,,,,0,,,,1.3120567375886525,,0,,
431190,케이쓰리아이,2024Q4,6930,7000,4180,5210,8315832,-0.2609929078014185,-0.30244776105890203,,1,,,,,,,0,,,,0.5412667946257198,,1,,
431190,케이쓰리아이,2025Q1,5240,5990,4050,4050,8462548,-0.2226487523992322,-0.25186297464682816,,1,,,,,,,0,,,,0.47901234567901235,,2,,
431190,케이쓰리아이,2025Q2,4050,7030,3755,5020,61834611,0.23950617283950626,0.21471305258519102,,0,,,-0.2879432624113475,5332.5,,-0.058602906704172564,0,,1.32820491912631,2.206495936713152,0.6523904382470119,2.0,0,2.0,
431190,케이쓰리아이,2025Q3,4980,6130,4315,5260,18728219,0.047808764940239,0.04670109304598036,-0.2539007092198582,0,0.23643364412083923,,0.0,4885.0,,0.07676560900716489,0,-0.2539007092198582,-0.2201422121110807,0.7695905567641906,0.3450570342205323,2.0,0,2.0,
431190,케이쓰리아이,2025Q4,5230,7450,4195,5030,56604352,-0.04372623574144485,-0.04471104263797088,-0.03454894433781186,0,0.192374387672985,,-0.04372623574144485,4840.0,,0.03925619834710736,0,-0.03454894433781186,0.7548069487992971,1.5547471522470033,0.647117296222664,1.0,1,2.0,
