stock_code,Name,quarter,Open,High,Low,Close,Volume_sum,ret_1q,logret_1q,cumret_4q,down_gap_q,vol_4q,vol_8q,max_drawdown_4q,ma4,ma8,ma4_ratio,ma_cross_4_8,mom_4q,vol_z_4q,vol_drop_ratio_4q,intraquarter_range,crash_count_4q,down_streak_1q,down_streak_4q_max,vol_mean_decline_q
432470,케이엔에스,2023Q4,35500,61850,29200,31400,52127598,,,,0,,,,,,,0,,,,1.0398089171974523,,0,,
432470,케이엔에스,2024Q1,31100,31900,16250,17150,10837190,-0.45382165605095537,-0.6048097193022581,,1,,,,,,,0,,,,0.9125364431486881,,1,,
432470,케이엔에스,2024Q2,17375,21775,14300,17750,7113954,0.03498542274052485,0.0343873423094756,,0,,,,,,,0,,,,0.4211267605633803,,0,,
432470,케이엔에스,2024Q3,18910,28800,13410,16590,12071819,-0.06535211267605634,-0.0675854117190724,,0,,,-0.47165605095541396,20722.5,,-0.1994209192906261,0,,-0.3999888797758296,0.5877899726089515,0.9276672694394213,1.0,1,1.0,
432470,케이엔에스,2024Q4,16590,20650,9980,10700,9198052,-0.3550331525015069,-0.4385563627344933,-0.6592356687898089,1,0.2319657535287186,,-0.3971830985915493,15547.5,,-0.3117864608457952,0,-0.6592356687898089,-0.2829657913797154,0.9380738361819551,0.997196261682243,2.0,2,2.0,
432470,케이엔에스,2025Q1,10700,17070,10490,10670,12017847,-0.002803738317757043,-0.002807676154198191,-0.3778425655976676,0,0.1768952361630641,,-0.3988732394366197,13927.5,,-0.23388978639382518,0,-0.3778425655976676,0.7985548039566941,1.189836598841751,0.6166822867853796,1.0,3,3.0,
432470,케이엔에스,2025Q2,10800,12450,9360,10260,1519668,-0.03842549203373946,-0.039183225571038705,-0.4219718309859155,0,0.1617939345508504,,-0.3815551537070524,12055.0,,-0.14890087100788052,0,-0.4219718309859155,-1.4443290365687202,0.1746374174722572,0.30116959064327486,1.0,4,4.0,
432470,케이엔에스,2025Q3,10270,13950,10000,11980,3332484,0.16764132553606248,0.15498575294468075,-0.2778782399035564,0,0.2179981925208378,,0.0,10902.5,15812.5,0.0988305434533363,1,-0.2778782399035563,-0.6475177790259734,0.511351462370547,0.3297161936560935,1.0,0,4.0,-0.5182334994279911
432470,케이엔에스,2025Q4,11880,12320,9360,9460,1482907,-0.21035058430717868,-0.23616620962351575,-0.11588785046728967,1,0.15499886477369465,0.20867090621473264,-0.21035058430717868,10592.5,13070.0,-0.10691527023837621,1,-0.11588785046728967,-0.6176343900651331,0.3231982989505858,0.3128964059196617,1.0,1,4.0,-0.36245766551143876
