stock_code,Name,quarter,Open,High,Low,Close,Volume_sum,ret_1q,logret_1q,cumret_4q,down_gap_q,vol_4q,vol_8q,max_drawdown_4q,ma4,ma8,ma4_ratio,ma_cross_4_8,mom_4q,vol_z_4q,vol_drop_ratio_4q,intraquarter_range,crash_count_4q,down_streak_1q,down_streak_4q_max,vol_mean_decline_q
432720,퀄리타스반도체,2023Q4,27916,45698,16023,38386,123968990,,,,0,,,,,,,0,,,,0.773068306153285,,0,,
432720,퀄리타스반도체,2024Q1,38385,50958,26769,37143,58685535,-0.03238159745740632,-0.03291748167702124,,0,,,,,,,0,,,,0.6512398029238349,,1,,
432720,퀄리타스반도체,2024Q2,37668,39054,18390,19790,23759736,-0.46719435694478095,-0.6295985684921899,,1,,,,,,,0,,,,1.0441637190500253,,2,,
432720,퀄리타스반도체,2024Q3,20250,22300,8150,11320,15475792,-0.42799393633148053,-0.5586056868394387,,1,,,-0.7051008180065649,26659.75,,-0.5753898667466875,0,,-0.8104005949702348,0.27898126645632015,1.25,2.0,3,3.0,
432720,퀄리타스반도체,2024Q4,10850,12420,5880,9380,14222229,-0.17137809187279152,-0.18799130975690304,-0.7556400771114469,1,0.20812394368637932,,-0.7474625097595778,19408.25,,-0.5167003722643722,0,-0.7556400771114469,-0.6619917541051162,0.5072877297021029,0.697228144989339,3.0,4,4.0,
432720,퀄리타스반도체,2025Q1,9380,19140,8850,12930,107241696,0.37846481876332616,0.32097042976563195,-0.6518859542847911,0,0.38973687905964466,,-0.3466397170288025,13355.0,,-0.031823287158367686,0,-0.6518859542847912,1.4933267858256445,2.669373018961054,0.7958236658932715,3.0,0,4.0,
432720,퀄리타스반도체,2025Q2,13250,16900,11010,14700,15727784,0.13689095127610207,0.1282973010009254,-0.25720060636685194,0,0.3524955454017834,,0.0,12082.5,,0.21663563004345132,0,-0.25720060636685194,-0.4872281479193457,0.4120794248148465,0.40068027210884355,2.0,0,4.0,
432720,퀄리타스반도체,2025Q3,14850,16440,12120,14250,8640200,-0.030612244897959218,-0.03109058707003065,0.25883392226148394,0,0.23645495540205846,,-0.030612244897959218,12815.0,19737.375,0.11197815060476013,1,0.25883392226148416,-0.5882687070662118,0.23699065751103895,0.3031578947368421,1.0,1,4.0,-0.20683601160596443
432720,퀄리타스반도체,2025Q4,15360,19610,12630,15040,12605519,0.055438596491228065,0.053956411807034144,0.6034115138592748,0,0.17610235467718063,0.28254614872192363,0.0,14230.0,16819.125,0.056921995783555834,1,0.603411513859275,-0.49315862231747987,0.3496308041706478,0.4640957446808511,0.0,0,1.0,0.12510569427559948
