stock_code,Name,quarter,Open,High,Low,Close,Volume_sum,ret_1q,logret_1q,cumret_4q,down_gap_q,vol_4q,vol_8q,max_drawdown_4q,ma4,ma8,ma4_ratio,ma_cross_4_8,mom_4q,vol_z_4q,vol_drop_ratio_4q,intraquarter_range,crash_count_4q,down_streak_1q,down_streak_4q_max,vol_mean_decline_q
432980,엠에프씨,2024Q4,7090,8440,5430,5830,38444243,,,,0,,,,,,,0,,,,0.516295025728988,,0,,
432980,엠에프씨,2025Q1,6210,6720,3705,3785,20951913,-0.3507718696397941,-0.4319711134729882,,1,,,,,,,0,,,,0.7965653896961691,,1,,
432980,엠에프씨,2025Q2,3865,4650,3575,3855,2968521,0.018494055482166427,0.018325120125879835,,0,,,,,,,0,,,,0.2788586251621271,,0,,
432980,엠에프씨,2025Q3,3840,4250,3730,4000,1952813,0.03761348897535677,0.036923354104597905,,0,,,-0.31389365351629506,4367.5,,-0.08414424728105319,0,,-0.8176972951450744,0.12144833388243229,0.13,1.0,0,1.0,
432980,엠에프씨,2025Q4,4100,4100,3190,3490,735366,-0.12749999999999995,-0.1363926249055556,-0.4013722126929673,1,0.1793490821531415,,-0.12749999999999995,3782.5,,-0.07732980832782554,0,-0.4013722126929674,-0.6178260358126292,0.11054555906390161,0.2607449856733524,2.0,1,1.0,
