stock_code,Name,quarter,Open,High,Low,Close,Volume_sum,ret_1q,logret_1q,cumret_4q,down_gap_q,vol_4q,vol_8q,max_drawdown_4q,ma4,ma8,ma4_ratio,ma_cross_4_8,mom_4q,vol_z_4q,vol_drop_ratio_4q,intraquarter_range,crash_count_4q,down_streak_1q,down_streak_4q_max,vol_mean_decline_q
435570,에르코스,2025Q1,13090,13850,6500,7190,27154405,,,,0,,,,,,,0,,,,1.0222531293463144,,0,,
435570,에르코스,2025Q2,7280,35900,0,20550,79287486,1.8581363004172462,1.0501697692092886,,0,,,,,,,0,,,,1.7469586374695865,,0,,
435570,에르코스,2025Q3,20200,25250,10910,10980,10790589,-0.46569343065693436,-0.6267855048608606,,1,,,,,,,0,,,,1.3060109289617485,,1,,
435570,에르코스,2025Q4,11000,17000,8730,14810,12463401,0.348816029143898,0.29922719219832317,,0,,,-0.27931873479318736,13382.5,,0.10666915748178596,0,,-0.6219096002593606,0.3843884911040467,0.5584064821066846,1.0,0,1.0,
