stock_code,Name,quarter,Open,High,Low,Close,Volume_sum,ret_1q,logret_1q,cumret_4q,down_gap_q,vol_4q,vol_8q,max_drawdown_4q,ma4,ma8,ma4_ratio,ma_cross_4_8,mom_4q,vol_z_4q,vol_drop_ratio_4q,intraquarter_range,crash_count_4q,down_streak_1q,down_streak_4q_max,vol_mean_decline_q
436530,케이비제22호스팩,2022Q3,2105,2115,2090,2100,2497857,,,,0,,,,,,,0,,,,0.011904761904761904,,0,,
436530,케이비제22호스팩,2022Q4,2095,2100,1980,1985,1238958,-0.05476190476190479,-0.05631843059022401,,0,,,,,,,0,,,,0.060453400503778336,,1,,
436530,케이비제22호스팩,2023Q1,1985,2125,1985,2070,960614,0.04282115869017633,0.041929693138124335,,0,,,,,,,0,,,,0.06763285024154589,,0,,
436530,케이비제22호스팩,2023Q2,2070,2220,0,2170,1161760,0.048309178743961345,0.04717856027509093,,0,,,0.0,2081.25,,0.042642642642642725,0,,-0.4337598033021203,0.7931200034680568,1.023041474654378,0.0,0,1.0,
436530,케이비제22호스팩,2023Q3,0,0,0,2170,0,0.0,0.0,0.033333333333333215,0,0.047734085906119945,,0.0,2098.75,,0.03394877903514004,0,0.03333333333333344,-1.4681474986022547,0.0,0.0,0.0,0,1.0,
436530,케이비제22호스팩,2023Q4,0,2945,0,2910,4252131,0.3410138248847927,0.2934259136310322,0.46599496221662484,0,0.1568127470248713,,0.0,2330.0,,0.24892703862660936,0,0.4659949622166246,1.4421651423619795,2.6682109434379613,1.0120274914089347,0.0,0,0.0,
436530,케이비제22호스팩,2024Q1,2915,4540,2830,4365,12775328,0.5,0.4054651081081646,1.108695652173913,0,0.23867715595035824,,0.0,2903.75,,0.503228583727938,0,1.108695652173913,1.4256531238951469,2.8094285961370855,0.3917525773195876,0.0,0,0.0,
436530,케이비제22호스팩,2024Q2,4365,5060,0,4760,1543353,0.09049255441008008,0.08662947895176387,1.193548387096774,0,0.2291675496948732,,0.0,3551.25,2816.25,0.3403731080605421,0,1.193548387096774,-0.5437936034232804,0.3324255288352496,1.0630252100840336,0.0,0,0.0,0.5203283863967094
