stock_code,Name,quarter,Open,High,Low,Close,Volume_sum,ret_1q,logret_1q,cumret_4q,down_gap_q,vol_4q,vol_8q,max_drawdown_4q,ma4,ma8,ma4_ratio,ma_cross_4_8,mom_4q,vol_z_4q,vol_drop_ratio_4q,intraquarter_range,crash_count_4q,down_streak_1q,down_streak_4q_max,vol_mean_decline_q
436610,한국제11호스팩,2022Q4,2398,2404,2297,2364,1631638,,,,0,,,,,,,0,,,,0.04526226734348562,,0,,
436610,한국제11호스팩,2023Q1,2357,3479,0,3274,6316956,0.3849407783417935,0.325657379405091,,0,,,,,,,0,,,,1.0626145387904704,,0,,
436610,한국제11호스팩,2023Q2,0,0,0,3274,0,0.0,0.0,,0,,,,,,,0,,,,0.0,,0,,
436610,한국제11호스팩,2023Q3,0,3281,0,3258,1116549,-0.004886988393402514,-0.004898968769088796,,0,,,-0.004886988393402514,3042.5,,0.07082990961380453,0,,-0.41283206287689916,0.4926779423115554,1.007059545733579,0.0,1,1.0,
436610,한국제11호스팩,2023Q4,3242,3345,3226,3305,558243,0.014426028238182953,0.014322963123795773,0.39805414551607465,0,0.1910565483807903,,0.0,3277.75,,0.008313629776523612,0,0.39805414551607443,-0.4938570538826242,0.2794097111170172,0.03600605143721634,0.0,0,1.0,
436610,한국제11호스팩,2024Q1,3304,3646,0,3615,283804,0.09379727685325268,0.08965538230707892,0.1041539401343925,0,0.046044628728342835,,0.0,3363.0,,0.07493309545049054,0,0.10415394013439228,-0.4324127927051415,0.5796070246237611,1.0085753803596127,0.0,0,1.0,
436610,한국제11호스팩,2024Q2,0,4740,0,4030,12548695,0.11479944674965425,0.10867452034786318,0.23091020158827158,0,0.05863170996901534,,0.0,3552.0,,0.134572072072072,0,0.23091020158827114,1.4974613371067733,3.4599691975572835,1.1761786600496278,0.0,0,1.0,
436610,한국제11호스팩,2024Q3,4030,4190,0,3375,5543214,-0.16253101736972708,-0.17737105163409872,0.035911602209944826,1,0.1260773195731378,,-0.16253101736972708,3581.25,3311.875,-0.05759162303664922,0,0.035911602209944826,0.1409796144301702,1.1710630361663459,1.2414814814814814,1.0,1,1.0,0.35246894909011184
