stock_code,Name,quarter,Open,High,Low,Close,Volume_sum,ret_1q,logret_1q,cumret_4q,down_gap_q,vol_4q,vol_8q,max_drawdown_4q,ma4,ma8,ma4_ratio,ma_cross_4_8,mom_4q,vol_z_4q,vol_drop_ratio_4q,intraquarter_range,crash_count_4q,down_streak_1q,down_streak_4q_max,vol_mean_decline_q
437730,삼현,2024Q1,22349,23150,14593,14777,61496146,,,,0,,,,,,,0,,,,0.5790755904446099,,0,,
437730,삼현,2024Q2,14644,16195,8272,8656,26285805,-0.4142248088245246,-0.53481919581737,,1,,,,,,,0,,,,0.915318853974122,,1,,
437730,삼현,2024Q3,8673,8705,5987,7889,8096234,-0.08860905730129387,-0.09278333799117355,,0,,,,,,,0,,,,0.3445303587273419,,2,,
437730,삼현,2024Q4,7821,13900,5960,9220,101481014,0.1687159335784003,0.15590565345554985,,0,,,-0.37605738647898757,10135.5,,-0.09032608159439592,0,,1.26473402888298,2.0567779868218863,0.8611713665943601,1.0,0,2.0,
437730,삼현,2025Q1,9510,15750,8630,10160,208625418,0.10195227765726678,0.09708340458183251,-0.3124450159030926,0,0.26129030318570334,,0.0,8981.25,,0.1312456506610995,0,-0.3124450159030926,1.3443413216290367,2.42243715610442,0.7007874015748031,1.0,0,2.0,
437730,삼현,2025Q2,10370,16800,8110,14110,72397399,0.3887795275590551,0.32842532371438793,0.6300831792975969,0,0.1969739569717384,,0.0,10344.75,,0.36397689649339027,0,0.6300831792975969,-0.30191428284318805,0.7413966917798644,0.6158752657689582,0.0,0,2.0,
437730,삼현,2025Q3,14110,25750,11000,23950,75804755,0.6973777462792345,0.529084557992201,2.0358727341868423,0,0.2683907139356959,,0.0,14360.0,,0.6678272980501392,0,2.0358727341868423,-0.6055472584708825,0.6616044937024156,0.615866388308977,0.0,0,0.0,
437730,삼현,2025Q4,24600,65600,21650,55200,112963389,1.3048016701461376,0.8349946294261255,4.98698481561822,0,0.5153430306256958,,0.0,25855.0,17995.25,1.1349835621736606,0,4.9869848156182215,-0.07061853777526024,0.9618183266833863,0.7961956521739131,0.0,0,0.0,0.4083514901652725
