stock_code,Name,quarter,Open,High,Low,Close,Volume_sum,ret_1q,logret_1q,cumret_4q,down_gap_q,vol_4q,vol_8q,max_drawdown_4q,ma4,ma8,ma4_ratio,ma_cross_4_8,mom_4q,vol_z_4q,vol_drop_ratio_4q,intraquarter_range,crash_count_4q,down_streak_1q,down_streak_4q_max,vol_mean_decline_q
438220,대신밸런스제13호스팩,2022Q4,2395,2449,2377,2444,1274111,,,,0,,,,,,,0,,,,0.029459901800327332,,0,,
438220,대신밸런스제13호스팩,2023Q1,2443,2923,2437,2732,1254360,0.11783960720130926,0.1113979003991954,,0,,,,,,,0,,,,0.17789165446559296,,0,,
438220,대신밸런스제13호스팩,2023Q2,2755,2947,0,2924,509436,0.07027818448023426,0.06791860017898799,,0,,,,,,,0,,,,1.0078659370725034,,0,,
438220,대신밸런스제13호스팩,2023Q3,0,3008,0,2917,1170926,-0.002393980848153232,-0.002396851001947198,,0,,,-0.002393980848153232,2754.25,,0.05909049650540066,0,,0.3256100045457845,1.1128272373838544,1.031196434693178,0.0,1,1.0,
438220,대신밸런스제13호스팩,2023Q4,2930,3048,0,2990,332853,0.025025711347274493,0.024717696517011056,0.22340425531914865,0,0.05276796167211848,,0.0,2890.75,,0.03433365043673797,0,0.22340425531914887,-1.0434713911673008,0.4074618027130211,1.0193979933110369,0.0,0,1.0,
438220,대신밸런스제13호스팩,2024Q1,0,0,0,2990,0,0.0,0.0,0.09443631039531453,0,0.03372920352458435,,0.0,2955.25,,0.011758734455629805,0,0.09443631039531475,-1.0216161829167565,0.0,0.0,0.0,0,1.0,
438220,대신밸런스제13호스팩,2024Q2,0,3190,0,3100,2585118,0.03678929765886285,0.03612872408850443,0.06019151846785209,0,0.019172507644479315,,0.0,2999.25,,0.03359173126614978,0,0.06019151846785231,1.3560635675013402,2.5289147660114697,1.0290322580645161,0.0,0,1.0,
438220,대신밸런스제13호스팩,2024Q3,3055,3355,1936,2425,8743295,-0.217741935483871,-0.24557058710165336,-0.16866643812135762,1,0.12015682463449398,,-0.217741935483871,2876.25,2815.25,-0.15688830943068233,0,-0.1686664381213575,1.4384947795704803,2.9990894642142627,0.5851546391752578,1.0,1,1.0,0.4695895721885541
438220,대신밸런스제13호스팩,2024Q4,2430,2830,0,2605,2670702,0.0742268041237113,0.07160115081588359,-0.1287625418060202,0,0.1309287598226675,0.1016852419283876,-0.1596774193548387,2780.0,2835.375,-0.06294964028776984,1,-0.1287625418060201,-0.22353962181517636,0.7631059534834881,1.0863723608445297,1.0,0,1.0,0.62151692073003
