stock_code,Name,quarter,Open,High,Low,Close,Volume_sum,ret_1q,logret_1q,cumret_4q,down_gap_q,vol_4q,vol_8q,max_drawdown_4q,ma4,ma8,ma4_ratio,ma_cross_4_8,mom_4q,vol_z_4q,vol_drop_ratio_4q,intraquarter_range,crash_count_4q,down_streak_1q,down_streak_4q_max,vol_mean_decline_q
439580,블루엠텍,2023Q4,18443,25313,8687,9055,212497898,,,,0,,,,,,,0,,,,1.836112644947543,,0,,
439580,블루엠텍,2024Q1,9188,9721,4711,4752,73653441,-0.47520706791827716,-0.6447515092750322,,1,,,,,,,0,,,,1.0542929292929293,,1,,
439580,블루엠텍,2024Q2,4752,4982,3501,3575,34195463,-0.24768518518518523,-0.2846004059143734,,1,,,,,,,0,,,,0.41426573426573426,,2,,
439580,블루엠텍,2024Q3,3571,8837,3228,8104,700583461,1.2668531468531468,0.8183925908004106,,0,,,-0.1050248481501933,6371.5,,0.2719139919956055,0,,1.452594929464473,2.744882726627529,0.692127344521224,2.0,0,2.0,
439580,블루엠텍,2024Q4,7970,9821,3682,3948,241369506,-0.5128331688055281,-0.7191486453751459,-0.5639977912755383,1,0.8475144500761222,,-0.5128331688055281,5094.75,,-0.2250846459590755,0,-0.5639977912755384,-0.06898521959133046,0.9196764176847233,1.5549645390070923,3.0,1,2.0,
439580,블루엠텍,2025Q1,4014,4299,3348,3405,21401162,-0.13753799392097266,-0.14796418196976013,-0.283459595959596,1,0.7987858778011159,,-0.5798371174728529,4758.0,,-0.2843631778058008,0,-0.2834595959595959,-0.7186508514304574,0.08581492958998674,0.27929515418502204,3.0,2,2.0,
439580,블루엠텍,2025Q2,3407,9330,2954,4805,127374918,0.41116005873715133,0.3444121028207796,0.3440559440559441,0,0.7728458247123772,,-0.40708292201382035,5065.5,,-0.05142631526996344,0,0.3440559440559441,-0.48585697858630217,0.4671184593473103,1.3269510926118626,2.0,0,2.0,
439580,블루엠텍,2025Q3,4805,6870,4405,5590,283817270,0.1633714880332986,0.15132224474475287,-0.31021717670286275,0,0.3984216710826133,,0.0,4437.0,5404.25,0.25986026594545875,1,-0.31021717670286275,0.9754147397798879,1.6844683203134863,0.4409660107334526,2.0,0,2.0,-0.20471344364458421
439580,블루엠텍,2025Q4,5550,5840,4350,4420,43695398,-0.2093023255813954,-0.23483959107740127,0.11955420466058753,1,0.28606885914923025,0.5861713617186961,-0.2093023255813954,4555.0,4824.875,-0.029637760702524663,1,0.11955420466058775,-0.6338051608245919,0.3669656122130351,0.33710407239819007,2.0,1,2.0,-0.37580541801364675
