stock_code,Name,quarter,Open,High,Low,Close,Volume_sum,ret_1q,logret_1q,cumret_4q,down_gap_q,vol_4q,vol_8q,max_drawdown_4q,ma4,ma8,ma4_ratio,ma_cross_4_8,mom_4q,vol_z_4q,vol_drop_ratio_4q,intraquarter_range,crash_count_4q,down_streak_1q,down_streak_4q_max,vol_mean_decline_q
440290,HB인베스트먼트,2024Q1,10100,11400,2850,2875,171864667,,,,0,,,,,,,0,,,,2.973913043478261,,0,,
440290,HB인베스트먼트,2024Q2,2870,3180,2395,2435,12378474,-0.15304347826086961,-0.16610591771476102,,1,,,,,,,0,,,,0.32238193018480493,,1,,
440290,HB인베스트먼트,2024Q3,2415,2640,1911,2000,4280203,-0.17864476386036965,-0.19679957597460795,,1,,,,,,,0,,,,0.3645,,2,,
440290,HB인베스트먼트,2024Q4,1930,2060,1501,1580,3172682,-0.20999999999999996,-0.23572233352106942,,1,,,-0.4504347826086956,2222.5,,-0.2890888638920135,0,,-0.5409391441531336,0.06620235309416378,0.3537974683544304,3.0,3,3.0,
440290,HB인베스트먼트,2025Q1,1580,2000,1544,1654,5033149,0.04683544303797471,0.045771749562623754,-0.42469565217391303,0,0.11606031970106526,,-0.3207392197125256,1917.25,,-0.13730603729299773,0,-0.42469565217391303,-0.2830979038763392,0.8096921121463574,0.2756952841596131,3.0,0,3.0,
440290,HB인베스트먼트,2025Q2,1653,2295,1642,2125,10460755,0.28476420798065294,0.25057520577488024,-0.12731006160164282,0,0.22984388056632224,,0.0,1839.75,,0.15504824025003394,0,-0.1273100616016427,1.457708096046585,1.8234804006782823,0.30729411764705883,2.0,0,3.0,
440290,HB인베스트먼트,2025Q3,2170,2375,2090,2195,5353018,0.03294117647058825,0.03241024415075522,0.09749999999999992,0,0.2020714536481386,,0.0,1888.5,,0.16229812020121792,0,0.09749999999999992,-0.20878622932329458,0.8914415075286004,0.12984054669703873,1.0,0,3.0,
440290,HB인베스트먼트,2025Q4,2205,2490,2005,2140,8005360,-0.02505694760820043,-0.02537621749337493,0.35443037974683556,0,0.1368513286104688,,-0.02505694760820043,2028.5,2125.5,0.054966724180428805,1,0.35443037974683533,0.3116656095248043,1.1098408091256005,0.2266355140186916,0.0,1,1.0,-0.7383586184664812
