stock_code,Name,quarter,Open,High,Low,Close,Volume_sum,ret_1q,logret_1q,cumret_4q,down_gap_q,vol_4q,vol_8q,max_drawdown_4q,ma4,ma8,ma4_ratio,ma_cross_4_8,mom_4q,vol_z_4q,vol_drop_ratio_4q,intraquarter_range,crash_count_4q,down_streak_1q,down_streak_4q_max,vol_mean_decline_q
440200,케이비제23호스팩,2022Q4,1945,1995,1920,1980,3021898,,,,0,,,,,,,0,,,,0.03787878787878788,,0,,
440200,케이비제23호스팩,2023Q1,1985,2065,1980,2020,1497906,0.02020202020202011,0.020000666706669,,0,,,,,,,0,,,,0.04207920792079208,,0,,
440200,케이비제23호스팩,2023Q2,2025,2050,0,2045,298111,0.012376237623762387,0.012300278081651683,,0,,,,,,,0,,,,1.0024449877750612,,0,,
440200,케이비제23호스팩,2023Q3,0,2580,0,1567,20413441,-0.23374083129584355,-0.2662348261208809,,1,,,-0.23374083129584355,1903.0,,-0.17656332107199157,0,,1.4895731098640963,3.2362019702785694,1.6464582003828974,1.0,1,1.0,
440200,케이비제23호스팩,2023Q4,1577,1748,0,1685,4297954,0.07530312699425656,0.0726026004304412,-0.14898989898989912,0,0.13772736348930908,,-0.176039119804401,1829.25,,-0.07885745524121912,0,-0.148989898989899,-0.24927724008737515,0.6485663707947045,1.0373887240356083,1.0,0,1.0,
