stock_code,Name,quarter,Open,High,Low,Close,Volume_sum,ret_1q,logret_1q,cumret_4q,down_gap_q,vol_4q,vol_8q,max_drawdown_4q,ma4,ma8,ma4_ratio,ma_cross_4_8,mom_4q,vol_z_4q,vol_drop_ratio_4q,intraquarter_range,crash_count_4q,down_streak_1q,down_streak_4q_max,vol_mean_decline_q
443060,HD현대마린솔루션,2024Q2,119900,207500,111500,130000,67046929,,,,0,,,,,,,0,,,,0.7384615384615385,,0,,
443060,HD현대마린솔루션,2024Q3,131100,145000,99500,103700,12148366,-0.2023076923076923,-0.22603233522010058,,1,,,,,,,0,,,,0.43876567020250723,,1,,
443060,HD현대마린솔루션,2024Q4,102800,164800,101900,161400,10008733,0.5564127290260366,0.44238364060036695,,0,,,,,,,0,,,,0.38971499380421315,,0,,
443060,HD현대마린솔루션,2025Q1,160000,199600,126200,133800,12252391,-0.17100371747211895,-0.1875396081417211,,1,,,-0.17100371747211895,132225.0,,0.011911514463981865,0,,-0.47151240540352396,0.48306025861212387,0.5485799701046338,2.0,1,1.0,
443060,HD현대마린솔루션,2025Q2,135000,215000,135000,205500,14955123,0.5358744394618835,0.42909988624216133,0.5807692307692307,0,0.4233578778623992,,0.0,151100.0,,0.3600264725347453,0,0.5807692307692307,1.2900005361784102,1.2118091961948532,0.38929440389294406,2.0,0,1.0,
443060,HD현대마린솔루션,2025Q3,207000,227500,174600,210000,6695730,0.021897810218978186,0.02166149678117968,1.025072324011572,0,0.3670061772805978,,0.0,177675.0,,0.1819333051920642,0,1.025072324011572,-1.2240221898070902,0.6099228918798167,0.2519047619047619,1.0,0,1.0,
443060,HD현대마린솔루션,2025Q4,210000,257000,179600,193500,8529083,-0.07857142857142863,-0.08183001824763281,0.1988847583643123,0,0.31586405623590996,,-0.07857142857142863,185700.0,,0.042003231017770704,0,0.1988847583643123,-0.5608053199158161,0.8040174652688739,0.4,1.0,1,1.0,
