stock_code,Name,quarter,Open,High,Low,Close,Volume_sum,ret_1q,logret_1q,cumret_4q,down_gap_q,vol_4q,vol_8q,max_drawdown_4q,ma4,ma8,ma4_ratio,ma_cross_4_8,mom_4q,vol_z_4q,vol_drop_ratio_4q,intraquarter_range,crash_count_4q,down_streak_1q,down_streak_4q_max,vol_mean_decline_q
443250,레뷰코퍼레이션,2023Q4,40000,41950,11000,18180,45089653,,,,0,,,,,,,0,,,,1.7024202420242025,,0,,
443250,레뷰코퍼레이션,2024Q1,17990,23700,11000,11280,21260523,-0.3795379537953796,-0.47729084267941957,,1,,,,,,,0,,,,1.125886524822695,,1,,
443250,레뷰코퍼레이션,2024Q2,11240,14300,9000,11710,13982238,0.03812056737588643,0.03741193153971345,,0,,,,,,,0,,,,0.45260461144321096,,0,,
443250,레뷰코퍼레이션,2024Q3,11600,11930,7000,9120,5108472,-0.22117847993168227,-0.24997337352338533,,1,,,-0.4983498349834984,12572.5,,-0.27460727778882477,0,,-0.9480094688918244,0.23915819412265926,0.5405701754385965,2.0,1,1.0,
443250,레뷰코퍼레이션,2024Q4,8990,13930,7700,12000,22538591,0.3157894736842106,0.27443684570175897,-0.33993399339933994,0,0.304913539022438,,0.0,11027.5,,0.08818861936068911,0,-0.33993399339933994,0.8502145206349091,1.4335286420900144,0.5191666666666667,2.0,0,1.0,
443250,레뷰코퍼레이션,2025Q1,11910,16200,10950,11280,17828855,-0.06000000000000005,-0.061875403718087085,-1.1102230246251565e-16,0,0.2253690450022331,,-0.06000000000000005,11027.5,,0.02289730219904773,0,0.0,0.4013688388765252,1.199421993510865,0.4654255319148936,1.0,1,1.0,
443250,레뷰코퍼레이션,2025Q2,11160,13500,10140,12100,3594265,0.07269503546099298,0.0701742065327835,0.03330486763450069,0,0.2270453947847743,,0.0,11125.0,,0.08764044943820215,0,0.03330486763450047,-0.926505897081852,0.29298973676132406,0.27768595041322314,1.0,0,1.0,
443250,레뷰코퍼레이션,2025Q3,12100,13300,10700,11260,1381256,-0.0694214876033058,-0.07194882989115214,0.23464912280701777,0,0.1794886166575077,,-0.0694214876033058,11660.0,12116.25,-0.03430531732418529,1,0.23464912280701755,-0.9539240456443916,0.1218496354682745,0.23090586145648312,0.0,1,1.0,-0.30659686253470453
443250,레뷰코퍼레이션,2025Q4,11150,12250,8700,10490,1466110,-0.06838365896980458,-0.07083420030333798,-0.12583333333333335,0,0.06944326451669712,0.20536905731452826,-0.1330578512396694,11282.5,11155.0,-0.07024152448482157,0,-0.12583333333333335,-0.5819260947039036,0.24162845358762078,0.33841754051477596,0.0,2,2.0,-0.44308399086694394
