stock_code,Name,quarter,Open,High,Low,Close,Volume_sum,ret_1q,logret_1q,cumret_4q,down_gap_q,vol_4q,vol_8q,max_drawdown_4q,ma4,ma8,ma4_ratio,ma_cross_4_8,mom_4q,vol_z_4q,vol_drop_ratio_4q,intraquarter_range,crash_count_4q,down_streak_1q,down_streak_4q_max,vol_mean_decline_q
443670,에스피소프트,2024Q1,8340,27600,7510,16160,279920559,,,,0,,,,,,,0,,,,1.2431930693069306,,0,,
443670,에스피소프트,2024Q2,16740,26000,14000,14250,149142319,-0.11819306930693074,-0.12578214637829,,1,,,,,,,0,,,,0.8421052631578947,,1,,
443670,에스피소프트,2024Q3,14330,14590,7000,8300,49701605,-0.4175438596491228,-0.5405013919121071,,1,,,,,,,0,,,,0.9144578313253012,,2,,
443670,에스피소프트,2024Q4,8000,10410,5460,8380,103425960,0.009638554216867545,0.009592399691438658,,0,,,-0.4814356435643564,11772.5,,-0.28817158632406026,0,,-0.42819808990176805,0.7105988168892013,0.5906921241050119,2.0,0,2.0,
443670,에스피소프트,2025Q1,8360,11670,6630,6670,74441014,-0.2040572792362768,-0.22822805456645945,-0.5872524752475248,1,0.17959485102260836,,-0.5319298245614035,9400.0,,-0.2904255319148936,0,-0.5872524752475248,-0.4620310079067825,0.7904312234683478,0.7556221889055472,3.0,1,2.0,
443670,에스피소프트,2025Q2,6730,8920,5900,7380,8909260,0.1064467766116941,0.1011537786848482,-0.4821052631578947,0,0.23346627727187935,,-0.11933174224343679,7682.5,,-0.039375203384314994,0,-0.4821052631578947,-1.2542655416903385,0.1506992796902208,0.4092140921409214,2.0,0,2.0,
443670,에스피소프트,2025Q3,7410,7570,5730,6270,3788907,-0.15040650406504064,-0.16299728396755064,-0.24457831325301205,1,0.14315403825013562,,-0.2517899761336515,7175.0,,-0.12613240418118465,0,-0.24457831325301205,-0.8918345117172151,0.07952990730870343,0.2934609250398724,2.0,1,1.0,
443670,에스피소프트,2025Q4,6570,6570,4810,5450,6191325,-0.1307814992025519,-0.14016074596967698,-0.3496420047732698,1,0.13762767338309284,,-0.2615176151761518,6442.5,9107.5,-0.15405510283275126,1,-0.3496420047732697,-0.502141413742467,0.2653505382259473,0.3229357798165138,3.0,2,2.0,-0.7236784258484928
