stock_code,Name,quarter,Open,High,Low,Close,Volume_sum,ret_1q,logret_1q,cumret_4q,down_gap_q,vol_4q,vol_8q,max_drawdown_4q,ma4,ma8,ma4_ratio,ma_cross_4_8,mom_4q,vol_z_4q,vol_drop_ratio_4q,intraquarter_range,crash_count_4q,down_streak_1q,down_streak_4q_max,vol_mean_decline_q
444530,심플랫폼,2025Q1,21050,24500,10900,10900,35786571,,,,0,,,,,,,0,,,,1.2477064220183487,,0,,
444530,심플랫폼,2025Q2,11700,19060,10150,13970,137826882,0.2816513761467889,0.24814938403377163,,0,,,,,,,0,,,,0.6377952755905512,,0,,
444530,심플랫폼,2025Q3,13930,15230,9720,11400,13679365,-0.18396564065855403,-0.2032988178684203,,1,,,,,,,0,,,,0.48333333333333334,,1,,
444530,심플랫폼,2025Q4,11570,12100,7410,8580,3521542,-0.24736842105263157,-0.2841794419005783,,1,,,-0.3858267716535433,11212.5,,-0.23478260869565215,0,,-0.7175485691026907,0.07382132036603535,0.5466200466200466,2.0,2,2.0,
