stock_code,Name,quarter,Open,High,Low,Close,Volume_sum,ret_1q,logret_1q,cumret_4q,down_gap_q,vol_4q,vol_8q,max_drawdown_4q,ma4,ma8,ma4_ratio,ma_cross_4_8,mom_4q,vol_z_4q,vol_drop_ratio_4q,intraquarter_range,crash_count_4q,down_streak_1q,down_streak_4q_max,vol_mean_decline_q
445090,에이직랜드,2023Q4,31800,63200,26800,59200,64126249,,,,0,,,,,,,0,,,,0.6148648648648649,,0,,
445090,에이직랜드,2024Q1,59400,84500,39900,60900,90208931,0.028716216216216228,0.028311632825891664,,0,,,,,,,0,,,,0.7323481116584565,,0,,
445090,에이직랜드,2024Q2,62000,65400,43600,44800,25517654,-0.26436781609195403,-0.3070250352949131,,1,,,,,,,0,,,,0.48660714285714285,,1,,
445090,에이직랜드,2024Q3,44550,51500,24800,27750,9613208,-0.3805803571428571,-0.47897229922849505,,1,,,-0.5443349753694582,48162.5,,-0.4238255904490008,0,,-1.0314640014017378,0.202953688133729,0.9621621621621622,2.0,2,2.0,
445090,에이직랜드,2024Q4,26900,46150,22050,34400,60687890,0.23963963963963963,0.21482072418690912,-0.41891891891891886,0,0.2813823525687623,,-0.4351395730706076,41962.5,,-0.18022043491212392,0,-0.41891891891891897,0.3926724524276099,1.3049216981324225,0.7005813953488372,2.0,0,2.0,
445090,에이직랜드,2025Q1,34600,43150,26700,26750,19102557,-0.2223837209302325,-0.25152209103733725,-0.5607553366174055,1,0.2727111017492135,,-0.4029017857142857,33425.0,,-0.19970082273747192,0,-0.5607553366174056,-0.4320434436314548,0.6648917303926637,0.6149532710280374,3.0,1,2.0,
445090,에이직랜드,2025Q2,27250,37500,23700,32750,7327716,0.22429906542056077,0.2023684887392445,-0.2689732142857141,0,0.3147491814273551,,-0.04796511627906974,30412.5,,0.07685984381422117,0,-0.2689732142857143,-0.6778668856472504,0.30301301115643237,0.4213740458015267,2.0,0,2.0,
445090,에이직랜드,2025Q3,32700,34950,27400,29600,3123941,-0.09618320610687026,-0.1011286007512453,0.06666666666666687,0,0.23177555065589234,,-0.13953488372093026,30875.0,39518.75,-0.04129554655870449,1,0.06666666666666665,-0.7389619372242264,0.1384693335607512,0.25506756756756754,1.0,1,1.0,-0.3547409663213741
445090,에이직랜드,2025Q4,30000,34800,25000,28600,3407300,-0.03378378378378377,-0.034367643504207734,-0.16860465116279066,0,0.1880229040078415,0.22402406774702593,-0.12671755725190836,29425.0,35693.75,-0.028037383177570097,1,-0.16860465116279066,-0.6451632041596449,0.41348828818967476,0.34265734265734266,1.0,2,2.0,-0.6989667577072307
