stock_code,Name,quarter,Open,High,Low,Close,Volume_sum,ret_1q,logret_1q,cumret_4q,down_gap_q,vol_4q,vol_8q,max_drawdown_4q,ma4,ma8,ma4_ratio,ma_cross_4_8,mom_4q,vol_z_4q,vol_drop_ratio_4q,intraquarter_range,crash_count_4q,down_streak_1q,down_streak_4q_max,vol_mean_decline_q
445180,퓨릿,2023Q4,15610,19800,10240,10900,109837322,,,,0,,,,,,,0,,,,0.8770642201834863,,0,,
445180,퓨릿,2024Q1,10910,15340,10850,12260,67308737,0.12477064220183487,0.11757914127296765,,0,,,,,,,0,,,,0.366231647634584,,0,,
445180,퓨릿,2024Q2,12260,14390,9780,9800,16251021,-0.200652528548124,-0.2239595448315388,,1,,,,,,,0,,,,0.4704081632653061,,1,,
445180,퓨릿,2024Q3,9920,10060,6440,7130,3815776,-0.2724489795918368,-0.31807115125032226,,1,,,-0.4184339314845025,10022.5,,-0.28860064854078327,0,,-0.9317407445813836,0.0773940619773794,0.5077138849929874,2.0,2,2.0,
445180,퓨릿,2024Q4,7030,7550,4610,5290,3464524,-0.25806451612903225,-0.2984929885559975,-0.5146788990825688,1,0.18683865721138918,,-0.568515497553018,8620.0,,-0.38631090487238984,0,-0.5146788990825688,-0.6347182733435665,0.1525549003942732,0.555765595463138,3.0,3,3.0,
445180,퓨릿,2025Q1,5300,6900,5250,6000,2631514,0.13421550094517953,0.12594122335784697,-0.5106035889070146,0,0.19149716886342572,,-0.3877551020408163,7055.0,,-0.14953933380581153,0,-0.5106035889070146,-0.6021034383954152,0.40232857027917657,0.275,3.0,0,3.0,
445180,퓨릿,2025Q2,5990,6870,4845,6520,3418510,0.08666666666666667,0.0831149067105077,-0.33469387755102054,0,0.2178552753044873,,-0.08555399719495094,6235.0,,0.045709703287891035,0,-0.3346938775510204,0.171884919881921,1.025784519566066,0.31058282208588955,2.0,0,3.0,
445180,퓨릿,2025Q3,6580,8540,6010,7420,6470211,0.138036809815951,0.12930468124072725,0.04067321178120631,0,0.1902922853254848,,0.0,6307.5,8165.0,0.17637732857709087,1,0.04067321178120609,1.4612595630767529,1.6190950392182955,0.34097035040431267,1.0,0,3.0,-0.8500474876325422
445180,퓨릿,2025Q4,7450,10230,7070,8790,17669084,0.1846361185983827,0.1694356545177964,0.6616257088846882,0,0.040027213061075755,0.19814527412278754,0.0,7182.5,7901.25,0.22380786634180305,1,0.6616257088846882,1.4567948905119195,2.3411040176162965,0.3594994311717861,0.0,0,0.0,-0.5011241113799999
