stock_code,Name,quarter,Open,High,Low,Close,Volume_sum,ret_1q,logret_1q,cumret_4q,down_gap_q,vol_4q,vol_8q,max_drawdown_4q,ma4,ma8,ma4_ratio,ma_cross_4_8,mom_4q,vol_z_4q,vol_drop_ratio_4q,intraquarter_range,crash_count_4q,down_streak_1q,down_streak_4q_max,vol_mean_decline_q
446540,메가터치,2023Q4,6960,7950,4480,5110,197559752,,,,0,,,,,,,0,,,,0.6790606653620352,,0,,
446540,메가터치,2024Q1,5170,6200,4145,5660,50498766,0.10763209393346385,0.1022244879994787,,0,,,,,,,0,,,,0.3630742049469965,,0,,
446540,메가터치,2024Q2,5660,6200,4975,5440,27512952,-0.03886925795053009,-0.03964483134723906,,0,,,,,,,0,,,,0.22518382352941177,,1,,
446540,메가터치,2024Q3,5440,5790,3500,4035,11660950,-0.25827205882352944,-0.29877275914594037,,1,,,-0.28710247349823326,5061.25,,-0.20276611509014575,0,,-0.7048176586199543,0.16239044325149646,0.5675340768277571,1.0,2,2.0,
446540,메가터치,2024Q4,4040,5510,2725,3090,40479895,-0.23420074349442377,-0.2668352108122569,-0.3953033268101762,1,0.17298111417869344,,-0.4540636042402827,4556.25,,-0.3218106995884774,0,-0.3953033268101761,0.4727108681924963,1.2440752319260897,0.901294498381877,2.0,3,3.0,
446540,메가터치,2025Q1,3160,5090,2870,3700,106880054,0.19741100323624594,0.18016172874052394,-0.3462897526501767,0,0.21147015575251957,,-0.31985294117647056,4066.25,,-0.09007070396557026,0,-0.3462897526501767,1.4393208991786246,2.2919175994495498,0.6,2.0,0,3.0,
446540,메가터치,2025Q2,3700,5070,3105,4010,135508284,0.08378378378378382,0.08045842166829864,-0.2628676470588236,0,0.22831679111058029,,-0.006195786864931829,3708.75,,0.08122682844624207,0,-0.2628676470588235,1.0785627948135998,1.8403376211449987,0.49002493765586036,2.0,0,3.0,
446540,메가터치,2025Q3,4020,4845,3715,3950,39309702,-0.014962593516209433,-0.015075662405447332,-0.021065675340768197,0,0.18331047490938704,,-0.014962593516209433,3687.5,4374.375,0.07118644067796609,1,-0.02106567534076831,-0.8524205530578055,0.4880495866360308,0.28607594936708863,1.0,1,3.0,0.05734315919196997
446540,메가터치,2025Q4,3980,4590,3350,3530,10199634,-0.10632911392405064,-0.11241770796782369,0.14239482200647258,1,0.13054799574830767,0.16189558301106532,-0.1197007481296758,3797.5,4176.875,-0.07044107965766955,1,0.14239482200647258,-1.0800753500545934,0.13976999350806749,0.35127478753541075,1.0,2,2.0,0.38323663114066675
