stock_code,Name,quarter,Open,High,Low,Close,Volume_sum,ret_1q,logret_1q,cumret_4q,down_gap_q,vol_4q,vol_8q,max_drawdown_4q,ma4,ma8,ma4_ratio,ma_cross_4_8,mom_4q,vol_z_4q,vol_drop_ratio_4q,intraquarter_range,crash_count_4q,down_streak_1q,down_streak_4q_max,vol_mean_decline_q
450080,에코프로머티,2023Q4,43000,223000,42950,188500,187452130,,,,0,,,,,,,0,,,,0.9551724137931035,,0,,
450080,에코프로머티,2024Q1,192400,244000,129200,130800,77840407,-0.30610079575596816,-0.36542856786496714,,1,,,,,,,0,,,,0.8776758409785933,,1,,
450080,에코프로머티,2024Q2,130000,138000,75500,90900,63182852,-0.30504587155963303,-0.36390943783966456,,1,,,,,,,0,,,,0.6875687568756875,,2,,
450080,에코프로머티,2024Q3,91800,144100,70100,134900,55670093,0.48404840484048406,0.39477376203027603,,0,,,-0.28435013262599473,136275.0,,-0.010089891762979253,0,,-0.65492159281015,0.5796771859469637,0.5485544848035582,2.0,0,2.0,
450080,에코프로머티,2024Q4,132000,139300,64700,65800,44430914,-0.5122312824314307,-0.7179139248824384,-0.6509283819628646,1,0.44016998954963416,,-0.5122312824314307,105600.0,,-0.37689393939393945,0,-0.6509283819628647,-1.1309626265536457,0.7370625070145367,1.1337386018237081,3.0,1,2.0,
450080,에코프로머티,2025Q1,65900,102800,57200,57800,44708139,-0.12158054711246202,-0.12963106265293867,-0.5581039755351682,1,0.4292651411151723,,-0.5715344699777614,87350.0,,-0.338294218660561,0,-0.5581039755351682,-0.8001853523994492,0.8598049815358763,0.7889273356401384,3.0,2,2.0,
450080,에코프로머티,2025Q2,58500,59100,40600,45400,35201370,-0.2145328719723183,-0.2414766706310303,-0.5005500550055004,1,0.4180558095039106,,-0.6634544106745738,75975.0,,-0.4024350115169464,0,-0.5005500550055005,-1.1707136643822067,0.7822069683973352,0.40748898678414097,3.0,3,3.0,
450080,에코프로머티,2025Q3,45300,58800,44900,47300,31462678,0.04185022026431717,0.04099819045058517,-0.6493699036323202,0,0.23261568674384828,,-0.28115501519756836,54075.0,95175.0,-0.125288950531669,1,-0.6493699036323202,-1.1233179449904027,0.8077548597700889,0.2938689217758985,3.0,0,3.0,-0.42289652790884347
450080,에코프로머티,2025Q4,47350,71000,45100,52100,33300835,0.10147991543340384,0.09665465326143341,-0.20820668693009114,0,0.14556149694318862,0.3093169324119171,-0.09861591695501726,50650.0,78125.0,0.028627838104639647,1,-0.20820668693009114,-0.48647177663146884,0.9207199667122458,0.4971209213051823,2.0,0,3.0,-0.25000498189090437
