stock_code,Name,quarter,Open,High,Low,Close,Volume_sum,ret_1q,logret_1q,cumret_4q,down_gap_q,vol_4q,vol_8q,max_drawdown_4q,ma4,ma8,ma4_ratio,ma_cross_4_8,mom_4q,vol_z_4q,vol_drop_ratio_4q,intraquarter_range,crash_count_4q,down_streak_1q,down_streak_4q_max,vol_mean_decline_q
450330,하스,2024Q3,27600,29550,9140,9240,67375855,,,,0,,,,,,,0,,,,2.2088744588744587,,0,,
450330,하스,2024Q4,9140,9810,6550,7020,2516592,-0.24025974025974028,-0.27477866761587144,,1,,,,,,,0,,,,0.46438746438746437,,1,,
450330,하스,2025Q1,7020,12200,6600,7730,21497267,0.10113960113960108,0.09634564456161065,,0,,,,,,,0,,,,0.7244501940491591,,0,,
450330,하스,2025Q2,7660,10400,7230,8180,5017292,0.05821474773609325,0.056583288015325195,,0,,,-0.11471861471861466,8042.5,,0.017096673919801075,0,,-0.6350245837690646,0.20817126091437793,0.38753056234718825,1.0,0,1.0,
450330,하스,2025Q3,8180,8460,6680,6980,1245134,-0.1466992665036675,-0.15864323384037604,-0.24458874458874458,1,0.16321011333247779,,-0.1466992665036675,7477.5,,-0.06653293212972256,0,-0.24458874458874458,-0.6715621078161249,0.16450287741709393,0.25501432664756446,2.0,1,1.0,
450330,하스,2025Q4,6920,7740,5910,6270,5851471,-0.10171919770773641,-0.10727256212945058,-0.10683760683760679,1,0.120419463525823,,-0.23349633251833746,7290.0,,-0.13991769547325106,0,-0.10683760683760679,-0.2848499926581817,0.6963723124852207,0.291866028708134,2.0,2,2.0,
