stock_code,Name,quarter,Open,High,Low,Close,Volume_sum,ret_1q,logret_1q,cumret_4q,down_gap_q,vol_4q,vol_8q,max_drawdown_4q,ma4,ma8,ma4_ratio,ma_cross_4_8,mom_4q,vol_z_4q,vol_drop_ratio_4q,intraquarter_range,crash_count_4q,down_streak_1q,down_streak_4q_max,vol_mean_decline_q
450410,엔에이치스팩28호,2023Q1,2100,2110,2070,2075,1821162,,,,0,,,,,,,0,,,,0.01927710843373494,,0,,
450410,엔에이치스팩28호,2023Q2,2080,2255,0,2230,614987,0.07469879518072298,0.07204043178936637,,0,,,,,,,0,,,,1.0112107623318385,,0,,
450410,엔에이치스팩28호,2023Q3,0,4100,0,3330,10104249,0.49327354260089695,0.4009707185203242,,0,,,,,,,0,,,,1.2312312312312312,,0,,
450410,엔에이치스팩28호,2023Q4,3300,5930,0,5450,4714901,0.6366366366366367,0.49264330468280093,,0,,,0.0,3271.25,,0.6660298051203668,0,,0.09490025960495405,1.0929746276781411,1.0880733944954128,0.0,0,0.0,
