stock_code,Name,quarter,Open,High,Low,Close,Volume_sum,ret_1q,logret_1q,cumret_4q,down_gap_q,vol_4q,vol_8q,max_drawdown_4q,ma4,ma8,ma4_ratio,ma_cross_4_8,mom_4q,vol_z_4q,vol_drop_ratio_4q,intraquarter_range,crash_count_4q,down_streak_1q,down_streak_4q_max,vol_mean_decline_q
450950,아스테라시스,2025Q1,7770,10890,6340,8230,172029112,,,,0,,,,,,,0,,,,0.5528554070473876,,0,,
450950,아스테라시스,2025Q2,8230,13290,7480,12300,43335218,0.4945321992709599,0.4018132476893932,,0,,,,,,,0,,,,0.47235772357723577,,0,,
450950,아스테라시스,2025Q3,12450,13200,8980,12860,8681026,0.04552845528455274,0.04452245643110153,,0,,,,,,,0,,,,0.328149300155521,,0,,
450950,아스테라시스,2025Q4,13200,17480,11350,12370,27095695,-0.03810264385692064,-0.038847532405075214,,0,,,-0.03810264385692064,11440.0,,0.08129370629370625,0,,-0.4810407520688296,0.43156138579670117,0.49555375909458366,0.0,1,1.0,
