stock_code,Name,quarter,Open,High,Low,Close,Volume_sum,ret_1q,logret_1q,cumret_4q,down_gap_q,vol_4q,vol_8q,max_drawdown_4q,ma4,ma8,ma4_ratio,ma_cross_4_8,mom_4q,vol_z_4q,vol_drop_ratio_4q,intraquarter_range,crash_count_4q,down_streak_1q,down_streak_4q_max,vol_mean_decline_q
451250,삐아,2024Q2,18200,25400,13630,20250,173912358,,,,0,,,,,,,0,,,,0.5812345679012346,,0,,
451250,삐아,2024Q3,20200,21100,11400,13920,37954129,-0.31259259259259264,-0.37482813864627573,,1,,,,,,,0,,,,0.6968390804597702,,1,,
451250,삐아,2024Q4,13720,13720,8010,9560,14649595,-0.3132183908045977,-0.3757389278429635,,1,,,,,,,0,,,,0.5972803347280334,,2,,
451250,삐아,2025Q1,9580,11570,8770,9940,17574590,0.03974895397489542,0.03897929360517338,,0,,,-0.5091358024691358,13417.5,,-0.25917644866778466,0,,-0.5719091037728465,0.2880010097231409,0.28169014084507044,2.0,0,2.0,
451250,삐아,2025Q2,10100,13500,9290,11970,34860196,0.204225352112676,0.18583649890139853,-0.40888888888888897,0,0.2599089911455627,,-0.1400862068965517,11347.5,,0.05485789821546594,0,-0.40888888888888886,0.7260566888737405,1.327520582689149,0.3517126148705096,2.0,0,2.0,
451250,삐아,2025Q3,11990,12580,9350,11550,7499018,-0.03508771929824561,-0.03571808260207909,-0.17025862068965503,0,0.21595030357248768,,-0.03508771929824561,10755.0,,0.07391910739191077,0,-0.17025862068965514,-0.9602269301712143,0.40218161685015186,0.27965367965367965,1.0,1,2.0,
451250,삐아,2025Q4,11560,11800,8900,9200,5752385,-0.20346320346320346,-0.22748195291280737,-0.03765690376569042,1,0.1692227759739911,,-0.2314118629908104,10665.0,,-0.1373652133145804,0,-0.03765690376569042,-0.7991221790742116,0.35029494556306195,0.31521739130434784,1.0,2,2.0,
