stock_code,Name,quarter,Open,High,Low,Close,Volume_sum,ret_1q,logret_1q,cumret_4q,down_gap_q,vol_4q,vol_8q,max_drawdown_4q,ma4,ma8,ma4_ratio,ma_cross_4_8,mom_4q,vol_z_4q,vol_drop_ratio_4q,intraquarter_range,crash_count_4q,down_streak_1q,down_streak_4q_max,vol_mean_decline_q
451220,아이엠티,2023Q4,28000,32400,14510,17750,66421160,,,,0,,,,,,,0,,,,1.0078873239436619,,0,,
451220,아이엠티,2024Q1,17800,27150,16060,21500,42910031,0.21126760563380276,0.191667419212191,,0,,,,,,,0,,,,0.5158139534883721,,0,,
451220,아이엠티,2024Q2,21550,31350,17810,21700,41473195,0.009302325581395321,0.009259325412797281,,0,,,,,,,0,,,,0.623963133640553,,0,,
451220,아이엠티,2024Q3,22250,22250,7510,9670,10041032,-0.5543778801843318,-0.8082839510812114,,1,,,-0.5543778801843318,17655.0,,-0.4522798074199943,0,,-1.3039392244401802,0.24970638579210258,1.5243019648397105,1.0,1,1.0,
451220,아이엠티,2024Q4,9410,11420,6110,7770,5700866,-0.19648397104446746,-0.21875814508564595,-0.5622535211267605,1,0.3267817514583757,,-0.6419354838709677,15160.0,,-0.487467018469657,0,-0.5622535211267605,-0.9712432682953437,0.22774967050228073,0.6833976833976834,2.0,2,2.0,
451220,아이엠티,2025Q1,7690,13920,7690,12430,46346709,0.5997425997425998,0.46984274114306324,-0.42186046511627906,0,0.4832840758822354,,-0.4271889400921659,12892.5,,-0.03587356990498347,0,-0.42186046511627906,0.97517550842169,1.7901082485992277,0.501206757843926,2.0,0,2.0,
451220,아이엠티,2025Q2,12540,13200,9270,9860,9921271,-0.2067578439259855,-0.23162673690807623,-0.5456221198156681,1,0.4886586310267613,,-0.2067578439259855,9932.5,,-0.007299270072992692,0,-0.5456221198156682,-0.42524464760956177,0.5511061135251472,0.39858012170385393,3.0,1,2.0,
451220,아이엠티,2025Q3,10000,11890,9530,10430,4772473,0.057809330628803224,0.056200100398138275,0.07859358841778707,0,0.3778092344280275,,-0.1609010458567981,10122.5,13888.75,0.030377871079278806,1,0.07859358841778707,-0.5986122078022774,0.2860280900351999,0.22627037392138064,2.0,0,2.0,-0.41348674461640533
451220,아이엠티,2025Q4,10430,12070,8420,9620,3596799,-0.07766059443911788,-0.08084200433506616,0.23809523809523814,0,0.35449773289971737,0.33793216807458876,-0.2260659694288013,10585.0,12872.5,-0.09116674539442604,1,0.23809523809523814,-0.6184932183403131,0.22258365810477215,0.3794178794178794,1.0,1,1.0,-0.21538820246195045
