stock_code,Name,quarter,Open,High,Low,Close,Volume_sum,ret_1q,logret_1q,cumret_4q,down_gap_q,vol_4q,vol_8q,max_drawdown_4q,ma4,ma8,ma4_ratio,ma_cross_4_8,mom_4q,vol_z_4q,vol_drop_ratio_4q,intraquarter_range,crash_count_4q,down_streak_1q,down_streak_4q_max,vol_mean_decline_q
451760,컨텍,2023Q4,19700,21050,13290,15360,83227749,,,,0,,,,,,,0,,,,0.5052083333333334,,0,,
451760,컨텍,2024Q1,15800,25350,14230,19450,38597606,0.26627604166666674,0.23608034234493047,,0,,,,,,,0,,,,0.5717223650385604,,0,,
451760,컨텍,2024Q2,19690,21450,13660,13890,21022656,-0.28586118251928017,-0.3366779132982032,,1,,,,,,,0,,,,0.5608351331893449,,1,,
451760,컨텍,2024Q3,13850,14400,7600,9130,5207834,-0.3426925845932326,-0.41960346215937605,,1,,,-0.5305912596401028,14457.5,,-0.36849386131765516,0,,-0.9440093132995235,0.14069918009653723,0.7447973713033954,2.0,2,2.0,
451760,컨텍,2024Q4,9130,13950,8250,9920,20907744,0.08652792990142388,0.08298722668990521,-0.35416666666666663,0,0.29356166234115544,,-0.489974293059126,13097.5,,-0.242603550295858,0,-0.35416666666666663,-0.03857283277891587,0.9754494269840944,0.5745967741935484,2.0,0,2.0,
451760,컨텍,2025Q1,10080,12590,9860,10200,7441981,0.02822580645161299,0.027834798993442433,-0.47557840616966573,0,0.21713358722782553,,-0.265658747300216,10785.0,,-0.05424200278164115,0,-0.47557840616966585,-0.7296210056118247,0.5453977050108725,0.2676470588235294,2.0,0,2.0,
451760,컨텍,2025Q2,10130,10390,8650,9690,1966776,-0.050000000000000044,-0.05129329438755015,-0.3023758099352052,0,0.19053388631053525,,-0.050000000000000044,9735.0,,-0.0046224961479198745,0,-0.3023758099352052,-0.8303575710513159,0.22145675633336978,0.17956656346749225,1.0,1,2.0,
451760,컨텍,2025Q3,9690,9800,8350,8510,1798232,-0.1217750257997936,-0.12985248331739108,-0.06790799561883887,1,0.09092135585011067,,-0.1656862745098039,9580.0,12018.75,-0.11169102296450939,1,-0.06790799561883898,-0.6940172122769886,0.22397595521033914,0.17038777908343125,1.0,2,2.0,-0.6435074654642003
451760,컨텍,2025Q4,8510,13580,7500,11220,11410976,0.3184488836662749,0.2764559575092669,0.13104838709677424,0,0.19312178491134854,0.23779013471391722,0.0,9905.0,11501.25,0.13276123170116105,1,0.13104838709677424,1.2385771366954816,2.0180376086000664,0.5418894830659536,1.0,0,2.0,-0.5825164607740356
