stock_code,Name,quarter,Open,High,Low,Close,Volume_sum,ret_1q,logret_1q,cumret_4q,down_gap_q,vol_4q,vol_8q,max_drawdown_4q,ma4,ma8,ma4_ratio,ma_cross_4_8,mom_4q,vol_z_4q,vol_drop_ratio_4q,intraquarter_range,crash_count_4q,down_streak_1q,down_streak_4q_max,vol_mean_decline_q
452190,한빛레이저,2024Q1,6140,18580,6120,7850,339295935,,,,0,,,,,,,0,,,,1.5872611464968154,,0,,
452190,한빛레이저,2024Q2,7820,7950,4700,4905,49887445,-0.37515923566878984,-0.47025843877699103,,1,,,,,,,0,,,,0.6625891946992865,,1,,
452190,한빛레이저,2024Q3,4905,7000,3195,4700,277727091,-0.041794087665647295,-0.04269258430131373,,0,,,,,,,0,,,,0.8095744680851064,,2,,
452190,한빛레이저,2024Q4,4525,5590,2770,3110,54895511,-0.3382978723404255,-0.4129397825248695,,1,,,-0.6038216560509554,5141.25,,-0.39508874300996843,0,,-0.837006578474521,0.3042120036073627,0.9067524115755627,2.0,3,3.0,
452190,한빛레이저,2025Q1,3110,8180,3110,5430,341132972,0.7459807073954985,0.5573164077547013,-0.3082802547770701,0,0.5207054121156246,,0.0,4536.25,,0.19702397354643142,0,-0.3082802547770701,1.0634984917531247,1.8856423017603934,0.9337016574585635,2.0,0,3.0,
452190,한빛레이저,2025Q2,5520,6740,4570,5060,91936678,-0.06813996316758753,-0.07057265064647034,0.031600407747196746,0,0.46731819350924614,,-0.06813996316758753,4575.0,,0.10601092896174857,0,0.031600407747196746,-0.713054101231109,0.4802800485958163,0.4288537549407115,1.0,1,3.0,
452190,한빛레이저,2025Q3,5060,5650,4250,4980,9140513,-0.015810276679841917,-0.015936592262812965,0.05957446808510625,0,0.4653403726899095,,-0.08287292817679559,4645.0,,0.07212055974165765,0,0.05957446808510647,-0.7754088293778226,0.07354985853571247,0.28112449799196787,1.0,2,3.0,
452190,한빛레이저,2025Q4,4980,6100,4365,4740,29297290,-0.048192771084337394,-0.04939275532957588,0.5241157556270095,0,0.39560232516180277,,-0.1270718232044199,5052.5,5096.875,-0.061850569025235,1,0.5241157556270097,-0.5791200485182929,0.2485414795765699,0.36603375527426163,0.0,3,3.0,-0.20975086817823352
