stock_code,Name,quarter,Open,High,Low,Close,Volume_sum,ret_1q,logret_1q,cumret_4q,down_gap_q,vol_4q,vol_8q,max_drawdown_4q,ma4,ma8,ma4_ratio,ma_cross_4_8,mom_4q,vol_z_4q,vol_drop_ratio_4q,intraquarter_range,crash_count_4q,down_streak_1q,down_streak_4q_max,vol_mean_decline_q
452160,제이엔비,2023Q4,22500,22500,11300,12730,17317203,,,,0,,,,,,,0,,,,0.8798114689709348,,0,,
452160,제이엔비,2024Q1,12810,15180,8950,10830,7027340,-0.14925373134328357,-0.16164135155641546,,1,,,,,,,0,,,,0.5752539242843951,,1,,
452160,제이엔비,2024Q2,10850,20550,9080,12160,41489587,0.12280701754385959,0.11583181552512123,,0,,,,,,,0,,,,0.9432565789473685,,0,,
452160,제이엔비,2024Q3,12190,14890,6080,6860,39752532,-0.4358552631578947,-0.5724444348002269,,1,,,-0.4611154752553024,10645.0,,-0.35556599342414275,0,,0.7871008944549925,1.5059679412916755,1.284256559766764,2.0,1,1.0,
452160,제이엔비,2024Q4,6670,7360,3810,4780,2438687,-0.3032069970845481,-0.36126689523442934,-0.624509033778476,1,0.23997328743474752,,-0.606907894736842,8657.5,,-0.4478775628068149,0,-0.624509033778476,-0.9722232023465899,0.10753993362404299,0.7426778242677824,3.0,2,2.0,
452160,제이엔비,2025Q1,4740,7930,4730,4940,19143803,0.03347280334728042,0.03292478469646731,-0.5438596491228069,0,0.266581721504774,,-0.59375,7185.0,,-0.3124565066109951,0,-0.543859649122807,-0.35401426545850645,0.7447167827304843,0.6477732793522267,2.0,0,2.0,
452160,제이엔비,2025Q2,4900,6500,3925,5380,4031169,0.08906882591093113,0.08532304297386162,-0.5575657894736842,0,0.2555605314527562,,-0.2157434402332361,5490.0,,-0.02003642987249543,0,-0.5575657894736843,-0.7104394462254513,0.246682203036735,0.47862453531598514,2.0,0,2.0,
452160,제이엔비,2025Q3,5390,10250,5350,8130,88111696,0.5111524163568772,0.4128725493860266,0.18513119533527678,0,0.33414544629047094,,0.0,5807.5,8226.25,0.3999139044339217,1,0.185131195335277,1.4738527285488054,3.0991047159184513,0.6027060270602707,1.0,0,2.0,0.03711010965714667
452160,제이엔비,2025Q4,8300,9140,5320,7070,6355334,-0.13038130381303814,-0.1397004436512379,0.47907949790794957,1,0.27325130827955496,0.29228140471637043,-0.13038130381303814,6380.0,7518.75,0.1081504702194358,1,0.4790794979079498,-0.5808196470103818,0.2160906442241607,0.5403111739745403,1.0,1,1.0,0.1292720751991019
