stock_code,Name,quarter,Open,High,Low,Close,Volume_sum,ret_1q,logret_1q,cumret_4q,down_gap_q,vol_4q,vol_8q,max_drawdown_4q,ma4,ma8,ma4_ratio,ma_cross_4_8,mom_4q,vol_z_4q,vol_drop_ratio_4q,intraquarter_range,crash_count_4q,down_streak_1q,down_streak_4q_max,vol_mean_decline_q
452200,민테크,2024Q2,14900,16000,8350,8650,117230796,,,,0,,,,,,,0,,,,0.884393063583815,,0,,
452200,민테크,2024Q3,8700,10430,5770,7270,138328317,-0.1595375722543353,-0.17380302939836056,,1,,,,,,,0,,,,0.640990371389271,,1,,
452200,민테크,2024Q4,7120,8180,4130,4790,21650147,-0.34112792297111416,-0.41722588012260253,,1,,,,,,,0,,,,0.8455114822546973,,2,,
452200,민테크,2025Q1,4700,5220,3950,3950,8031832,-0.17536534446764096,-0.1928148325097947,,1,,,-0.5433526011560694,6165.0,,-0.3592862935928629,0,,-0.958676160549674,0.11263218695011867,0.32151898734177214,3.0,3,3.0,
452200,민테크,2025Q2,3950,4490,3405,3995,3478959,0.0113924050632912,0.011328000305207198,-0.5381502890173411,0,0.14406853175715442,,-0.4504814305364512,5001.25,,-0.20119970007498122,0,-0.5381502890173411,-0.6145236645261297,0.0811469849816538,0.2715894868585732,3.0,0,3.0,
452200,민테크,2025Q3,3985,4195,2860,2935,4118420,-0.2653316645807259,-0.30833612593817783,-0.5962861072902339,1,0.1519433812807923,,-0.3872651356993737,3917.5,,-0.2507977026164646,0,-0.5962861072902339,-0.6146084998974615,0.4418981678815392,0.454855195911414,3.0,1,3.0,
452200,민테크,2025Q4,2965,3740,2270,2370,15746879,-0.19250425894378198,-0.21381749813301987,-0.5052192066805845,1,0.1178699952911883,,-0.4067584480600751,3312.5,,-0.28452830188679246,0,-0.5052192066805845,1.401248681656065,2.0075004884292467,0.620253164556962,3.0,2,3.0,
