stock_code,Name,quarter,Open,High,Low,Close,Volume_sum,ret_1q,logret_1q,cumret_4q,down_gap_q,vol_4q,vol_8q,max_drawdown_4q,ma4,ma8,ma4_ratio,ma_cross_4_8,mom_4q,vol_z_4q,vol_drop_ratio_4q,intraquarter_range,crash_count_4q,down_streak_1q,down_streak_4q_max,vol_mean_decline_q
452280,한선엔지니어링,2023Q4,16600,20650,8980,9280,89023631,,,,0,,,,,,,0,,,,1.2575431034482758,,0,,
452280,한선엔지니어링,2024Q1,9250,10180,6380,6590,7270811,-0.2898706896551724,-0.3423081982836944,,1,,,,,,,0,,,,0.5766312594840668,,1,,
452280,한선엔지니어링,2024Q2,6590,14600,5410,11330,127412709,0.7192716236722307,0.5419007265254994,,0,,,,,,,0,,,,0.8111209179170344,,0,,
452280,한선엔지니어링,2024Q3,11400,15750,9180,11160,165754174,-0.015004413062665534,-0.015118118086750343,,0,,,-0.015004413062665534,9590.0,,0.16371220020855048,0,,1.0095651376225634,1.7023941876642052,0.5887096774193549,1.0,1,1.0,
452280,한선엔지니어링,2024Q4,10880,11950,5800,6180,23590507,-0.446236559139785,-0.591017685483564,-0.33405172413793105,1,0.5165512034824848,,-0.4545454545454546,8815.0,,-0.2989222915484969,0,-0.33405172413793105,-0.7398225686286667,0.29121547972918566,0.9951456310679612,2.0,2,2.0,
452280,한선엔지니어링,2025Q1,6090,9690,6070,6510,39149264,0.05339805825242716,0.05202118475087758,-0.012139605462822556,0,0.48142436583527043,,-0.4254192409532216,8795.0,,-0.259806708357021,0,-0.012139605462822445,-0.7260293176202111,0.4399947408682053,0.5560675883256528,1.0,0,2.0,
452280,한선엔지니어링,2025Q2,6580,7720,5910,6960,5340204,0.06912442396313367,0.06684001812585016,-0.38570167696381297,0,0.2437889687638914,,-0.3763440860215054,7702.5,,-0.09639727361246353,0,-0.38570167696381286,-0.7291198333417608,0.09135028434191621,0.2600574712643678,1.0,0,2.0,
452280,한선엔지니어링,2025Q3,7000,12540,6550,10970,32599158,0.5761494252873562,0.45498479994081187,-0.01702508960573501,0,0.41744215739406193,,0.0,7655.0,8622.5,0.43305029392553895,1,-0.01702508960573479,0.5061584233161448,1.2951703904720753,0.5460346399270738,1.0,0,2.0,-0.5891825236756929
452280,한선엔지니어링,2025Q4,11510,12350,8380,8540,21508284,-0.2215132178669098,-0.25040326648666067,0.38187702265372137,1,0.33252854553570815,0.4078841049264163,-0.2215132178669098,8245.0,8530.0,0.03577926015767141,1,0.3818770226537216,-0.21238169259011305,0.8725743636387794,0.4648711943793911,1.0,1,1.0,-0.5334072328702684
