stock_code,Name,quarter,Open,High,Low,Close,Volume_sum,ret_1q,logret_1q,cumret_4q,down_gap_q,vol_4q,vol_8q,max_drawdown_4q,ma4,ma8,ma4_ratio,ma_cross_4_8,mom_4q,vol_z_4q,vol_drop_ratio_4q,intraquarter_range,crash_count_4q,down_streak_1q,down_streak_4q_max,vol_mean_decline_q
452300,캡스톤파트너스,2023Q4,7000,11220,3975,5200,171679514,,,,0,,,,,,,0,,,,1.3932692307692307,,0,,
452300,캡스톤파트너스,2024Q1,5590,9200,4125,4705,169303556,-0.09519230769230769,-0.10003285255003824,,0,,,,,,,0,,,,1.0786397449521785,,1,,
452300,캡스톤파트너스,2024Q2,4710,5560,3685,3700,26069034,-0.21360255047821464,-0.24029295338716494,,1,,,,,,,0,,,,0.5067567567567568,,2,,
452300,캡스톤파트너스,2024Q3,3640,4405,2385,3055,53934064,-0.17432432432432432,-0.19155322702662048,,1,,,-0.4125,4165.0,,-0.2665066026410564,0,,-0.6734042969257211,0.5124544994551935,0.6612111292962357,2.0,3,3.0,
452300,캡스톤파트너스,2024Q4,2960,3265,2320,2700,7842115,-0.11620294599018,-0.12352781961327519,-0.4807692307692307,1,0.054107813051223384,,-0.4261424017003188,3540.0,,-0.23728813559322037,0,-0.4807692307692307,-0.7782185442847982,0.1219856510376684,0.35,3.0,4,4.0,
452300,캡스톤파트너스,2025Q1,2700,3435,2435,2570,41035954,-0.04814814814814816,-0.04934587410315494,-0.4537725823591924,0,0.07207322596836455,,-0.3054054054054054,3006.25,,-0.14511434511434507,0,-0.4537725823591924,0.44425120616977243,1.2736059101637403,0.38910505836575876,3.0,5,5.0,
452300,캡스톤파트너스,2025Q2,2580,4130,2580,3690,51715396,0.4357976653696498,0.361720559145307,-0.002702702702702675,0,0.2791485633783537,,0.0,3003.75,,0.22846441947565532,0,-0.002702702702702675,0.6146889606689571,1.338671402685796,0.42005420054200543,2.0,0,5.0,
452300,캡스톤파트너스,2025Q3,3725,3735,2885,2940,9756304,-0.2032520325203252,-0.22721687670184476,-0.03764320785597375,1,0.2862922393375179,,-0.2032520325203252,2975.0,3570.0,-0.0117647058823529,1,-0.03764320785597386,-0.8052964574204015,0.3536501829922272,0.2891156462585034,2.0,1,5.0,-0.584632766896774
452300,캡스톤파트너스,2025Q4,2935,3150,2425,2765,6640151,-0.059523809523809534,-0.061368946376291866,0.024074074074074137,0,0.27880337351350193,0.2096031538756595,-0.2506775067750677,2991.25,3265.625,-0.07563727538654408,1,0.024074074074074137,-0.917439884215548,0.24334528761251772,0.26220614828209765,1.0,2,5.0,-0.4040468148085927
