stock_code,Name,quarter,Open,High,Low,Close,Volume_sum,ret_1q,logret_1q,cumret_4q,down_gap_q,vol_4q,vol_8q,max_drawdown_4q,ma4,ma8,ma4_ratio,ma_cross_4_8,mom_4q,vol_z_4q,vol_drop_ratio_4q,intraquarter_range,crash_count_4q,down_streak_1q,down_streak_4q_max,vol_mean_decline_q
452430,사피엔반도체,2024Q1,43700,59200,31550,32000,48804918,,,,0,,,,,,,0,,,,0.8640625,,0,,
452430,사피엔반도체,2024Q2,32350,32700,20700,23050,35667327,-0.2796875,-0.3280701333570697,,1,,,,,,,0,,,,0.5206073752711496,,1,,
452430,사피엔반도체,2024Q3,22750,24250,10900,15110,8270838,-0.34446854663774407,-0.4223089931580084,,1,,,,,,,0,,,,0.8835208471211119,,2,,
452430,사피엔반도체,2024Q4,14830,15670,9270,14170,4918716,-0.06221045665122438,-0.06422972258205917,,0,,,-0.5571875,21082.5,,-0.32787857227558403,0,,-0.9149524836612756,0.20145916009595521,0.4516584333098095,2.0,3,3.0,
452430,사피엔반도체,2025Q1,14100,22000,12560,15330,12166830,0.08186309103740297,0.07868463918113378,-0.5209375,0,0.1967225542178418,,-0.33492407809110625,16915.0,,-0.09370381318356491,0,-0.5209375,-0.2218191372377429,0.7975149200611545,0.6157860404435747,2.0,0,3.0,
452430,사피엔반도체,2025Q2,15390,29000,12660,28750,8188593,0.8754076973255056,0.6288260743596368,0.24728850325379592,0,0.522743115466443,,0.0,18340.0,,0.5676117775354417,0,0.24728850325379614,-0.06666741985352632,0.9764314937524029,0.5683478260869566,1.0,0,3.0,
452430,사피엔반도체,2025Q3,28600,33800,23050,26700,4617956,-0.07130434782608697,-0.07397420183715653,0.7670416942422238,0,0.45179315801952546,,-0.07130434782608697,21237.5,,0.2572101236021189,0,0.7670416942422238,-0.8105695455561441,0.6179501302936445,0.40262172284644193,0.0,1,3.0,
452430,사피엔반도체,2025Q4,27100,38100,24000,38100,4686022,0.4269662921348314,0.35555071672645155,1.6887791107974595,0,0.42010976213328205,,0.0,27220.0,24151.25,0.3997060984570169,0,1.6887791107974595,-0.762243415571332,0.6319779688065852,0.3700787401574803,0.0,0,1.0,-0.5341011394803066
