stock_code,Name,quarter,Open,High,Low,Close,Volume_sum,ret_1q,logret_1q,cumret_4q,down_gap_q,vol_4q,vol_8q,max_drawdown_4q,ma4,ma8,ma4_ratio,ma_cross_4_8,mom_4q,vol_z_4q,vol_drop_ratio_4q,intraquarter_range,crash_count_4q,down_streak_1q,down_streak_4q_max,vol_mean_decline_q
452400,이닉스,2024Q1,46550,51700,20800,21400,44870709,,,,0,,,,,,,0,,,,1.4439252336448598,,0,,
452400,이닉스,2024Q2,21400,22550,12880,13300,6749638,-0.37850467289719625,-0.47562688680009657,,1,,,,,,,0,,,,0.7270676691729323,,1,,
452400,이닉스,2024Q3,13300,20000,8750,12310,44942027,-0.07443609022556386,-0.07735209503134577,,0,,,,,,,0,,,,0.9138911454102355,,2,,
452400,이닉스,2024Q4,12060,15320,7840,9300,7619179,-0.24451665312753856,-0.28039754003715167,,1,,,-0.5654205607476636,14077.5,,-0.339371337240277,0,,-0.8459492491369699,0.2925346678216632,0.8043010752688172,2.0,3,3.0,
452400,이닉스,2025Q1,9250,11210,7850,8170,1902476,-0.12150537634408598,-0.12954549128729909,-0.6182242990654205,1,0.13623931781586218,,-0.3857142857142857,10770.0,,-0.24141132776230267,0,-0.6182242990654205,-0.6727822768091163,0.12431777920230433,0.4112607099143207,3.0,4,4.0,
452400,이닉스,2025Q2,8100,9150,7700,8090,674419,-0.009791921664626724,-0.009840177801510919,-0.3917293233082707,0,0.09917541439050707,,-0.3428107229894395,9467.5,,-0.14549775547927124,0,-0.3917293233082707,-0.6245600606920761,0.04892580540631967,0.1792336217552534,2.0,5,5.0,
452400,이닉스,2025Q3,8000,14700,7990,10010,52205548,0.2373300370828182,0.21295586225672736,-0.18683996750609266,0,0.2050844783302232,,0.0,8892.5,,0.12566769749789142,0,-0.18683996750609255,1.4885983405084546,3.3464225016458706,0.6703296703296703,2.0,0,5.0,
452400,이닉스,2025Q4,10090,14400,9280,11450,18105871,0.14385614385614387,0.13440513667312004,0.23118279569892453,0,0.15944535258646206,,0.0,9430.0,11753.75,0.2142099681866383,1,0.23118279569892475,-0.004840383499318648,0.9936227088474018,0.44716157205240176,1.0,0,5.0,-0.17672820073897721
