stock_code,Name,quarter,Open,High,Low,Close,Volume_sum,ret_1q,logret_1q,cumret_4q,down_gap_q,vol_4q,vol_8q,max_drawdown_4q,ma4,ma8,ma4_ratio,ma_cross_4_8,mom_4q,vol_z_4q,vol_drop_ratio_4q,intraquarter_range,crash_count_4q,down_streak_1q,down_streak_4q_max,vol_mean_decline_q
452450,피아이이,2025Q1,5000,14390,3605,8240,462471246,,,,0,,,,,,,0,,,,1.3088592233009708,,0,,
452450,피아이이,2025Q2,8430,11350,6550,9630,267798112,0.1686893203883495,0.15588288188865462,,0,,,,,,,0,,,,0.4984423676012461,,0,,
452450,피아이이,2025Q3,9800,10910,7450,8490,33006820,-0.11838006230529596,-0.12599422548677808,,1,,,,,,,0,,,,0.4075382803297998,,1,,
452450,피아이이,2025Q4,8520,9850,6250,6890,73781132,-0.18845700824499412,-0.2088179152976899,,1,,,-0.284527518172378,8312.5,,-0.17112781954887213,0,,-0.6861562299979824,0.3525738614002427,0.5224963715529753,2.0,2,2.0,
