stock_code,Name,quarter,Open,High,Low,Close,Volume_sum,ret_1q,logret_1q,cumret_4q,down_gap_q,vol_4q,vol_8q,max_drawdown_4q,ma4,ma8,ma4_ratio,ma_cross_4_8,mom_4q,vol_z_4q,vol_drop_ratio_4q,intraquarter_range,crash_count_4q,down_streak_1q,down_streak_4q_max,vol_mean_decline_q
452980,신한제11호스팩,2023Q4,1996,2000,1839,1860,16219685,,,,0,,,,,,,0,,,,0.08655913978494624,,0,,
452980,신한제11호스팩,2024Q1,1859,1987,1855,1966,4854107,0.05698924731182786,0.05542453399986513,,0,,,,,,,0,,,,0.0671414038657172,,0,,
452980,신한제11호스팩,2024Q2,1966,1990,1952,1967,2844007,0.0005086469989827869,0.0005085176819470405,,0,,,,,,,0,,,,0.019318759532282664,,0,,
452980,신한제11호스팩,2024Q3,1967,1980,1937,1949,3034521,-0.009150991357397054,-0.009193118881498208,,0,,,-0.009150991357397054,1935.5,,0.0069749418754843084,0,,-0.5799797107446858,0.4503539583976444,0.022062596203181118,0.0,1,1.0,
452980,신한제11호스팩,2024Q4,1949,1966,1935,1942,2187884,-0.0035915854284248594,-0.0035980506562900416,0.044086021505376216,0,0.03078914066117274,,-0.012709710218607007,1956.0,,-0.007157464212678932,0,0.04408602150537644,-0.9128315347446475,0.6773362587060163,0.01596292481977343,0.0,2,2.0,
452980,신한제11호스팩,2025Q1,1942,2005,1941,1997,2392653,0.028321318228630377,0.02792768456454464,0.01576805696846395,0,0.016676279560806175,,0.0,1963.75,,0.01693189051559507,0,0.01576805696846395,-0.5670361861430395,0.9150542615424992,0.03204807210816224,0.0,0,2.0,
452980,신한제11호스팩,2025Q2,1999,2045,1991,2035,3187878,0.019028542814221394,0.018849764460879825,0.03457041179461129,0,0.017901644297299627,,0.0,1980.75,,0.027388615423450613,0,0.03457041179461107,1.0037259896818662,1.1803746685160406,0.026535626535626536,0.0,0,2.0,
452980,신한제11호스팩,2025Q3,2035,2072,2020,2070,2341776,0.017199017199017286,0.01705278838271962,0.062083119548486554,0,0.013465267661107228,,0.0,2011.0,1973.25,0.029338637493784292,0,0.06208311954848633,-0.41398099509553443,0.9265011907292355,0.025120772946859903,0.0,0,2.0,-0.4544249308958047
452980,신한제11호스팩,2025Q4,2070,2090,2065,2085,3053489,0.007246376811594235,0.007220247973487304,0.07363542739443885,0,0.008638267868420334,0.021244049052291485,0.0,2046.75,2001.375,0.01868816416269703,0,0.07363542739443862,0.7051775385810803,1.1128082191031976,0.011990407673860911,0.0,0,0.0,-0.08138171094580904
