stock_code,Name,quarter,Open,High,Low,Close,Volume_sum,ret_1q,logret_1q,cumret_4q,down_gap_q,vol_4q,vol_8q,max_drawdown_4q,ma4,ma8,ma4_ratio,ma_cross_4_8,mom_4q,vol_z_4q,vol_drop_ratio_4q,intraquarter_range,crash_count_4q,down_streak_1q,down_streak_4q_max,vol_mean_decline_q
453450,그리드위즈,2024Q2,60600,82200,40150,49800,62548500,,,,0,,,,,,,0,,,,0.8443775100401606,,0,,
453450,그리드위즈,2024Q3,50400,51700,19680,23300,57036147,-0.5321285140562249,-0.7595616234589535,,1,,,,,,,0,,,,1.3742489270386267,,1,,
453450,그리드위즈,2024Q4,22800,25300,13640,16580,6583732,-0.28841201716738196,-0.34025621086450464,,1,,,,,,,0,,,,0.7032569360675512,,2,,
453450,그리드위즈,2025Q1,16500,20050,13390,13700,3557769,-0.17370325693606758,-0.19080131687307045,,1,,,-0.7248995983935743,25845.0,,-0.46991681176242983,0,,-0.9109121336259205,0.10970090625060416,0.48613138686131385,3.0,3,3.0,
453450,그리드위즈,2025Q2,13560,25850,12120,21800,13029958,0.5912408759124088,0.46451413696096466,-0.5622489959839356,0,0.48493229943919997,,-0.06437768240343344,18845.0,,0.15680551870522685,0,-0.5622489959839357,-0.2812086283456971,0.6498115901875939,0.6298165137614679,3.0,0,3.0,
453450,그리드위즈,2025Q3,22400,25700,17620,18510,3331635,-0.15091743119266054,-0.16359884320963758,-0.20557939914163081,1,0.40231722000897396,,-0.15091743119266054,17647.5,,0.048873778155546166,0,-0.20557939914163093,-0.7288621856316064,0.5028295941598366,0.4365207995678012,3.0,1,3.0,
453450,그리드위즈,2025Q4,18510,18950,13450,13640,1238789,-0.26310102647217715,-0.30530447417008943,-0.17732207478890227,1,0.39654075867191363,,-0.3743119266055046,16912.5,,-0.19349593495934958,0,-0.17732207478890227,-0.7693988773939309,0.23419607885396035,0.4032258064516129,3.0,2,3.0,
