stock_code,Name,quarter,Open,High,Low,Close,Volume_sum,ret_1q,logret_1q,cumret_4q,down_gap_q,vol_4q,vol_8q,max_drawdown_4q,ma4,ma8,ma4_ratio,ma_cross_4_8,mom_4q,vol_z_4q,vol_drop_ratio_4q,intraquarter_range,crash_count_4q,down_streak_1q,down_streak_4q_max,vol_mean_decline_q
453860,에이에스텍,2023Q4,85000,96500,33150,35000,18378952,,,,0,,,,,,,0,,,,1.81,,0,,
453860,에이에스텍,2024Q1,35550,42000,28350,29050,3756261,-0.17000000000000004,-0.18632957819149176,,1,,,,,,,0,,,,0.46987951807228917,,1,,
453860,에이에스텍,2024Q2,28900,51800,27000,38600,14968132,0.3287435456110155,0.2842337931728647,,0,,,,,,,0,,,,0.6424870466321243,,0,,
453860,에이에스텍,2024Q3,38300,43800,23250,28300,4269320,-0.2668393782383419,-0.3103904718215933,,1,,,-0.2668393782383419,32737.5,,-0.13554791905307373,0,,-0.8159294720207309,0.4127672220293278,0.726148409893993,2.0,1,1.0,
453860,에이에스텍,2024Q4,27550,28100,16100,18810,1236122,-0.33533568904593636,-0.40847316133625355,-0.4625714285714285,1,0.30081429393346837,,-0.5126943005181347,28690.0,,-0.3443708609271523,0,-0.4625714285714285,-0.7921294252577517,0.20406610280259854,0.6379585326953748,3.0,2,2.0,
453860,에이에스텍,2025Q1,18990,23750,16590,19270,1897000,0.024455077086656063,0.02416083911333544,-0.33666092943201376,0,0.30376873342122573,,-0.5007772020725388,26245.0,,-0.2657649076014479,0,-0.33666092943201376,-0.5788402508618313,0.33919558791830734,0.37156201349247536,2.0,0,2.0,
453860,에이에스텍,2025Q2,19190,24450,17520,18440,2071059,-0.04307213284898803,-0.04402726429782611,-0.5222797927461139,0,0.17297477902942346,,-0.3484098939929329,21205.0,,-0.1303937750530535,0,-0.522279792746114,-0.22569382996713894,0.8744640444963272,0.37581344902386116,2.0,1,2.0,
453860,에이에스텍,2025Q3,18300,22900,15350,20800,1944218,0.12798264642082424,0.1204307685788244,-0.26501766784452296,0,0.19876050933636866,,0.0,19330.0,26033.75,0.07604759441282982,1,-0.26501766784452296,0.41943035475845025,1.087918007934364,0.3629807692307692,1.0,0,2.0,-0.7053486296178502
453860,에이에스텍,2025Q4,21200,21450,14260,16110,1275979,-0.2254807692307692,-0.25551278951838974,-0.1435406698564592,1,0.1486648477028496,0.22397813276211745,-0.2254807692307692,18655.0,23672.5,-0.13642455105869744,1,-0.1435406698564593,-1.4675164544417016,0.7100353688015563,0.44630664183736807,1.0,1,1.0,-0.5424129365466539
