stock_code,Name,quarter,Open,High,Low,Close,Volume_sum,ret_1q,logret_1q,cumret_4q,down_gap_q,vol_4q,vol_8q,max_drawdown_4q,ma4,ma8,ma4_ratio,ma_cross_4_8,mom_4q,vol_z_4q,vol_drop_ratio_4q,intraquarter_range,crash_count_4q,down_streak_1q,down_streak_4q_max,vol_mean_decline_q
455900,엔젤로보틱스,2024Q1,50500,77700,44100,68700,67285955,,,,0,,,,,,,0,,,,0.4890829694323144,,0,,
455900,엔젤로보틱스,2024Q2,69000,69500,33000,33900,44372465,-0.5065502183406114,-0.7063341848418982,,1,,,,,,,0,,,,1.0766961651917404,,1,,
455900,엔젤로보틱스,2024Q3,34150,37350,20500,28150,18454822,-0.1696165191740413,-0.18586765980070474,,1,,,,,,,0,,,,0.5985790408525755,,2,,
455900,엔젤로보틱스,2024Q4,27700,28600,20800,23050,14827211,-0.18117229129662527,-0.19988158514304288,,1,,,-0.6644832605531296,38450.0,,-0.400520156046814,0,,-0.8728089688525703,0.40919455384895204,0.3383947939262473,3.0,3,3.0,
455900,엔젤로보틱스,2025Q1,25000,34250,23100,23150,27460789,0.00433839479392617,0.004329011089586388,-0.6630276564774382,0,0.21315298705561628,,-0.31710914454277284,27062.5,,-0.14457274826789834,0,-0.6630276564774381,0.08967935529817282,1.0449779393172374,0.4816414686825054,3.0,0,3.0,
455900,엔젤로보틱스,2025Q2,23250,27000,19490,24150,4188291,0.043196544276457916,0.042289599566338154,-0.28761061946902666,0,0.11617113552483439,,-0.1420959147424512,24625.0,,-0.019289340101522834,0,-0.28761061946902655,-1.2510847083172965,0.25801442830650384,0.31097308488612835,2.0,0,3.0,
455900,엔젤로보틱스,2025Q3,24400,27950,20600,25000,6336046,0.035196687370600444,0.03459144476961917,-0.11190053285968027,0,0.10571081294116164,,0.0,23837.5,,0.04876769795490299,0,-0.11190053285968027,-0.6504803885445364,0.47989135568834984,0.294,1.0,0,3.0,
455900,엔젤로보틱스,2025Q4,24800,35150,23500,30650,24143801,0.22599999999999998,0.2037568375140193,0.32971800433839493,0,0.10061604513770124,,0.0,25737.5,32093.75,0.19086935405536676,1,0.3297180043383947,0.7195450860534017,1.5544321890510036,0.3800978792822186,0.0,0,0.0,-0.39992163979048956
