stock_code,Name,quarter,Open,High,Low,Close,Volume_sum,ret_1q,logret_1q,cumret_4q,down_gap_q,vol_4q,vol_8q,max_drawdown_4q,ma4,ma8,ma4_ratio,ma_cross_4_8,mom_4q,vol_z_4q,vol_drop_ratio_4q,intraquarter_range,crash_count_4q,down_streak_1q,down_streak_4q_max,vol_mean_decline_q
456010,아이씨티케이,2024Q2,19990,36950,9410,9430,76362128,,,,0,,,,,,,0,,,,2.9204665959703076,,0,,
456010,아이씨티케이,2024Q3,9590,12000,6200,8350,125131857,-0.11452810180275719,-0.12163455778260257,,1,,,,,,,0,,,,0.6946107784431138,,1,,
456010,아이씨티케이,2024Q4,8060,10880,4805,9800,95224262,0.17365269461077837,0.16012084681376315,,0,,,,,,,0,,,,0.6198979591836735,,0,,
456010,아이씨티케이,2025Q1,10070,15110,8020,11790,166272451,0.20306122448979602,0.1848693288727521,,0,,,0.0,9842.5,,0.19786639573279152,0,,1.2884324182692435,1.436507918783284,0.6013570822731128,1.0,0,1.0,
456010,아이씨티케이,2025Q2,11900,22200,11310,16370,130400816,0.38846480067854117,0.3281986768337646,0.7359490986214212,0,0.2078253674261051,,0.0,11577.5,,0.41394947095659695,0,0.735949098621421,0.03924611394107379,1.0088464565532451,0.6652412950519242,1.0,0,1.0,
456010,아이씨티케이,2025Q3,16650,17420,10460,16550,33599299,0.010995723885155684,0.010935710440028501,0.9820359281437125,0,0.15470750337057743,,0.0,13627.5,,0.2144560631076866,0,0.9820359281437125,-1.287457663250493,0.3158594545386364,0.4205438066465257,0.0,0,0.0,
456010,아이씨티케이,2025Q4,16600,21300,12830,16530,73420661,-0.0012084592145015227,-0.0012091899901403025,0.6867346938775509,0,0.18427037240668767,,-0.0012084592145015227,15310.0,,0.07968647942521234,0,0.6867346938775509,-0.4664738111176648,0.7274896489655498,0.5124016938898972,0.0,1,1.0,
