stock_code,Name,quarter,Open,High,Low,Close,Volume_sum,ret_1q,logret_1q,cumret_4q,down_gap_q,vol_4q,vol_8q,max_drawdown_4q,ma4,ma8,ma4_ratio,ma_cross_4_8,mom_4q,vol_z_4q,vol_drop_ratio_4q,intraquarter_range,crash_count_4q,down_streak_1q,down_streak_4q_max,vol_mean_decline_q
456070,이엔셀,2024Q3,35100,45800,16740,18850,156374144,,,,0,,,,,,,0,,,,1.5416445623342174,,0,,
456070,이엔셀,2024Q4,18580,26400,12100,17300,89362042,-0.08222811671087538,-0.08580641239028708,,0,,,,,,,0,,,,0.8265895953757225,,1,,
456070,이엔셀,2025Q1,17350,22800,14300,14450,60239622,-0.16473988439306353,-0.18001208694529147,,1,,,,,,,0,,,,0.5882352941176471,,2,,
456070,이엔셀,2025Q2,14580,15470,12010,12020,5373956,-0.16816608996539795,-0.18412248545138077,,1,,,-0.3623342175066313,15655.0,,-0.23219418716065154,0,,-1.1524194674870016,0.06904075893245257,0.2878535773710483,2.0,3,3.0,
456070,이엔셀,2025Q3,12040,13490,10000,10850,3475951,-0.09733777038269553,-0.10240684912059272,-0.4244031830238727,0,0.04471508265285211,,-0.3728323699421965,13655.0,,-0.20541926034419622,0,-0.4244031830238727,-0.8534468194905611,0.08774797190240544,0.3216589861751152,2.0,4,4.0,
456070,이엔셀,2025Q4,10910,20950,10810,18180,20723089,0.6755760368663595,0.516157008762864,0.050867052023121584,0,0.41079179765641616,,0.0,13875.0,,0.3102702702702702,0,0.05086705202312136,-0.06566224129292951,0.9229477755564368,0.5577557755775577,2.0,0,4.0,
