stock_code,Name,quarter,Open,High,Low,Close,Volume_sum,ret_1q,logret_1q,cumret_4q,down_gap_q,vol_4q,vol_8q,max_drawdown_4q,ma4,ma8,ma4_ratio,ma_cross_4_8,mom_4q,vol_z_4q,vol_drop_ratio_4q,intraquarter_range,crash_count_4q,down_streak_1q,down_streak_4q_max,vol_mean_decline_q
456440,DB금융스팩11호,2023Q3,5635,6723,1979,2029,72911111,,,,0,,,,,,,0,,,,2.33809758501725,,0,,
456440,DB금융스팩11호,2023Q4,2018,2106,1984,2082,1188894,0.02612124199112853,0.02578590934909908,,0,,,,,,,0,,,,0.05859750240153699,,0,,
456440,DB금융스팩11호,2024Q1,2067,2347,2052,2225,1405419,0.068683957732949,0.06642794542542685,,0,,,,,,,0,,,,0.13258426966292136,,0,,
456440,DB금융스팩11호,2024Q2,2215,2303,2092,2200,761343,-0.011235955056179803,-0.011299555253933669,,0,,,-0.011235955056179803,2134.0,,0.030927835051546282,0,,-0.5099369725941879,0.03993052439209859,0.0959090909090909,0.0,1,1.0,
456440,DB금융스팩11호,2024Q3,2195,2347,2136,2249,976161,0.022272727272727222,0.022028312612908607,0.10842779694430726,0,0.0327693741326684,,0.0,2189.0,,0.027409776153494825,0,0.10842779694430749,-0.3856538849705138,0.9013871084581828,0.0938194753223655,0.0,0,1.0,
456440,DB금융스팩11호,2024Q4,2254,2268,0,2230,170826,-0.008448199199644235,-0.008484087505150839,0.07108549471661862,0,0.03715389515647952,,-0.008448199199644235,2226.0,,0.0017969451931716396,0,0.07108549471661862,-1.2801292080817666,0.20620270273940483,1.0170403587443946,0.0,1,1.0,
456440,DB금융스팩11호,2025Q1,0,2330,0,2220,3297263,-0.004484304932735439,-0.004494389587839542,-0.0022471910112360494,0,0.015415400057109865,,-0.012894619831036014,2224.75,,-0.0021350713563321744,0,-0.0022471910112359383,1.453174335107772,2.533631038769262,1.0495495495495495,0.0,2,2.0,
456440,DB금융스팩11호,2025Q2,2220,2350,0,2170,2327007,-0.022522522522522515,-0.02278002833181958,-0.013636363636363669,0,0.018720543146849164,,-0.035126722987994685,2217.25,2175.625,-0.02131018153117603,0,-0.013636363636363669,0.4558530045718213,1.374638121105136,1.0829493087557605,0.0,3,3.0,-0.8369118947242772
