stock_code,Name,quarter,Open,High,Low,Close,Volume_sum,ret_1q,logret_1q,cumret_4q,down_gap_q,vol_4q,vol_8q,max_drawdown_4q,ma4,ma8,ma4_ratio,ma_cross_4_8,mom_4q,vol_z_4q,vol_drop_ratio_4q,intraquarter_range,crash_count_4q,down_streak_1q,down_streak_4q_max,vol_mean_decline_q
457370,한켐,2024Q4,32500,33300,8420,8980,57640526,,,,0,,,,,,,0,,,,2.7706013363028954,,0,,
457370,한켐,2025Q1,8960,11100,8490,9090,5825528,0.012249443207126953,0.012175025875277967,,0,,,,,,,0,,,,0.2871287128712871,,0,,
457370,한켐,2025Q2,9190,9650,7780,8410,3914366,-0.07480748074807486,-0.07775343420452963,,0,,,,,,,0,,,,0.22235434007134364,,1,,
457370,한켐,2025Q3,8560,11000,8110,9870,11135757,0.17360285374554096,0.16007837946053272,,0,,,0.0,9087.5,,0.08610729023383779,0,,-0.3327506809231404,0.567310199017968,0.292806484295846,0.0,0,1.0,
457370,한켐,2025Q4,9800,10240,7070,7570,8163842,-0.23302938196555223,-0.26530678599603164,-0.15701559020044564,1,0.16977121188198024,,-0.23302938196555223,8735.0,,-0.1333714939896966,0,-0.15701559020044542,0.29029975367873834,1.1245157758091713,0.4187582562747688,1.0,1,1.0,
