stock_code,Name,quarter,Open,High,Low,Close,Volume_sum,ret_1q,logret_1q,cumret_4q,down_gap_q,vol_4q,vol_8q,max_drawdown_4q,ma4,ma8,ma4_ratio,ma_cross_4_8,mom_4q,vol_z_4q,vol_drop_ratio_4q,intraquarter_range,crash_count_4q,down_streak_1q,down_streak_4q_max,vol_mean_decline_q
457390,대신밸런스제15호스팩,2023Q3,2621,3006,1984,2004,68505903,,,,0,,,,,,,0,,,,0.5099800399201597,,0,,
457390,대신밸런스제15호스팩,2023Q4,2003,2067,1989,2063,1222618,0.029441117764471114,0.02901605086649628,,0,,,,,,,0,,,,0.03780901599612215,,0,,
457390,대신밸런스제15호스팩,2024Q1,2063,2206,2048,2172,1030637,0.05283567619970908,0.051487167982574356,,0,,,,,,,0,,,,0.072744014732965,,0,,
457390,대신밸런스제15호스팩,2024Q2,2172,2280,2117,2216,809643,0.0202578268876612,0.02005536681334874,,0,,,0.0,2113.75,,0.04837374334713185,0,,-0.5062564899413209,0.045251170269011494,0.07355595667870037,0.0,0,0.0,
457390,대신밸런스제15호스팩,2024Q3,2215,2447,2191,2310,2048599,0.04241877256317683,0.041543755648664416,0.15269461077844326,0,0.01432071163323331,,0.0,2190.25,,0.05467412395845228,0,0.15269461077844304,1.4251220064263364,1.6031303549625482,0.11082251082251082,0.0,0,0.0,
457390,대신밸런스제15호스팩,2024Q4,2330,2369,0,2170,1712688,-0.06060606060606055,-0.06252035698133351,0.05186621425109039,0,0.05138340187588177,,-0.06060606060606055,2217.0,,-0.021199819576003587,0,0.051866214251090614,0.5399946152705727,1.2230063480451094,1.0917050691244239,0.0,1,1.0,
457390,대신밸런스제15호스팩,2025Q1,2175,2885,2145,2715,9354963,0.25115207373271886,0.22406478583353007,0.25,0,0.1328279183232505,,0.0,2352.75,,0.15396875996174697,0,0.25,1.4867880962403044,2.6870701936313885,0.27255985267034993,0.0,0,1.0,
457390,대신밸런스제15호스팩,2025Q2,2725,3435,0,3435,2896914,0.26519337016574585,0.23522497228841388,0.5500902527075813,0,0.16003848235836388,,0.0,2657.5,2385.625,0.29256820319849486,0,0.5500902527075813,-0.30712105679477836,0.7236331308416001,1.0,0.0,0,1.0,-0.6343273640868871
