stock_code,Name,quarter,Open,High,Low,Close,Volume_sum,ret_1q,logret_1q,cumret_4q,down_gap_q,vol_4q,vol_8q,max_drawdown_4q,ma4,ma8,ma4_ratio,ma_cross_4_8,mom_4q,vol_z_4q,vol_drop_ratio_4q,intraquarter_range,crash_count_4q,down_streak_1q,down_streak_4q_max,vol_mean_decline_q
457550,우진엔텍,2024Q1,21200,38250,14760,25900,83731235,,,,0,,,,,,,0,,,,0.906949806949807,,0,,
457550,우진엔텍,2024Q2,25950,51300,24050,36750,67279445,0.41891891891891886,0.3498952569533529,,0,,,,,,,0,,,,0.7414965986394558,,0,,
457550,우진엔텍,2024Q3,36750,42700,14510,16750,28397465,-0.5442176870748299,-0.7857399673877694,,1,,,,,,,0,,,,1.6829850746268658,,1,,
457550,우진엔텍,2024Q4,16500,25500,13150,14090,53582096,-0.15880597014925368,-0.1729329323604869,,1,,,-0.6165986394557823,23372.5,,-0.3971547759118622,0,,-0.19931164540333537,0.9199028383339026,0.8765081618168914,2.0,2,2.0,
457550,우진엔텍,2025Q1,14010,24100,14000,15560,24102344,0.10432931156848824,0.09923819283965685,-0.39922779922779916,0,0.40812175141987755,,-0.5765986394557823,20787.5,,-0.2514732411304871,0,-0.3992277992277993,-0.9345130961491754,0.5561180505343319,0.6491002570694088,2.0,0,2.0,
457550,우진엔텍,2025Q2,15560,42000,13420,32400,32209795,1.082262210796915,0.7334549040480383,-0.11836734693877549,0,0.6940482344434404,,0.0,19700.0,,0.6446700507614214,0,-0.11836734693877549,-0.18041397296362122,0.9316479586265842,0.8820987654320988,2.0,0,2.0,
457550,우진엔텍,2025Q3,31800,32100,22100,22150,9230959,-0.316358024691358,-0.38032092630713876,0.32238805970149254,1,0.627414151466965,,-0.316358024691358,21050.0,,0.052256532066508266,0,0.32238805970149254,-1.11072502627404,0.30995824443316333,0.45146726862302483,2.0,1,2.0,
457550,우진엔텍,2025Q4,22100,26700,19850,20200,8080066,-0.08803611738148986,-0.09215489208398608,0.4336408800567777,0,0.6156434765044544,,-0.3765432098765432,22577.5,22975.0,-0.10530395305060347,1,0.4336408800567779,-0.8791971331019133,0.438995857336422,0.33910891089108913,1.0,2,2.0,-0.5197655236241221
