stock_code,Name,quarter,Open,High,Low,Close,Volume_sum,ret_1q,logret_1q,cumret_4q,down_gap_q,vol_4q,vol_8q,max_drawdown_4q,ma4,ma8,ma4_ratio,ma_cross_4_8,mom_4q,vol_z_4q,vol_drop_ratio_4q,intraquarter_range,crash_count_4q,down_streak_1q,down_streak_4q_max,vol_mean_decline_q
457600,벡트,2024Q4,9960,10640,4005,4085,112753256,,,,0,,,,,,,0,,,,1.624235006119951,,0,,
457600,벡트,2025Q1,4145,4810,3020,3060,22651489,-0.25091799265605874,-0.2889068123476779,,1,,,,,,,0,,,,0.5849673202614379,,1,,
457600,벡트,2025Q2,3050,6280,2750,3230,91877668,0.05555555555555558,0.05406722127027663,,0,,,,,,,0,,,,1.0928792569659442,,0,,
457600,벡트,2025Q3,3215,3520,2850,2930,3401365,-0.09287925696594423,-0.09747971420558965,,0,,,-0.2827417380660955,3326.25,,-0.11912814731304022,0,,-1.027084688836735,0.05897883291992903,0.22866894197952217,1.0,1,1.0,
457600,벡트,2025Q4,2940,3390,2125,2505,12942688,-0.1450511945392492,-0.15671368849214762,-0.3867809057527539,1,0.12751076081959284,,-0.22445820433436536,2931.25,,-0.14541577825159913,0,-0.3867809057527539,-0.4917477107997852,0.3955794467026521,0.5049900199600799,2.0,2,2.0,
