stock_code,Name,quarter,Open,High,Low,Close,Volume_sum,ret_1q,logret_1q,cumret_4q,down_gap_q,vol_4q,vol_8q,max_drawdown_4q,ma4,ma8,ma4_ratio,ma_cross_4_8,mom_4q,vol_z_4q,vol_drop_ratio_4q,intraquarter_range,crash_count_4q,down_streak_1q,down_streak_4q_max,vol_mean_decline_q
458320,KB제26호스팩,2023Q3,2703,3780,1687,1694,74767632,,,,0,,,,,,,0,,,,1.2355371900826446,,0,,
458320,KB제26호스팩,2023Q4,1689,1702,1679,1698,982803,0.0023612750885477762,0.002358491659292916,,0,,,,,,,0,,,,0.013545347467608953,,0,,
458320,KB제26호스팩,2024Q1,1698,2163,1689,2163,3055850,0.273851590106007,0.2420450590817662,,0,,,,,,,0,,,,0.21914008321775313,,0,,
458320,KB제26호스팩,2024Q2,2166,2166,0,2100,1248411,-0.029126213592232997,-0.029558802241544058,,0,,,-0.029126213592232997,1913.75,,0.09732201175702149,0,,-0.5139160597378778,0.062377902228246546,1.0314285714285714,0.0,1,1.0,
458320,KB제26호스팩,2024Q3,0,2175,0,2145,1218438,0.021428571428571352,0.0212022076506031,0.26623376623376593,0,0.13938278560076858,,-0.00832177531206657,2026.5,,0.05847520355292368,0,0.26623376623376616,-0.4247772102707762,0.7491738531476895,1.013986013986014,0.0,0,1.0,
458320,KB제26호스팩,2024Q4,2085,2355,0,2135,2211610,-0.004662004662004615,-0.00467290569939216,0.2573616018845699,0,0.14051030636293144,,-0.012944983818770184,2135.75,,-0.000351164696242523,0,0.25736160188457013,0.3163226490729937,1.143791901771703,1.1030444964871193,0.0,1,1.0,
458320,KB제26호스팩,2025Q1,2160,3500,0,3020,4358392,0.41451990632318503,0.3467901847061903,0.396208969024503,0,0.2103352787318083,,0.0,2350.0,,0.2851063829787235,0,0.396208969024503,1.4246052777478921,1.9291640417663187,1.1589403973509933,0.0,0,1.0,
