stock_code,Name,quarter,Open,High,Low,Close,Volume_sum,ret_1q,logret_1q,cumret_4q,down_gap_q,vol_4q,vol_8q,max_drawdown_4q,ma4,ma8,ma4_ratio,ma_cross_4_8,mom_4q,vol_z_4q,vol_drop_ratio_4q,intraquarter_range,crash_count_4q,down_streak_1q,down_streak_4q_max,vol_mean_decline_q
458650,성우,2024Q4,32000,36650,16450,17010,44957499,,,,0,,,,,,,0,,,,1.1875367430922987,,0,,
458650,성우,2025Q1,16930,24050,14910,15730,27805462,-0.07524985302763076,-0.07823168933758495,,0,,,,,,,0,,,,0.5810553083280356,,1,,
458650,성우,2025Q2,15770,18130,11410,12660,5012412,-0.1951684678957406,-0.21712230035415558,,1,,,,,,,0,,,,0.5308056872037915,,2,,
458650,성우,2025Q3,12660,15350,11120,11140,7555687,-0.1200631911532386,-0.1279051822168924,,1,,,-0.34509112286890065,14135.0,,-0.21188539087371772,0,,-0.7342561800131898,0.3541822637618705,0.37971274685816875,2.0,3,3.0,
458650,성우,2025Q4,11130,13170,9500,9610,2472335,-0.13734290843806107,-0.1477380115169371,-0.43503821281599064,1,0.049604639859134915,,-0.38906547997457086,12285.0,,-0.2177452177452177,0,-0.43503821281599064,-0.711287890008434,0.2308118378479003,0.38189386056191466,3.0,4,4.0,
