stock_code,Name,quarter,Open,High,Low,Close,Volume_sum,ret_1q,logret_1q,cumret_4q,down_gap_q,vol_4q,vol_8q,max_drawdown_4q,ma4,ma8,ma4_ratio,ma_cross_4_8,mom_4q,vol_z_4q,vol_drop_ratio_4q,intraquarter_range,crash_count_4q,down_streak_1q,down_streak_4q_max,vol_mean_decline_q
458870,씨어스테크놀로지,2024Q2,34450,36000,13980,14050,35328036,,,,0,,,,,,,0,,,,1.5672597864768683,,0,,
458870,씨어스테크놀로지,2024Q3,14000,16150,8820,13370,20453843,-0.04839857651245549,-0.049609004665903456,,0,,,,,,,0,,,,0.5482423335826477,,1,,
458870,씨어스테크놀로지,2024Q4,13500,15560,8540,10510,5520194,-0.2139117427075542,-0.24068620622499104,,1,,,,,,,0,,,,0.6679352997145576,,2,,
458870,씨어스테크놀로지,2025Q1,10510,15800,10510,12800,7712355,0.21788772597526163,0.1971179860367105,,0,,,-0.08896797153024916,12682.5,,0.009264734870884972,0,,-0.694860892966542,0.44699957521925704,0.41328125,1.0,0,2.0,
458870,씨어스테크놀로지,2025Q2,13150,25450,11220,24800,4556092,0.9375,0.6613984822453656,0.7651245551601424,0,0.5082929448632006,,0.0,15370.0,,0.6135328562134028,0,0.7651245551601424,-0.6780052512736304,0.4765477054262479,0.5737903225806451,1.0,0,2.0,
458870,씨어스테크놀로지,2025Q3,24800,67400,24400,62600,12873366,1.524193548387097,0.9259216249351159,3.6821241585639495,0,0.7692905731713684,,0.0,27677.5,,1.2617649715472856,0,3.6821241585639495,1.4019976491661652,1.6793898716414748,0.6869009584664537,1.0,0,2.0,
458870,씨어스테크놀로지,2025Q4,63200,139600,61400,130100,11748777,1.0782747603833864,0.7315381074124065,11.378686964795433,0,0.5421725581665602,,0.0,57575.0,,1.2596613113330437,0,11.378686964795433,0.6613690131566127,1.273905025644751,0.601076095311299,0.0,0,0.0,
