stock_code,Name,quarter,Open,High,Low,Close,Volume_sum,ret_1q,logret_1q,cumret_4q,down_gap_q,vol_4q,vol_8q,max_drawdown_4q,ma4,ma8,ma4_ratio,ma_cross_4_8,mom_4q,vol_z_4q,vol_drop_ratio_4q,intraquarter_range,crash_count_4q,down_streak_1q,down_streak_4q_max,vol_mean_decline_q
459100,위츠,2024Q4,6780,23850,6500,9730,284750267,,,,0,,,,,,,0,,,,1.7831449126413155,,0,,
459100,위츠,2025Q1,9730,10570,6740,6740,31778070,-0.3072970195272353,-0.367153971273698,,1,,,,,,,0,,,,0.5682492581602374,,1,,
459100,위츠,2025Q2,6730,7730,5700,6700,7146074,-0.005934718100890191,-0.005952398527295344,,0,,,,,,,0,,,,0.3029850746268657,,2,,
459100,위츠,2025Q3,6620,7660,6010,6120,3491653,-0.08656716417910448,-0.09054542987268555,,0,,,-0.37101747173689614,7322.5,,-0.1642198702628883,0,,-0.5762100374203508,0.042689672117093416,0.2696078431372549,1.0,3,3.0,
459100,위츠,2025Q4,6120,9290,5840,6820,9976853,0.1143790849673203,0.10829737533113715,-0.2990750256937307,0,0.17764853890008092,,0.0,6595.0,,0.03411675511751322,0,-0.2990750256937307,-0.24513391533468848,0.7616986733826214,0.5058651026392962,1.0,0,3.0,
