stock_code,Name,quarter,Open,High,Low,Close,Volume_sum,ret_1q,logret_1q,cumret_4q,down_gap_q,vol_4q,vol_8q,max_drawdown_4q,ma4,ma8,ma4_ratio,ma_cross_4_8,mom_4q,vol_z_4q,vol_drop_ratio_4q,intraquarter_range,crash_count_4q,down_streak_1q,down_streak_4q_max,vol_mean_decline_q
460470,아이빔테크놀로지,2024Q3,10000,20150,6100,6280,179051505,,,,0,,,,,,,0,,,,2.2372611464968153,,0,,
460470,아이빔테크놀로지,2024Q4,6100,6170,3680,4780,46943185,-0.23885350318471332,-0.2729294339767421,,1,,,,,,,0,,,,0.5209205020920502,,1,,
460470,아이빔테크놀로지,2025Q1,4780,6070,3970,3995,28383313,-0.16422594142259417,-0.17939696728512722,,1,,,,,,,0,,,,0.5256570713391739,,2,,
460470,아이빔테크놀로지,2025Q2,4005,4890,3060,3330,21474133,-0.16645807259073842,-0.1820712752258853,,1,,,-0.46974522292993626,4596.25,,-0.2754963285286919,0,,-0.640218877742457,0.3113861405807639,0.5495495495495496,3.0,3,3.0,
460470,아이빔테크놀로지,2025Q3,3310,3995,2890,3250,14555592,-0.024024024024024038,-0.02431730765070661,-0.48248407643312097,0,0.08986614801321251,,-0.32008368200836823,3838.75,,-0.15337023770758706,0,-0.48248407643312097,-0.9535114946733125,0.5228479058597381,0.34,3.0,4,4.0,
460470,아이빔테크놀로지,2025Q4,3260,3905,2680,3290,8610855,0.012307692307692353,0.012232568435635471,-0.3117154811715481,0,0.09326947267293156,,-0.17647058823529416,3466.25,,-0.05084745762711862,0,-0.3117154811715481,-1.1272280419354088,0.47167329191830404,0.3723404255319149,2.0,0,4.0,
