stock_code,Name,quarter,Open,High,Low,Close,Volume_sum,ret_1q,logret_1q,cumret_4q,down_gap_q,vol_4q,vol_8q,max_drawdown_4q,ma4,ma8,ma4_ratio,ma_cross_4_8,mom_4q,vol_z_4q,vol_drop_ratio_4q,intraquarter_range,crash_count_4q,down_streak_1q,down_streak_4q_max,vol_mean_decline_q
460870,에스엠씨지,2025Q1,3900,5020,2810,3920,132465388,,,,0,,,,,,,0,,,,0.5637755102040817,,0,,
460870,에스엠씨지,2025Q2,3955,8420,3275,8160,122121304,1.0816326530612246,0.7331525151736447,,0,,,,,,,0,,,,0.6305147058823529,,0,,
460870,에스엠씨지,2025Q3,8260,9570,5530,5620,20792133,-0.3112745098039216,-0.3729125050704152,,1,,,,,,,0,,,,0.7188612099644128,,1,,
460870,에스엠씨지,2025Q4,5620,5750,3710,3775,10438379,-0.3282918149466192,-0.3979312812046132,,1,,,-0.5373774509803921,5368.75,,-0.2968568102444703,0,,-0.9422780856082431,0.14608468425154703,0.5403973509933775,2.0,2,2.0,
