stock_code,Name,quarter,Open,High,Low,Close,Volume_sum,ret_1q,logret_1q,cumret_4q,down_gap_q,vol_4q,vol_8q,max_drawdown_4q,ma4,ma8,ma4_ratio,ma_cross_4_8,mom_4q,vol_z_4q,vol_drop_ratio_4q,intraquarter_range,crash_count_4q,down_streak_1q,down_streak_4q_max,vol_mean_decline_q
460940,피앤에스로보틱스,2024Q3,15000,16375,6225,7010,120464918,,,,0,,,,,,,0,,,,1.44793152639087,,0,,
460940,피앤에스로보틱스,2024Q4,6995,7165,3605,5350,13706162,-0.2368045649072753,-0.270241140138582,,1,,,,,,,0,,,,0.6654205607476635,,1,,
460940,피앤에스로보틱스,2025Q1,5750,10100,5500,5665,56301120,0.058878504672897236,0.057210333572053074,,0,,,,,,,0,,,,0.8120035304501324,,0,,
460940,피앤에스로보틱스,2025Q2,5745,8910,4875,7730,19944662,0.3645189761694616,0.3108019681193621,,0,,,0.0,6438.75,,0.2005435837701417,0,,-0.6667322510800455,0.37914569793365704,0.5219922380336351,1.0,0,1.0,
460940,피앤에스로보틱스,2025Q3,7775,8500,6055,7250,14877202,-0.0620957309184994,-0.06410739373274765,0.0342368045649073,0,0.25324438578187153,,-0.0620957309184994,6498.75,,0.11559915368340068,0,0.0342368045649073,-0.5596648862978698,0.5676742611258132,0.3372413793103448,1.0,1,1.0,
460940,피앤에스로보틱스,2025Q4,7295,14800,7135,12340,105314992,0.7020689655172414,0.5318445496106587,1.3065420560747665,0,0.3417641266655857,,0.0,8246.25,,0.4964377747460966,0,1.3065420560747665,1.3457213726866901,2.1444935270560923,0.6211507293354943,0.0,0,1.0,
