stock_code,Name,quarter,Open,High,Low,Close,Volume_sum,ret_1q,logret_1q,cumret_4q,down_gap_q,vol_4q,vol_8q,max_drawdown_4q,ma4,ma8,ma4_ratio,ma_cross_4_8,mom_4q,vol_z_4q,vol_drop_ratio_4q,intraquarter_range,crash_count_4q,down_streak_1q,down_streak_4q_max,vol_mean_decline_q
460930,현대힘스,2024Q1,28950,29200,13890,17890,219251665,,,,0,,,,,,,0,,,,0.8557853549468977,,0,,
460930,현대힘스,2024Q2,17840,19700,14070,15360,38025036,-0.14141978759083285,-0.15247516980110198,,1,,,,,,,0,,,,0.3665364583333333,,1,,
460930,현대힘스,2024Q3,15520,16580,10270,11140,16814949,-0.27473958333333337,-0.32122449322038804,,1,,,,,,,0,,,,0.566427289048474,,2,,
460930,현대힘스,2024Q4,10650,17770,9580,13430,53474920,0.20556552962298036,0.186948776036008,,0,,,-0.24930128563443266,14455.0,,-0.07090971982013139,0,,-0.3062204834582901,0.6529960612281039,0.6098287416232315,2.0,0,2.0,
460930,현대힘스,2025Q1,13300,22350,12880,14000,93508431,0.0424422933730455,0.04156631908011299,-0.21743991056456102,0,0.21013582467909697,,-0.08854166666666663,13482.5,,0.038383089189690356,0,-0.21743991056456125,1.328869334788858,1.8532729238010415,0.6764285714285714,2.0,0,2.0,
460930,현대힘스,2025Q2,14060,22600,12350,18540,35910054,0.3242857142857143,0.2808732305224506,0.20703125000000022,0,0.25985060419295225,,0.0,14277.5,,0.29854666433199095,0,0.20703125,-0.42885997933449976,0.7192499117988825,0.5528586839266451,1.0,0,2.0,
460930,현대힘스,2025Q3,18750,33450,17730,26550,85460886,0.43203883495145634,0.35909918755023895,1.3833034111310596,0,0.16703935280152574,,0.0,18130.0,,0.46442360728075016,0,1.3833034111310591,0.6795272826918434,1.2738516038858496,0.592090395480226,0.0,0,0.0,
460930,현대힘스,2025Q4,26550,27000,17550,17690,42934564,-0.3337099811676083,-0.4060302395162534,0.3172002978406554,1,0.342010237712238,,-0.3337099811676083,19195.0,16825.0,-0.07840583485282626,0,0.3172002978406552,-0.7361766450450931,0.6661325579627804,0.534200113058225,1.0,1,1.0,-0.11915776901384856
