stock_code,Name,quarter,Open,High,Low,Close,Volume_sum,ret_1q,logret_1q,cumret_4q,down_gap_q,vol_4q,vol_8q,max_drawdown_4q,ma4,ma8,ma4_ratio,ma_cross_4_8,mom_4q,vol_z_4q,vol_drop_ratio_4q,intraquarter_range,crash_count_4q,down_streak_1q,down_streak_4q_max,vol_mean_decline_q
461030,아이엠비디엑스,2024Q2,28550,40550,10100,10260,107966189,,,,0,,,,,,,0,,,,2.9678362573099415,,0,,
461030,아이엠비디엑스,2024Q3,10270,23500,8430,17520,133173524,0.7076023391812865,0.5350902457656233,,0,,,,,,,0,,,,0.8601598173515982,,0,,
461030,아이엠비디엑스,2024Q4,17100,19370,8910,10650,14090433,-0.39212328767123283,-0.4977831933528112,,1,,,,,,,0,,,,0.9821596244131455,,1,,
461030,아이엠비디엑스,2025Q1,10850,14430,9070,9260,16878776,-0.1305164319248826,-0.13985584349734737,,1,,,-0.47146118721461183,11922.5,,-0.22331725728664287,0,,-0.8310323478953021,0.24811793565519324,0.5788336933045356,2.0,2,2.0,
461030,아이엠비디엑스,2025Q2,9260,10200,7710,8140,4263075,-0.12095032397408212,-0.12891386864363774,-0.20662768031189083,1,0.4778775538857251,,-0.5353881278538812,11392.5,,-0.2854948430985297,0,-0.20662768031189083,-0.6207555915869574,0.10125719654514528,0.3058968058968059,3.0,3,3.0,
461030,아이엠비디엑스,2025Q3,8060,11690,7180,10220,14230464,0.2555282555282554,0.22755640476110806,-0.41666666666666674,0,0.26650259169763585,,-0.04037558685446008,9567.5,,0.0681996341782074,0,-0.41666666666666663,0.33587786440550893,1.1508025393170633,0.44129158512720157,3.0,0,3.0,
461030,아이엠비디엑스,2025Q4,10230,12990,9210,9890,24459971,-0.03228962818003911,-0.03282243914093641,-0.0713615023474179,0,0.1805561985668978,,-0.03228962818003911,9377.5,,0.05465209277525984,0,-0.0713615023474179,1.1387142846914313,1.6352355983857947,0.3822042467138524,2.0,1,3.0,
