stock_code,Name,quarter,Open,High,Low,Close,Volume_sum,ret_1q,logret_1q,cumret_4q,down_gap_q,vol_4q,vol_8q,max_drawdown_4q,ma4,ma8,ma4_ratio,ma_cross_4_8,mom_4q,vol_z_4q,vol_drop_ratio_4q,intraquarter_range,crash_count_4q,down_streak_1q,down_streak_4q_max,vol_mean_decline_q
461300,아이스크림미디어,2024Q3,29700,31700,16730,16950,32050897,,,,0,,,,,,,0,,,,0.8831858407079646,,0,,
461300,아이스크림미디어,2024Q4,16550,19950,11300,11740,10625381,-0.30737463126843656,-0.36726601942650916,,1,,,,,,,0,,,,0.7367972742759795,,1,,
461300,아이스크림미디어,2025Q1,11720,15790,10670,13420,4072915,0.14310051107325372,0.13374431714358614,,0,,,,,,,0,,,,0.38152011922503726,,0,,
461300,아이스크림미디어,2025Q2,13350,22000,12740,20100,8581741,0.4977645305514158,0.4039736835214942,,0,,,0.0,15552.5,,0.2923967207844398,0,,-0.42176280578097436,0.6203937204457818,0.4606965174129353,1.0,0,1.0,
461300,아이스크림미디어,2025Q3,20150,27550,17180,20750,6290512,0.03233830845771135,0.03182643161167675,0.2241887905604718,0,0.3318205094166364,,0.0,16502.5,,0.2573852446599001,0,0.22418879056047203,-0.3888521801161257,0.8509158216846092,0.49975903614457834,1.0,0,1.0,
461300,아이스크림미디어,2025Q4,20600,20800,16450,17400,2039005,-0.1614457831325301,-0.17607604045622338,0.4821124361158431,1,0.27681753280038224,,-0.1614457831325301,17917.5,,-0.02888237756383427,0,0.4821124361158433,-1.1367255459578711,0.3886748360299927,0.25,1.0,1,1.0,
