stock_code,Name,quarter,Open,High,Low,Close,Volume_sum,ret_1q,logret_1q,cumret_4q,down_gap_q,vol_4q,vol_8q,max_drawdown_4q,ma4,ma8,ma4_ratio,ma_cross_4_8,mom_4q,vol_z_4q,vol_drop_ratio_4q,intraquarter_range,crash_count_4q,down_streak_1q,down_streak_4q_max,vol_mean_decline_q
462020,에이치엠씨제6호스팩,2023Q4,2000,5480,1931,1997,144274833,,,,0,,,,,,,0,,,,1.7771657486229344,,0,,
462020,에이치엠씨제6호스팩,2024Q1,1996,2115,1989,2100,945674,0.0515773660490737,0.05029129029569912,,0,,,,,,,0,,,,0.06,,0,,
462020,에이치엠씨제6호스팩,2024Q2,2090,2130,2055,2080,573863,-0.00952380952380949,-0.009569451016150587,,0,,,,,,,0,,,,0.036057692307692304,,1,,
462020,에이치엠씨제6호스팩,2024Q3,2075,2115,2015,2040,520171,-0.019230769230769273,-0.019418085857101808,,0,,,-0.02857142857142858,2054.25,,-0.006936838262139422,0,,-0.5022230097430059,0.014220623499068353,0.049019607843137254,0.0,2,2.0,
462020,에이치엠씨제6호스팩,2024Q4,2025,2050,1952,1986,430623,-0.026470588235294135,-0.0268272422331437,-0.0055082623935903685,0,0.035674993810836254,,-0.05428571428571427,2051.5,,-0.03192785766512307,0,-0.0055082623935903685,-0.8251840179683295,0.6972717421268648,0.04934541792547835,0.0,3,3.0,
462020,에이치엠씨제6호스팩,2025Q1,1990,2025,1974,2015,362365,0.01460221550855989,0.014496629775664793,-0.04047619047619044,0,0.017906108134475116,,-0.03125,2030.25,,-0.007511390222878944,0,-0.04047619047619044,-1.1654850840765918,0.7681203504781609,0.025310173697270472,0.0,0,3.0,
462020,에이치엠씨제6호스팩,2025Q2,2010,2055,2000,2040,327474,0.012406947890818865,0.012330612457478907,-0.019230769230769384,0,0.021215733553952086,,0.0,2020.25,,0.00977601781957671,0,-0.019230769230769273,-0.9734861901783737,0.7984089068060926,0.02696078431372549,0.0,0,3.0,
462020,에이치엠씨제6호스팩,2025Q3,2040,2075,2025,2070,441983,0.014705882352941124,0.01459879942115272,0.014705882352940902,0,0.020215618547531164,,0.0,2027.75,2041.0,0.02083590186166928,1,0.014705882352941124,0.9366591907997981,1.1315163093740899,0.024154589371980676,0.0,0,3.0,-0.9788683142351846
462020,에이치엠씨제6호스팩,2025Q4,2065,2090,2065,2080,491438,0.004830917874396157,0.004819286435949088,0.04733131923464229,0,0.00465926011746978,0.02448955583485319,0.0,2051.25,2051.375,0.014015843997562394,1,0.04733131923464251,1.148823040063013,1.21099022953809,0.01201923076923077,0.0,0,0.0,-0.2069261438184714
