stock_code,Name,quarter,Open,High,Low,Close,Volume_sum,ret_1q,logret_1q,cumret_4q,down_gap_q,vol_4q,vol_8q,max_drawdown_4q,ma4,ma8,ma4_ratio,ma_cross_4_8,mom_4q,vol_z_4q,vol_drop_ratio_4q,intraquarter_range,crash_count_4q,down_streak_1q,down_streak_4q_max,vol_mean_decline_q
462350,이노스페이스,2024Q3,26458,27754,9461,10535,39685353,,,,0,,,,,,,0,,,,1.7364024679639298,,0,,
462350,이노스페이스,2024Q4,10493,15669,9540,10305,23467903,-0.02183198860939728,-0.02207383291373155,,0,,,,,,,0,,,,0.5947598253275109,,1,,
462350,이노스페이스,2025Q1,10269,13620,10149,10245,10941683,-0.005822416302765698,-0.005839432651558951,,0,,,,,,,0,,,,0.33879941434846267,,2,,
462350,이노스페이스,2025Q2,10293,14012,9932,10058,4154311,-0.018252806246949693,-0.018421443941090132,,0,,,-0.04527764594209782,10285.75,,-0.022142284228179765,0,,-0.9864554085900908,0.21236298111483495,0.40564724597335455,0.0,3,3.0,
462350,이노스페이스,2025Q3,10064,11366,6918,10785,3847439,0.07228077152515411,0.06978794209134698,0.02373042240151868,0,0.044325763594883404,,0.0,10348.25,,0.04220520377841663,0,0.02373042240151868,-0.7358433467566228,0.36286892730754816,0.4124246638850255,0.0,0,3.0,
462350,이노스페이스,2025Q4,10785,18010,8700,12100,50918917,0.1219286045433472,0.11504917276157656,0.1741872877244055,0,0.06638712841423007,,0.0,10797.0,,0.1206816708344911,0,0.17418728772440573,1.484090505036837,2.9153852969446348,0.7694214876033058,0.0,0,3.0,
