stock_code,Name,quarter,Open,High,Low,Close,Volume_sum,ret_1q,logret_1q,cumret_4q,down_gap_q,vol_4q,vol_8q,max_drawdown_4q,ma4,ma8,ma4_ratio,ma_cross_4_8,mom_4q,vol_z_4q,vol_drop_ratio_4q,intraquarter_range,crash_count_4q,down_streak_1q,down_streak_4q_max,vol_mean_decline_q
462510,라메디텍,2024Q2,50000,56000,19040,19200,57984084,,,,0,,,,,,,0,,,,1.925,,0,,
462510,라메디텍,2024Q3,19210,19990,9600,12020,91497761,-0.3739583333333333,-0.46833834992667533,,1,,,,,,,0,,,,0.8643926788685524,,1,,
462510,라메디텍,2024Q4,11850,12900,7350,8160,9634040,-0.32113144758735446,-0.3873277601310452,,1,,,,,,,0,,,,0.6801470588235294,,2,,
462510,라메디텍,2025Q1,8280,9350,7110,7600,4212681,-0.06862745098039214,-0.07109592168372991,,0,,,-0.6041666666666667,11745.0,,-0.3529161345253299,0,,-0.8816503602854531,0.10317070928057986,0.29473684210526313,2.0,3,3.0,
462510,라메디텍,2025Q2,7680,9370,6910,7500,5701146,-0.013157894736842146,-0.013245226750020933,-0.609375,0,0.17978631605676992,,-0.37603993344425957,8820.0,,-0.1496598639455783,0,-0.609375,-0.518425698443128,0.20536228585244257,0.328,2.0,4,4.0,
462510,라메디텍,2025Q3,7500,9100,6490,8550,14163746,0.1399999999999999,0.13102826240640475,-0.288685524126456,0,0.1917697871590915,,0.0,7952.5,,0.07513360578434458,0,-0.2886855241264559,1.2873242520445203,1.6805776691848,0.30526315789473685,1.0,0,4.0,
462510,라메디텍,2025Q4,8680,9300,6400,6590,10244486,-0.22923976608187135,-0.2603779344342545,-0.19240196078431382,1,0.15244816644657605,,-0.22923976608187135,7560.0,,-0.12830687830687826,0,-0.1924019607843137,0.36807876302771353,1.1939244087891114,0.4400606980273141,1.0,1,4.0,
