stock_code,Name,quarter,Open,High,Low,Close,Volume_sum,ret_1q,logret_1q,cumret_4q,down_gap_q,vol_4q,vol_8q,max_drawdown_4q,ma4,ma8,ma4_ratio,ma_cross_4_8,mom_4q,vol_z_4q,vol_drop_ratio_4q,intraquarter_range,crash_count_4q,down_streak_1q,down_streak_4q_max,vol_mean_decline_q
462870,시프트업,2024Q3,79900,89500,54600,56500,60374717,,,,0,,,,,,,0,,,,0.6176991150442478,,0,,
462870,시프트업,2024Q4,55500,68300,47550,63400,16125178,0.12212389380530975,0.11522322329078527,,0,,,,,,,0,,,,0.3272870662460568,,0,,
462870,시프트업,2025Q1,62900,70200,51800,55700,13057521,-0.1214511041009464,-0.12948371450994145,,1,,,,,,,0,,,,0.3303411131059246,,1,,
462870,시프트업,2025Q2,55800,61400,42300,48900,14883198,-0.12208258527827653,-0.13020275045241192,,1,,,-0.22870662460567825,56125.0,,-0.1287305122494432,0,,-0.490736645421833,0.5700157220446828,0.39059304703476483,2.0,2,2.0,
462870,시프트업,2025Q3,49300,49300,39550,41050,8179843,-0.1605316973415133,-0.17498656058238993,-0.2734513274336283,1,0.12970022905176318,,-0.3525236593059937,52262.5,,-0.21454197560392252,0,-0.2734513274336283,-1.398832721121046,0.626259136151579,0.23751522533495736,3.0,3,3.0,
462870,시프트업,2025Q4,40700,40950,34800,35500,3444660,-0.1352009744214373,-0.14525813941706645,-0.4400630914826499,1,0.018277541652163134,,-0.3626570915619389,45287.5,,-0.21611923820038637,0,-0.4400630914826499,-1.2528410499731568,0.3482513000938046,0.1732394366197183,4.0,4,4.0,
