stock_code,Name,quarter,Open,High,Low,Close,Volume_sum,ret_1q,logret_1q,cumret_4q,down_gap_q,vol_4q,vol_8q,max_drawdown_4q,ma4,ma8,ma4_ratio,ma_cross_4_8,mom_4q,vol_z_4q,vol_drop_ratio_4q,intraquarter_range,crash_count_4q,down_streak_1q,down_streak_4q_max,vol_mean_decline_q
462860,더즌,2025Q1,3093,3837,2422,2449,149107037,,,,0,,,,,,,0,,,,0.5777868517762352,,0,,
462860,더즌,2025Q2,2469,5590,2065,4170,680351649,0.7027358105349122,0.5322362578406796,,0,,,,,,,0,,,,0.8453237410071942,,0,,
462860,더즌,2025Q3,4230,6800,4190,4815,525399704,0.15467625899280568,0.1438200094393789,,0,,,,,,,0,,,,0.5420560747663551,,0,,
462860,더즌,2025Q4,4815,4975,3445,3780,43142769,-0.2149532710280374,-0.2420120356185933,,1,,,-0.2149532710280374,3803.5,,-0.006178519784409087,0,,-1.0129424360127637,0.12344129680367454,0.40476190476190477,1.0,1,1.0,
