stock_code,Name,quarter,Open,High,Low,Close,Volume_sum,ret_1q,logret_1q,cumret_4q,down_gap_q,vol_4q,vol_8q,max_drawdown_4q,ma4,ma8,ma4_ratio,ma_cross_4_8,mom_4q,vol_z_4q,vol_drop_ratio_4q,intraquarter_range,crash_count_4q,down_streak_1q,down_streak_4q_max,vol_mean_decline_q
462980,아이지넷,2025Q1,6110,6280,3120,3120,39349930,,,,0,,,,,,,0,,,,1.0128205128205128,,0,,
462980,아이지넷,2025Q2,3140,3955,2815,3085,17861343,-0.011217948717948678,-0.011281344464039833,,0,,,,,,,0,,,,0.3695299837925446,,1,,
462980,아이지넷,2025Q3,3085,3140,2180,2180,6343165,-0.293354943273906,-0.3472267805563538,,1,,,,,,,0,,,,0.44036697247706424,,2,,
462980,아이지넷,2025Q4,2180,2280,1759,2080,12703182,-0.04587155963302747,-0.046956983087770965,,0,,,-0.33333333333333337,2616.25,,-0.20496894409937894,0,,-0.4441986207284726,0.6663298434962959,0.25048076923076923,1.0,3,3.0,
