stock_code,Name,quarter,Open,High,Low,Close,Volume_sum,ret_1q,logret_1q,cumret_4q,down_gap_q,vol_4q,vol_8q,max_drawdown_4q,ma4,ma8,ma4_ratio,ma_cross_4_8,mom_4q,vol_z_4q,vol_drop_ratio_4q,intraquarter_range,crash_count_4q,down_streak_1q,down_streak_4q_max,vol_mean_decline_q
463480,모티브링크,2025Q1,16500,22850,9550,13500,242143504,,,,0,,,,,,,0,,,,0.9851851851851852,,0,,
463480,모티브링크,2025Q2,14600,17000,9640,9770,83149128,-0.27629629629629626,-0.3233732193896923,,1,,,,,,,0,,,,0.7533265097236438,,1,,
463480,모티브링크,2025Q3,9720,11670,8230,8450,17003055,-0.13510747185261007,-0.14515002468560922,,1,,,,,,,0,,,,0.40710059171597635,,2,,
463480,모티브링크,2025Q4,8500,11860,7710,7720,16416792,-0.08639053254437867,-0.09035207733239758,,0,,,-0.42814814814814817,9860.0,,-0.21703853955375252,0,,-0.6888066885317686,0.18306351700688953,0.5375647668393783,2.0,3,3.0,
