stock_code,Name,quarter,Open,High,Low,Close,Volume_sum,ret_1q,logret_1q,cumret_4q,down_gap_q,vol_4q,vol_8q,max_drawdown_4q,ma4,ma8,ma4_ratio,ma_cross_4_8,mom_4q,vol_z_4q,vol_drop_ratio_4q,intraquarter_range,crash_count_4q,down_streak_1q,down_streak_4q_max,vol_mean_decline_q
464080,에스오에스랩,2024Q2,20850,21100,11460,11480,55260716,,,,0,,,,,,,0,,,,0.8397212543554007,,0,,
464080,에스오에스랩,2024Q3,11590,11690,4975,7940,153597486,-0.3083623693379791,-0.36869311563237694,,1,,,,,,,0,,,,0.8457178841309824,,1,,
464080,에스오에스랩,2024Q4,7890,13940,5000,13480,254295290,0.6977329974811084,0.5292938302251162,,0,,,,,,,0,,,,0.6632047477744807,,0,,
464080,에스오에스랩,2025Q1,13230,16600,9950,9970,144143874,-0.26038575667655783,-0.30162652151041414,,1,,,-0.26038575667655783,10717.5,,-0.06974574294378355,0,,-0.09433308853165125,0.9494121467999254,0.6670010030090271,2.0,1,1.0,
464080,에스오에스랩,2025Q2,10050,15530,8360,13440,36223650,0.3480441323971917,0.2986547511212567,0.17073170731707354,0,0.48784047233428973,,-0.0029673590504450953,11207.5,,0.1991969663171984,0,0.1707317073170731,-1.2435177669722774,0.24631034934704926,0.5334821428571429,2.0,0,1.0,
464080,에스오에스랩,2025Q3,13400,13870,9680,10060,18913062,-0.25148809523809523,-0.2896681704234094,0.267002518891688,1,0.47178733932479694,,-0.2537091988130564,11737.5,,-0.14291799787007453,0,0.2670025188916876,-0.8663400071508279,0.16679072235314385,0.4165009940357853,2.0,1,1.0,
464080,에스오에스랩,2025Q4,9980,15420,8930,14200,49324214,0.411530815109344,0.3446747999356212,0.05341246290801194,0,0.3679675601724646,,0.0,11917.5,,0.19152506817705062,0,0.05341246290801194,-0.2287968398341185,0.7936164386206541,0.45704225352112676,2.0,0,1.0,
