stock_code,Name,quarter,Open,High,Low,Close,Volume_sum,ret_1q,logret_1q,cumret_4q,down_gap_q,vol_4q,vol_8q,max_drawdown_4q,ma4,ma8,ma4_ratio,ma_cross_4_8,mom_4q,vol_z_4q,vol_drop_ratio_4q,intraquarter_range,crash_count_4q,down_streak_1q,down_streak_4q_max,vol_mean_decline_q
464280,티디에스팜,2024Q3,27000,60700,19770,20350,98500598,,,,0,,,,,,,0,,,,2.0113022113022114,,0,,
464280,티디에스팜,2024Q4,19870,21200,11970,13240,31322263,-0.3493857493857494,-0.4298383613797423,,1,,,,,,,0,,,,0.697129909365559,,1,,
464280,티디에스팜,2025Q1,13300,15290,11890,11890,3398857,-0.10196374622356497,-0.10754483980617202,,1,,,,,,,0,,,,0.28595458368376786,,2,,
464280,티디에스팜,2025Q2,11900,12960,10550,10720,1782592,-0.09840201850294361,-0.10358655506003345,,0,,,-0.47321867321867317,14050.0,,-0.23701067615658367,0,,-0.7065460611786957,0.0528158545456808,0.2248134328358209,2.0,3,3.0,
464280,티디에스팜,2025Q3,10630,11690,9810,9960,1432703,-0.07089552238805974,-0.07353408404615003,-0.5105651105651107,0,0.13022474646901552,,-0.24773413897280971,11452.5,,-0.13032089063523244,0,-0.5105651105651106,-0.5520731514040562,0.15106361526253864,0.18875502008032127,2.0,4,4.0,
464280,티디에스팜,2025Q4,9960,10800,8330,9850,3088126,-0.011044176706827336,-0.011105616412509178,-0.2560422960725076,0,0.042046077888238234,,-0.17157275021026075,10605.0,,-0.07119283356907125,0,-0.2560422960725075,0.6875970756904957,1.273155026067074,0.25076142131979695,1.0,5,5.0,
