stock_code,Name,quarter,Open,High,Low,Close,Volume_sum,ret_1q,logret_1q,cumret_4q,down_gap_q,vol_4q,vol_8q,max_drawdown_4q,ma4,ma8,ma4_ratio,ma_cross_4_8,mom_4q,vol_z_4q,vol_drop_ratio_4q,intraquarter_range,crash_count_4q,down_streak_1q,down_streak_4q_max,vol_mean_decline_q
464440,한국제13호스팩,2023Q4,2530,2745,1951,2050,25559317,,,,0,,,,,,,0,,,,0.3873170731707317,,0,,
464440,한국제13호스팩,2024Q1,2050,2220,2040,2140,1167291,0.04390243902439028,0.04296603588344361,,0,,,,,,,0,,,,0.08411214953271028,,0,,
464440,한국제13호스팩,2024Q2,2130,2230,2125,2195,604670,0.025700934579439227,0.02537621749337493,,0,,,,,,,0,,,,0.04783599088838269,,0,,
464440,한국제13호스팩,2024Q3,2195,2220,2105,2160,705087,-0.015945330296127547,-0.016073824831061678,,0,,,-0.015945330296127547,2136.25,,0.011117612638970265,0,,-0.5096515423623481,0.10059606514610578,0.05324074074074074,0.0,1,1.0,
464440,한국제13호스팩,2024Q4,2160,2180,2005,2055,297271,-0.04861111111111116,-0.049832373747875636,0.0024390243902439046,0,0.04162886815303003,,-0.0637813211845103,2137.5,,-0.038596491228070184,0,0.0024390243902439046,-1.0998675048628692,0.428603920457597,0.0851581508515815,0.0,2,2.0,
464440,한국제13호스팩,2025Q1,2055,2145,2030,2110,230936,0.02676399026763998,0.026412099539777856,-0.014018691588785104,0,0.03632075486472892,,-0.038724373576309756,2130.0,,-0.009389671361502372,0,-0.014018691588784993,-0.9898359698922043,0.502590910376917,0.054502369668246446,0.0,0,2.0,
464440,한국제13호스팩,2025Q2,2120,2240,2090,2125,289080,0.007109004739336511,0.00708385488840424,-0.03189066059225509,0,0.03239739873503321,,-0.01620370370370372,2112.5,,0.00591715976331364,0,-0.03189066059225509,-0.41914224753447304,0.7595505440844366,0.07058823529411765,0.0,0,2.0,
464440,한국제13호스팩,2025Q3,2150,2150,2015,2105,213062,-0.009411764705882342,-0.009456335242035152,-0.02546296296296302,0,0.03200347052004109,,-0.009411764705882342,2098.75,2117.5,0.0029779630732578166,1,-0.02546296296296291,-1.0634074658940262,0.8271449770902869,0.06413301662707839,0.0,1,2.0,-0.9291045420545301
464440,한국제13호스팩,2025Q4,2105,2150,2090,2105,347189,0.0,0.0,0.024330900243309195,0,0.015338866661179574,0.029159278978487222,-0.009411764705882342,2111.25,2124.375,-0.002960331557134377,1,0.024330900243308973,1.268447637161044,1.2855673643645507,0.028503562945368172,0.0,0,1.0,-0.4394899997042484
