stock_code,Name,quarter,Open,High,Low,Close,Volume_sum,ret_1q,logret_1q,cumret_4q,down_gap_q,vol_4q,vol_8q,max_drawdown_4q,ma4,ma8,ma4_ratio,ma_cross_4_8,mom_4q,vol_z_4q,vol_drop_ratio_4q,intraquarter_range,crash_count_4q,down_streak_1q,down_streak_4q_max,vol_mean_decline_q
464500,아이언디바이스,2024Q3,18000,18370,8880,8880,108619221,,,,0,,,,,,,0,,,,1.0686936936936937,,0,,
464500,아이언디바이스,2024Q4,8480,9770,3320,3720,92846564,-0.5810810810810811,-0.8700778887190239,,1,,,,,,,0,,,,1.7338709677419355,,1,,
464500,아이언디바이스,2025Q1,3720,5980,3280,3420,103423409,-0.08064516129032262,-0.0840831172105414,,0,,,,,,,0,,,,0.7894736842105263,,2,,
464500,아이언디바이스,2025Q2,3420,4315,2650,3450,51417418,0.00877192982456143,0.008733679968754515,,0,,,-0.6114864864864865,4867.5,,-0.2912172573189522,0,,-1.4512358299725336,0.5772266499505768,0.4826086956521739,1.0,0,2.0,
464500,아이언디바이스,2025Q3,3430,4965,2860,3925,70555173,0.1376811594202898,0.1289921201911035,-0.5579954954954955,0,0.31454480743810176,,0.0,3628.75,,0.0816396830864623,0,-0.5579954954954955,-0.3876429010222186,0.8868100120007831,0.5363057324840764,1.0,0,2.0,
464500,아이언디바이스,2025Q4,3910,3995,2780,3260,20289730,-0.16942675159235665,-0.18563915585575508,-0.12365591397849474,1,0.13109525729257676,,-0.16942675159235665,3513.75,,-0.07221629313411593,0,-0.12365591397849462,-1.1809109169531449,0.33033632030643373,0.3726993865030675,1.0,1,2.0,
