stock_code,Name,quarter,Open,High,Low,Close,Volume_sum,ret_1q,logret_1q,cumret_4q,down_gap_q,vol_4q,vol_8q,max_drawdown_4q,ma4,ma8,ma4_ratio,ma_cross_4_8,mom_4q,vol_z_4q,vol_drop_ratio_4q,intraquarter_range,crash_count_4q,down_streak_1q,down_streak_4q_max,vol_mean_decline_q
464580,닷밀,2024Q4,4760,5975,2550,2755,124544688,,,,0,,,,,,,0,,,,1.2431941923774954,,0,,
464580,닷밀,2025Q1,2745,3525,2465,2665,37183346,-0.03266787658802173,-0.033213384987069716,,0,,,,,,,0,,,,0.3977485928705441,,1,,
464580,닷밀,2025Q2,2665,4190,2317,3045,22166096,0.14258911819887432,0.13329684354405202,,0,,,,,,,0,,,,0.6151067323481116,,0,,
464580,닷밀,2025Q3,3045,3245,2560,2670,35914636,-0.12315270935960587,-0.13142242874970123,,1,,,-0.12315270935960587,2783.75,,-0.040862146385271636,0,,-0.4059988187119254,0.6535614871701705,0.2565543071161049,1.0,1,1.0,
464580,닷밀,2025Q4,2685,3110,2150,2480,53417581,-0.07116104868913853,-0.07381991223526807,-0.09981851179673296,0,0.11525161930167159,,-0.18555008210180624,2715.0,,-0.0865561694290976,0,-0.09981851179673318,1.2703995734469242,1.4370994071299674,0.3870967741935484,1.0,2,2.0,
