stock_code,Name,quarter,Open,High,Low,Close,Volume_sum,ret_1q,logret_1q,cumret_4q,down_gap_q,vol_4q,vol_8q,max_drawdown_4q,ma4,ma8,ma4_ratio,ma_cross_4_8,mom_4q,vol_z_4q,vol_drop_ratio_4q,intraquarter_range,crash_count_4q,down_streak_1q,down_streak_4q_max,vol_mean_decline_q
464680,KB제27호스팩,2023Q4,2005,2145,1811,1861,23292801,,,,0,,,,,,,0,,,,0.17947340139709833,,0,,
464680,KB제27호스팩,2024Q1,1862,2005,1855,1996,4053666,0.07254164427727039,0.07003120022915876,,0,,,,,,,0,,,,0.07515030060120241,,0,,
464680,KB제27호스팩,2024Q2,1996,2015,1990,2005,1727312,0.0045090180360720655,0.004498882869260257,,0,,,,,,,0,,,,0.012468827930174564,,0,,
464680,KB제27호스팩,2024Q3,2005,2020,1982,1991,1857882,-0.006982543640897787,-0.007007035676473983,,0,,,-0.006982543640897787,1963.25,,0.014134725582579888,0,,-0.5633896589918338,0.24025635092793757,0.019085886489201405,0.0,1,1.0,
464680,KB제27호스팩,2024Q4,1991,2000,1929,1949,1355488,-0.021094927172275235,-0.021320604556635203,0.0472864051585169,0,0.04154026117223398,,-0.027930174563591037,1985.25,,-0.018259665029593197,0,0.0472864051585169,-0.73081255922114,0.602817680614537,0.03642893791688045,0.0,2,2.0,
464680,KB제27호스팩,2025Q1,1949,2010,1939,1992,1357745,0.022062596203181073,0.02182273863698292,-0.002004008016032177,0,0.01825992298240035,,-0.006483790523690747,1984.25,,0.003905757843013724,0,-0.002004008016032066,-0.8428448070360873,0.862275612625184,0.0356425702811245,0.0,0,2.0,
464680,KB제27호스팩,2025Q2,1994,2080,1984,2025,1474799,0.016566265060240948,0.016430541396095677,0.009975062344139474,0,0.020224722472451197,,0.0,1989.25,,0.017971597335679323,0,0.009975062344139696,-0.15439938161604533,0.9757327014575463,0.047407407407407405,0.0,0,2.0,
464680,KB제27호스팩,2025Q3,2025,2060,2015,2055,1813593,0.014814814814814836,0.014706147389695445,0.032144650929181395,0,0.019698253651245293,,0.0,2005.25,1984.25,0.024809874080538696,0,0.032144650929181395,1.4492802532685032,1.2087346343698582,0.021897810218978103,0.0,0,2.0,-0.6750018398038019
464680,KB제27호스팩,2025Q4,2055,2075,2055,2065,1400284,0.0048661800486617945,0.0048543784647980814,0.05951770138532564,0,0.0071728168606465595,0.02762510365388533,0.0,2034.25,2009.75,0.015116136168120908,0,0.05951770138532586,-0.5376380819963895,0.9263556077223204,0.009685230024213076,0.0,0,0.0,-0.1959957632485414
