stock_code,Name,quarter,Open,High,Low,Close,Volume_sum,ret_1q,logret_1q,cumret_4q,down_gap_q,vol_4q,vol_8q,max_drawdown_4q,ma4,ma8,ma4_ratio,ma_cross_4_8,mom_4q,vol_z_4q,vol_drop_ratio_4q,intraquarter_range,crash_count_4q,down_streak_1q,down_streak_4q_max,vol_mean_decline_q
465320,교보15호스팩,2023Q4,4900,5190,1970,2050,82705559,,,,0,,,,,,,0,,,,1.5707317073170732,,0,,
465320,교보15호스팩,2024Q1,2045,2300,2035,2165,1128718,0.056097560975609806,0.05458056830413671,,0,,,,,,,0,,,,0.12240184757505773,,0,,
465320,교보15호스팩,2024Q2,2165,2225,2145,2175,617636,0.004618937644341736,0.004608303086194532,,0,,,,,,,0,,,,0.0367816091954023,,0,,
465320,교보15호스팩,2024Q3,2170,2235,2090,2115,599496,-0.02758620689655178,-0.027973852042406655,,0,,,-0.02758620689655178,2126.25,,-0.005291005291005346,0,,-0.5044452009317377,0.028194524090717887,0.06855791962174941,0.0,1,1.0,
465320,교보15호스팩,2024Q4,2115,2185,2015,2085,476753,-0.014184397163120588,-0.014285957247476055,0.017073170731707332,0,0.03670027309627172,,-0.04137931034482756,2135.0,,-0.023419203747072626,0,0.017073170731707332,-0.792298596812377,0.675621757647108,0.0815347721822542,0.0,2,2.0,
465320,교보15호스팩,2025Q1,2085,2130,2050,2095,256296,0.004796163069544335,0.004784698123335929,-0.03233256351039282,0,0.015756628761494692,,-0.0367816091954023,2117.5,,-0.010625737898465215,0,-0.0323325635103926,-1.3898664500281717,0.5256865901165071,0.03818615751789976,0.0,0,2.0,
465320,교보15호스팩,2025Q2,2105,2180,2070,2175,288773,0.038186157517899666,0.03747511116654678,-2.220446049250313e-16,0,0.028536612014253383,,0.0,2117.5,,0.027154663518299982,0,0.0,-0.7200960297856381,0.712440125872901,0.05057471264367816,0.0,0,2.0,
465320,교보15호스팩,2025Q3,2170,2440,0,2335,1425165,0.0735632183908046,0.07098322658021328,0.10401891252955053,0,0.03861985323052412,,0.0,2172.5,2149.375,0.07479861910241659,0,0.10401891252955076,1.476479589260612,2.3296650125235647,1.044967880085653,0.0,0,2.0,-0.9440678432550924
465320,교보15호스팩,2025Q4,0,0,0,2335,0,0.0,0.0,0.11990407673860903,0,0.03414194508348981,0.03531179224744929,0.0,2235.0,2185.0,0.044742729306487705,0,0.11990407673860903,-0.7756691287051363,0.0,0.0,0.0,0,0.0,-0.17784226753382182
