stock_code,Name,quarter,Open,High,Low,Close,Volume_sum,ret_1q,logret_1q,cumret_4q,down_gap_q,vol_4q,vol_8q,max_drawdown_4q,ma4,ma8,ma4_ratio,ma_cross_4_8,mom_4q,vol_z_4q,vol_drop_ratio_4q,intraquarter_range,crash_count_4q,down_streak_1q,down_streak_4q_max,vol_mean_decline_q
465480,인스피언,2024Q4,20000,21200,6470,7600,101943883,,,,0,,,,,,,0,,,,1.938157894736842,,0,,
465480,인스피언,2025Q1,7510,10310,5910,5950,23522721,-0.2171052631578947,-0.24475702773474772,,1,,,,,,,0,,,,0.7394957983193278,,1,,
465480,인스피언,2025Q2,5950,11100,5440,6760,53152627,0.13613445378151257,0.12763167049733504,,0,,,,,,,0,,,,0.8372781065088757,,0,,
465480,인스피언,2025Q3,6720,7860,5970,6400,12806566,-0.053254437869822535,-0.054724899689247763,,0,,,-0.1578947368421053,6677.5,,-0.04155746911269187,0,,-0.8786184661838652,0.2676037650244183,0.2953125,1.0,1,1.0,
465480,인스피언,2025Q4,6410,6480,5220,5290,1771144,-0.17343750000000002,-0.19047974449541805,-0.30394736842105274,1,0.1580293167374963,,-0.2174556213017751,6100.0,,-0.13278688524590165,0,-0.30394736842105263,-0.9525694216515059,0.07763658725825934,0.2381852551984877,2.0,2,2.0,
