stock_code,Name,quarter,Open,High,Low,Close,Volume_sum,ret_1q,logret_1q,cumret_4q,down_gap_q,vol_4q,vol_8q,max_drawdown_4q,ma4,ma8,ma4_ratio,ma_cross_4_8,mom_4q,vol_z_4q,vol_drop_ratio_4q,intraquarter_range,crash_count_4q,down_streak_1q,down_streak_4q_max,vol_mean_decline_q
466100,클로봇,2024Q4,12500,12700,5660,8910,242653839,,,,0,,,,,,,0,,,,0.7901234567901234,,0,,
466100,클로봇,2025Q1,9800,24250,9780,19560,510508588,1.1952861952861955,0.7863124231239524,,0,,,,,,,0,,,,0.7397750511247444,,0,,
466100,클로봇,2025Q2,20800,23650,16250,20550,70170264,0.05061349693251538,0.04937427633557334,,0,,,,,,,0,,,,0.36009732360097324,,0,,
466100,클로봇,2025Q3,21150,34000,15940,28700,193074071,0.3965936739659368,0.33403618182333084,,0,,,0.0,19430.0,,0.4770972722593927,0,,-0.32867172591812066,0.7598299350944302,0.6292682926829268,0.0,0,0.0,
466100,클로봇,2025Q4,28700,72300,27300,63000,265943756,1.1951219512195124,0.786237603625958,6.070707070707073,0,0.5784630967308525,,0.0,32952.5,,0.9118428040361126,0,6.070707070707071,0.032439050931767334,1.0231590092440797,0.7142857142857143,0.0,0,0.0,
