stock_code,Name,quarter,Open,High,Low,Close,Volume_sum,ret_1q,logret_1q,cumret_4q,down_gap_q,vol_4q,vol_8q,max_drawdown_4q,ma4,ma8,ma4_ratio,ma_cross_4_8,mom_4q,vol_z_4q,vol_drop_ratio_4q,intraquarter_range,crash_count_4q,down_streak_1q,down_streak_4q_max,vol_mean_decline_q
466410,사이냅소프트,2024Q4,21000,24400,15640,16490,22033700,,,,0,,,,,,,0,,,,0.5312310491206792,,0,,
466410,사이냅소프트,2025Q1,16710,20900,12350,12500,6980267,-0.24196482716798062,-0.27702549226325246,,1,,,,,,,0,,,,0.684,,1,,
466410,사이냅소프트,2025Q2,12540,19800,11500,14830,11302883,0.1863999999999999,0.17092351184158616,,0,,,,,,,0,,,,0.559676331759946,,0,,
466410,사이냅소프트,2025Q3,14800,15210,12680,13850,3432924,-0.06608226567768039,-0.06836692351649454,,0,,,-0.16009702850212248,14417.5,,-0.039361886596150475,0,,-0.930254724239428,0.3138689585002199,0.18267148014440432,1.0,1,1.0,
466410,사이냅소프트,2025Q4,13740,14830,11310,12540,2875617,-0.09458483754512637,-0.09936169742857182,-0.23953911461491828,0,0.17787264450240103,,-0.1544167228590695,13430.0,,-0.0662695457930007,0,-0.23953911461491817,-0.8416797011316499,0.46773798515929627,0.2807017543859649,1.0,2,2.0,
