stock_code,Name,quarter,Open,High,Low,Close,Volume_sum,ret_1q,logret_1q,cumret_4q,down_gap_q,vol_4q,vol_8q,max_drawdown_4q,ma4,ma8,ma4_ratio,ma_cross_4_8,mom_4q,vol_z_4q,vol_drop_ratio_4q,intraquarter_range,crash_count_4q,down_streak_1q,down_streak_4q_max,vol_mean_decline_q
466910,엔에이치스팩30호,2023Q4,3484,7913,2715,2766,150068192,,,,0,,,,,,,0,,,,1.8792480115690529,,0,,
466910,엔에이치스팩30호,2024Q1,2767,2991,2758,2903,2841121,0.049530007230657924,0.04834245179992713,,0,,,,,,,0,,,,0.08026179813985532,,0,,
466910,엔에이치스팩30호,2024Q2,2911,2954,2901,2925,787187,0.00757836720633831,0.007549795641327073,,0,,,,,,,0,,,,0.01811965811965812,,0,,
466910,엔에이치스팩30호,2024Q3,2925,3034,2903,2918,987428,-0.0023931623931623403,-0.0023960305832266826,,0,,,-0.0023931623931623403,2878.0,,0.013898540653231484,0,,-0.5073820982877714,0.025534081342956327,0.04489376285126799,0.0,1,1.0,
466910,엔에이치스팩30호,2024Q4,2918,2918,2802,2824,978223,-0.03221384509938319,-0.0327441304695979,0.02096890817064323,0,0.033801057328225824,,-0.034529914529914496,2892.5,,-0.023681936041486606,0,0.020968908170643452,-0.4349807631382036,0.699485284035868,0.04107648725212465,0.0,2,2.0,
466910,엔에이치스팩30호,2025Q1,2824,2911,2816,2896,604355,0.025495750708215192,0.025176154892474045,-0.0024112986565621997,0,0.024154616938948967,,-0.009914529914529902,2890.75,,0.0018161376805327922,0,-0.0024112986565621997,-1.292299498238569,0.7200717980765479,0.03280386740331492,0.0,0,2.0,
466910,엔에이치스팩30호,2025Q2,2899,2991,2882,2983,860010,0.03004143646408841,0.029599031009141186,0.019829059829059803,0,0.02878924652233699,,0.0,2905.25,,0.026761896566560583,0,0.019829059829059803,0.014042354778839545,1.0029224353472403,0.03654039557492457,0.0,0,2.0,
466910,엔에이치스팩30호,2025Q3,2983,3078,2925,3070,1092135,0.02916526986255441,0.028748056066495664,0.0520904729266618,0,0.03028807463626445,,0.0,2943.25,2910.625,0.04306463942920247,0,0.052090472926662024,0.9976491960494769,1.2358931661688908,0.0498371335504886,0.0,0,2.0,-0.9553185041376696
466910,엔에이치스팩30호,2025Q4,3078,3100,3049,3100,194156,0.009771986970684043,0.009724549891993561,0.09773371104815842,0,0.009438763371916264,0.02490645547184314,0.0,3012.25,2952.375,0.029131048219769307,0,0.09773371104815864,-1.283115759262925,0.2823413760208474,0.016451612903225808,0.0,0,0.0,-0.34073507285836435
