stock_code,Name,quarter,Open,High,Low,Close,Volume_sum,ret_1q,logret_1q,cumret_4q,down_gap_q,vol_4q,vol_8q,max_drawdown_4q,ma4,ma8,ma4_ratio,ma_cross_4_8,mom_4q,vol_z_4q,vol_drop_ratio_4q,intraquarter_range,crash_count_4q,down_streak_1q,down_streak_4q_max,vol_mean_decline_q
467930,IBKS제23호스팩,2023Q4,4030,6260,2040,2095,96864923,,,,0,,,,,,,0,,,,2.0143198090692125,,0,,
467930,IBKS제23호스팩,2024Q1,2095,2275,2075,2250,2246555,0.07398568019093088,0.0713766628422281,,0,,,,,,,0,,,,0.08888888888888889,,0,,
467930,IBKS제23호스팩,2024Q2,2245,2300,2160,2220,471990,-0.013333333333333308,-0.013423020332140823,,0,,,,,,,0,,,,0.06306306306306306,,1,,
467930,IBKS제23호스팩,2024Q3,2210,2275,2120,2170,573936,-0.022522522522522515,-0.02278002833181958,,0,,,-0.03555555555555556,2183.75,,-0.006296508299942771,0,,-0.5108602074798341,0.022921360861150115,0.07142857142857142,0.0,2,2.0,
467930,IBKS제23호스팩,2024Q4,2160,2195,2035,2055,671808,-0.05299539170506917,-0.054451319604170934,-0.019093078758949944,0,0.05450439719428078,,-0.08666666666666667,2173.75,,-0.0546290971822887,0,-0.019093078758949833,-0.37964489540332846,0.6778597624946112,0.07785888077858881,0.0,3,3.0,
467930,IBKS제23호스팩,2025Q1,2065,2195,2040,2130,297844,0.03649635036496357,0.03584613177313578,-0.05333333333333323,0,0.03714959899016982,,-0.04054054054054057,2143.75,,-0.00641399416909616,0,-0.053333333333333344,-1.289702347739742,0.5910840463628795,0.07276995305164319,0.0,0,3.0,
467930,IBKS제23호스팩,2025Q2,2130,2220,2090,2160,503237,0.014084507042253502,0.013986241974739855,-0.027027027027026973,0,0.03954182718177915,,-0.004608294930875556,2128.75,,0.014679976512037562,0,-0.027027027027026973,-0.05345249786184732,0.9834490002809229,0.06018518518518518,0.0,0,3.0,
467930,IBKS제23호스팩,2025Q3,2160,2220,2140,2175,322990,0.00694444444444442,0.0069204428445743815,0.0023041474654377225,0,0.038218511037267026,,0.0,2130.0,2156.875,0.021126760563380254,1,0.0023041474654377225,-0.7221013086129813,0.7194025878135443,0.0367816091954023,0.0,0,3.0,-0.9647705508414084
467930,IBKS제23호스팩,2025Q4,2150,2260,2110,2245,412114,0.03218390804597693,0.03167685665357034,0.0924574209245741,0,0.014170986665539578,0.0394273727156878,0.0,2177.5,2175.625,0.030998851894374235,0,0.09245742092457432,0.3006132201819854,1.0730842964877276,0.066815144766147,0.0,0,0.0,-0.4414354108391386
