stock_code,Name,quarter,Open,High,Low,Close,Volume_sum,ret_1q,logret_1q,cumret_4q,down_gap_q,vol_4q,vol_8q,max_drawdown_4q,ma4,ma8,ma4_ratio,ma_cross_4_8,mom_4q,vol_z_4q,vol_drop_ratio_4q,intraquarter_range,crash_count_4q,down_streak_1q,down_streak_4q_max,vol_mean_decline_q
468510,삼성스팩9호,2023Q4,4660,5085,1867,1889,148643699,,,,0,,,,,,,0,,,,1.7035468501852833,,0,,
468510,삼성스팩9호,2024Q1,1898,2043,1887,2014,7900399,0.06617257808364219,0.06407520577699799,,0,,,,,,,0,,,,0.07745779543197617,,0,,
468510,삼성스팩9호,2024Q2,2019,2033,1979,1985,2900801,-0.014399205561072548,-0.01450388015721682,,0,,,,,,,0,,,,0.027204030226700253,,1,,
468510,삼성스팩9호,2024Q3,1985,2073,1975,2004,2383456,0.009571788413098137,0.009526269083464989,,0,,,-0.0049652432969214955,1973.0,,0.01571211353269142,0,,-0.5275745872252113,0.05891318613477842,0.04890219560878244,0.0,0,1.0,
468510,삼성스팩9호,2024Q4,1999,2018,0,1882,911873,-0.060878243512974106,-0.0628101420594307,-0.0037056643726841587,0,0.05286420457078663,,-0.06554121151936443,1971.25,,-0.04527584020291697,0,-0.0037056643726839367,-0.8602194626258767,0.2587510726931431,1.0722635494155155,0.0,1,1.0,
468510,삼성스팩9호,2025Q1,1883,2290,1860,2040,8909255,0.08395324123273107,0.08061476669293732,0.012909632571995733,0,0.06047043341375003,,0.0,1977.75,,0.03147516116799398,0,0.012909632571995955,1.4564997929962036,2.359226196485558,0.2107843137254902,0.0,0,1.0,
468510,삼성스팩9호,2025Q2,2055,2070,0,2035,4181847,-0.002450980392156854,-0.0024539889615668997,0.025188916876573986,0,0.059509066575134786,,-0.002450980392156854,1990.25,,0.022484612485868638,0,0.025188916876574208,0.024522719171805957,1.0208072764594072,1.0171990171990173,0.0,1,1.0,
