stock_code,Name,quarter,Open,High,Low,Close,Volume_sum,ret_1q,logret_1q,cumret_4q,down_gap_q,vol_4q,vol_8q,max_drawdown_4q,ma4,ma8,ma4_ratio,ma_cross_4_8,mom_4q,vol_z_4q,vol_drop_ratio_4q,intraquarter_range,crash_count_4q,down_streak_1q,down_streak_4q_max,vol_mean_decline_q
468760,유진스팩10호,2024Q1,3000,6150,2105,2145,142262655,,,,0,,,,,,,0,,,,1.8857808857808858,,0,,
468760,유진스팩10호,2024Q2,2145,2180,2110,2140,878769,-0.002331002331002363,-0.0023337233462203955,,0,,,,,,,0,,,,0.03271028037383177,,1,,
468760,유진스팩10호,2024Q3,2140,2295,2105,2125,852494,-0.007009345794392496,-0.007034026657380288,,0,,,,,,,0,,,,0.08941176470588236,,2,,
468760,유진스팩10호,2024Q4,2130,2250,2030,2090,709164,-0.016470588235294126,-0.016607736399659956,,0,,,-0.02564102564102566,2125.0,,-0.016470588235294126,0,,-0.5014746210810849,0.019603286680514517,0.10526315789473684,0.0,3,3.0,
468760,유진스팩10호,2025Q1,2125,2130,2010,2085,240615,-0.0023923444976076125,-0.0023952107259548328,-0.027972027972027913,0,0.006651110848356062,,-0.025700934579439227,2110.0,,-0.011848341232227444,0,-0.027972027972028024,-1.4516553476033842,0.3589872892703658,0.05755395683453238,0.0,4,4.0,
468760,유진스팩10호,2025Q2,2085,2155,2070,2115,483961,0.014388489208633004,0.014285957247476055,-0.011682242990654124,0,0.01291244599737413,,-0.004705882352941226,2103.75,,0.005347593582887722,0,-0.011682242990654235,-0.32717159933656814,0.8467392226692456,0.04018912529550828,0.0,0,4.0,
468760,유진스팩10호,2025Q3,2120,2140,2070,2115,471517,0.0,0.0,-0.004705882352941226,0,0.012636284389353061,,0.0,2101.25,,0.006543723973825077,0,-0.004705882352941226,-0.025069391821531378,0.9899283928624852,0.03309692671394799,0.0,0,4.0,
468760,유진스팩10호,2025Q4,2110,2145,2085,2115,238133,0.0,0.0,0.011961722488038173,0,0.007676263455619024,,0.0,2107.5,2116.25,0.003558718861210064,1,0.011961722488038173,-0.8744237044942282,0.6641435868545125,0.028368794326241134,0.0,0,4.0,-0.980371528398484
