stock_code,Name,quarter,Open,High,Low,Close,Volume_sum,ret_1q,logret_1q,cumret_4q,down_gap_q,vol_4q,vol_8q,max_drawdown_4q,ma4,ma8,ma4_ratio,ma_cross_4_8,mom_4q,vol_z_4q,vol_drop_ratio_4q,intraquarter_range,crash_count_4q,down_streak_1q,down_streak_4q_max,vol_mean_decline_q
469480,IBKS제24호스팩,2024Q1,4865,4985,2100,2220,43047529,,,,0,,,,,,,0,,,,1.2995495495495495,,0,,
469480,IBKS제24호스팩,2024Q2,2215,2250,2150,2195,549569,-0.011261261261261257,-0.0113251493570532,,0,,,,,,,0,,,,0.04555808656036447,,1,,
469480,IBKS제24호스팩,2024Q3,2195,2265,2140,2210,691974,0.006833712984054774,0.006810469002526354,,0,,,,,,,0,,,,0.05656108597285068,,0,,
469480,IBKS제24호스팩,2024Q4,2200,2260,2010,2065,701258,-0.06561085972850678,-0.06786228911666559,,0,,,-0.06981981981981977,2172.5,,-0.04948216340621403,0,,-0.4974663065111938,0.062347442217027524,0.12106537530266344,0.0,1,1.0,
469480,IBKS제24호스팩,2025Q1,2080,2150,2065,2125,124724,0.029055690072639306,0.028641575963384014,-0.04279279279279258,0,0.040425395837923504,,-0.038461538461538436,2148.75,,-0.01105293775450844,0,-0.0427927927927928,-1.4497584382387216,0.24130107253842153,0.04,0.0,0,1.0,
469480,IBKS제24호스팩,2025Q2,2095,2175,2060,2160,509260,0.016470588235294015,0.01633641931969354,-0.015945330296127547,0,0.04251706156080413,,-0.022624434389140302,2140.0,,0.009345794392523255,0,-0.015945330296127547,0.009108978447075481,1.0048460548851232,0.05324074074074074,0.0,0,1.0,
469480,IBKS제24호스팩,2025Q3,2160,2190,2115,2175,416500,0.00694444444444442,0.0069204428445743815,-0.015837104072398134,0,0.04252590514589032,,0.0,2131.25,,0.02052785923753664,0,-0.015837104072398245,-0.08926633477167464,0.951053294377825,0.034482758620689655,0.0,0,1.0,
469480,IBKS제24호스팩,2025Q4,2170,2285,2110,2235,425913,0.02758620689655178,0.027212563524884104,0.08232445520581133,0,0.010367570043036421,,0.0,2173.75,2173.125,0.028177113283496258,0,0.08232445520581111,0.33784421519666474,1.1539254008237623,0.07829977628635347,0.0,0,0.0,-0.9364535832274135
