stock_code,Name,quarter,Open,High,Low,Close,Volume_sum,ret_1q,logret_1q,cumret_4q,down_gap_q,vol_4q,vol_8q,max_drawdown_4q,ma4,ma8,ma4_ratio,ma_cross_4_8,mom_4q,vol_z_4q,vol_drop_ratio_4q,intraquarter_range,crash_count_4q,down_streak_1q,down_streak_4q_max,vol_mean_decline_q
469750,아이비젼웍스,2024Q3,3800,4945,2040,2070,246500670,,,,0,,,,,,,0,,,,1.4033816425120773,,0,,
469750,아이비젼웍스,2024Q4,2140,2325,991,1045,125038917,-0.49516908212560384,-0.6835317218605033,,1,,,,,,,0,,,,1.2765550239234449,,1,,
469750,아이비젼웍스,2025Q1,1061,1221,900,902,13083704,-0.13684210526315788,-0.14715764433628742,,1,,,,,,,0,,,,0.3558758314855876,,2,,
469750,아이비젼웍스,2025Q2,922,1014,841,880,7102122,-0.024390243902439046,-0.024692612590372143,,0,,,-0.5748792270531401,1224.25,,-0.28119256687768024,0,,-0.8043263861181573,0.07252143225132039,0.1965909090909091,2.0,3,3.0,
469750,아이비젼웍스,2025Q3,880,2100,870,1624,559658241,0.8454545454545455,0.6127256132493715,-0.21545893719806763,0,0.5687328558880183,,0.0,1112.75,,0.4594473152100651,0,-0.21545893719806763,1.4673307013783479,3.175893041560498,0.7573891625615764,2.0,0,3.0,
469750,아이비젼웍스,2025Q4,1622,1794,1010,1274,137124195,-0.2155172413793104,-0.24273068458951474,0.2191387559808613,1,0.4918131867022823,,-0.2155172413793104,1170.0,,0.0888888888888888,0,0.2191387559808613,-0.1616211979954055,0.7650223992760227,0.6153846153846154,2.0,1,3.0,
