stock_code,Name,quarter,Open,High,Low,Close,Volume_sum,ret_1q,logret_1q,cumret_4q,down_gap_q,vol_4q,vol_8q,max_drawdown_4q,ma4,ma8,ma4_ratio,ma_cross_4_8,mom_4q,vol_z_4q,vol_drop_ratio_4q,intraquarter_range,crash_count_4q,down_streak_1q,down_streak_4q_max,vol_mean_decline_q
469880,하나30호스팩,2023Q4,3250,6070,1893,1903,136180034,,,,0,,,,,,,0,,,,2.1949553336836574,,0,,
469880,하나30호스팩,2024Q1,1905,2140,1902,2095,4924511,0.10089332632685233,0.09612196506008885,,0,,,,,,,0,,,,0.11360381861575179,,0,,
469880,하나30호스팩,2024Q2,2080,2100,2050,2075,1112141,-0.009546539379474916,-0.009592399691439546,,0,,,,,,,0,,,,0.024096385542168676,,1,,
469880,하나30호스팩,2024Q3,2070,2120,2005,2045,1078939,-0.014457831325301207,-0.01456336418789661,,0,,,-0.023866348448687402,2029.5,,0.007637349100763746,0,,-0.5191361432860522,0.030117849027142315,0.05623471882640587,0.0,2,2.0,
469880,하나30호스팩,2024Q4,2045,2100,1940,1949,1087998,-0.04694376528117361,-0.04808136896934112,0.0241723594324752,0,0.06444420607700675,,-0.06968973747016705,2041.0,,-0.045075943165115095,0,0.024172359432474977,-0.5026111237766425,0.5304985415529715,0.08209338122113904,0.0,3,3.0,
469880,하나30호스팩,2025Q1,1949,2015,1937,1990,613853,0.021036428937916796,0.020818218210977513,-0.05011933174224348,0,0.027830553455249537,,-0.04096385542168679,2014.75,,-0.012284402531331451,0,-0.05011933174224348,-1.4974408402611685,0.6307360700716247,0.03919597989949749,0.0,0,3.0,
469880,하나30호스팩,2025Q2,2005,2085,1991,2055,728802,0.03266331658291466,0.03214120921179653,-0.009638554216867545,0,0.036089425739054354,,0.0,2009.75,,0.022515238213708155,0,-0.009638554216867434,-0.612612290634274,0.8306401427858281,0.045742092457420926,0.0,0,3.0,
469880,하나30호스팩,2025Q3,2055,2080,2020,2065,509678,0.0048661800486617945,0.0048543784647980814,0.009779951100244322,0,0.03513332580923606,,0.0,2014.75,2022.125,0.024941059684824518,1,0.009779951100244544,-0.8954495327387632,0.6933613936662233,0.029055690072639227,0.0,0,3.0,-0.9597864837017238
469880,하나30호스팩,2025Q4,2055,2075,2050,2070,966423,0.002421307506053294,0.0024183808642819216,0.062083119548486554,0,0.014249039516260227,0.043406259463415454,0.0,2045.0,2043.0,0.012224938875305513,0,0.06208311954848633,1.3346910154583813,1.3714177459843988,0.012077294685990338,0.0,0,0.0,-0.4885378746537148
