stock_code,Name,quarter,Open,High,Low,Close,Volume_sum,ret_1q,logret_1q,cumret_4q,down_gap_q,vol_4q,vol_8q,max_drawdown_4q,ma4,ma8,ma4_ratio,ma_cross_4_8,mom_4q,vol_z_4q,vol_drop_ratio_4q,intraquarter_range,crash_count_4q,down_streak_1q,down_streak_4q_max,vol_mean_decline_q
469900,하나31호스팩,2024Q1,4065,4830,2015,2075,79368085,,,,0,,,,,,,0,,,,1.3566265060240963,,0,,
469900,하나31호스팩,2024Q2,2075,2115,2060,2095,920988,0.009638554216867545,0.009592399691439546,,0,,,,,,,0,,,,0.026252983293556086,,0,,
469900,하나31호스팩,2024Q3,2095,2145,2035,2085,946489,-0.004773269689737458,-0.004784698123335929,,0,,,,,,,0,,,,0.05275779376498801,,1,,
469900,하나31호스팩,2024Q4,2080,2105,1981,1998,758705,-0.04172661870503602,-0.042622175024403575,,0,,,-0.04630071599045349,2063.25,,-0.031624863685932425,0,,-0.5029721156999851,0.03701258772152936,0.062062062062062065,0.0,2,2.0,
469900,하나31호스팩,2025Q1,1998,2040,1980,2020,404956,0.011011011011011096,0.010950831186751664,-0.02650602409638536,0,0.02456948718094801,,-0.03579952267303099,2049.5,,-0.014393754574286377,0,-0.026506024096385583,-1.4142073413676617,0.5343946728918314,0.0297029702970297,0.0,0,2.0,
469900,하나31호스팩,2025Q2,2015,2090,1992,2050,709216,0.014851485148514865,0.014742281737203378,-0.021479713603818618,0,0.02581490717343844,,-0.016786570743405282,2038.25,,0.005764749172083805,0,-0.021479713603818618,0.019482657247007085,1.0062063598695594,0.04780487804878049,0.0,0,2.0,
469900,하나31호스팩,2025Q3,2050,2060,2015,2055,440076,0.0024390243902439046,0.0024360547978812264,-0.014388489208633004,0,0.02610115072822907,,0.0,2030.75,,0.011941400960236326,0,-0.014388489208633115,-0.7611774810773799,0.7610634543806122,0.021897810218978103,0.0,0,2.0,
469900,하나31호스팩,2025Q4,2050,2115,2035,2060,493345,0.0024330900243310083,0.002430134853292465,0.03103103103103133,0,0.006258958109740541,,0.0,2046.25,2054.75,0.006719609040928498,1,0.03103103103103111,-0.13594940295437438,0.9637559808028255,0.038834951456310676,0.0,0,0.0,-0.9512720684668331
