stock_code,Name,quarter,Open,High,Low,Close,Volume_sum,ret_1q,logret_1q,cumret_4q,down_gap_q,vol_4q,vol_8q,max_drawdown_4q,ma4,ma8,ma4_ratio,ma_cross_4_8,mom_4q,vol_z_4q,vol_drop_ratio_4q,intraquarter_range,crash_count_4q,down_streak_1q,down_streak_4q_max,vol_mean_decline_q
471050,대신밸런스제17호스팩,2024Q1,5970,6500,2060,2350,107590406,,,,0,,,,,,,0,,,,1.8893617021276596,,0,,
471050,대신밸런스제17호스팩,2024Q2,2385,2385,2150,2190,1194209,-0.06808510638297871,-0.07051378432765798,,0,,,,,,,0,,,,0.10730593607305935,,1,,
471050,대신밸런스제17호스팩,2024Q3,2195,2240,2110,2125,1329298,-0.029680365296803624,-0.030129741452030068,,0,,,,,,,0,,,,0.0611764705882353,,2,,
471050,대신밸런스제17호스팩,2024Q4,2120,2175,2020,2035,921288,-0.04235294117647059,-0.04327598348182171,,0,,,-0.1340425531914894,2175.0,,-0.06436781609195408,0,,-0.5042622321666815,0.03318904245510394,0.07616707616707617,0.0,3,3.0,
471050,대신밸런스제17호스팩,2025Q1,2085,2200,2040,2125,317426,0.04422604422604426,0.04327598348182171,-0.0957446808510638,0,0.048191921242523895,,-0.029680365296803624,2118.75,,0.002949852507374562,0,-0.0957446808510638,-1.3885971875356264,0.33748788282240727,0.07529411764705882,0.0,0,3.0,
471050,대신밸런스제17호스팩,2025Q2,2125,2245,2100,2135,451328,0.004705882352941115,0.004694844304208523,-0.02511415525114158,0,0.038813080221311844,,0.0,2105.0,,0.014251781472684133,0,-0.02511415525114158,-0.6565185255035157,0.5979161008697265,0.06791569086651054,0.0,0,3.0,
471050,대신밸런스제17호스팩,2025Q3,2135,2200,2115,2145,446871,0.004683840749414525,0.00467290569939216,0.00941176470588223,0,0.035412264795477544,,0.0,2110.0,,0.016587677725118377,0,0.009411764705882453,-0.3291448113814912,0.8364795384744255,0.039627039627039624,0.0,0,3.0,
471050,대신밸런스제17호스팩,2025Q4,2140,2235,2110,2165,621583,0.00932400932400923,0.009280809074472707,0.06388206388206363,0,0.0191190128700904,,0.0,2142.5,2158.75,0.010501750291715295,1,0.06388206388206386,1.3009284290834275,1.3533209086831757,0.057736720554272515,0.0,0,0.0,-0.9674462870726893
