stock_code,Name,quarter,Open,High,Low,Close,Volume_sum,ret_1q,logret_1q,cumret_4q,down_gap_q,vol_4q,vol_8q,max_drawdown_4q,ma4,ma8,ma4_ratio,ma_cross_4_8,mom_4q,vol_z_4q,vol_drop_ratio_4q,intraquarter_range,crash_count_4q,down_streak_1q,down_streak_4q_max,vol_mean_decline_q
471820,셀로맥스사이언스,2024Q4,6520,8840,4815,4915,32559430,,,,0,,,,,,,0,,,,0.8189216683621566,,0,,
471820,셀로맥스사이언스,2025Q1,4970,6370,4380,4485,15085121,-0.08748728382502546,-0.09155325808837134,,0,,,,,,,0,,,,0.443701226309922,,1,,
471820,셀로맥스사이언스,2025Q2,4455,5600,4355,4935,2290854,0.10033444816053505,0.09561417737468503,,0,,,,,,,0,,,,0.25227963525835867,,0,,
471820,셀로맥스사이언스,2025Q3,4935,7170,4665,5880,10019214,0.1914893617021276,0.17520408902509033,,0,,,0.0,5053.75,,0.16349245609695773,0,,-0.3869990937177831,0.6684531845661466,0.4260204081632653,0.0,0,1.0,
471820,셀로맥스사이언스,2025Q4,5880,7690,4560,6500,18060708,0.1054421768707483,0.10024541499105588,0.3224821973550356,0,0.1176386323070071,,0.0,5450.0,,0.19266055045871555,0,0.3224821973550356,0.9705646783227937,1.5892950479010457,0.4815384615384615,0.0,0,1.0,
