stock_code,Name,quarter,Open,High,Low,Close,Volume_sum,ret_1q,logret_1q,cumret_4q,down_gap_q,vol_4q,vol_8q,max_drawdown_4q,ma4,ma8,ma4_ratio,ma_cross_4_8,mom_4q,vol_z_4q,vol_drop_ratio_4q,intraquarter_range,crash_count_4q,down_streak_1q,down_streak_4q_max,vol_mean_decline_q
472230,에스케이증권제11호스팩,2024Q1,4000,5700,2065,2095,93063218,,,,0,,,,,,,0,,,,1.7350835322195703,,0,,
472230,에스케이증권제11호스팩,2024Q2,2095,2150,2070,2090,1315342,-0.0023866348448687846,-0.002389487397381096,,0,,,,,,,0,,,,0.03827751196172249,,1,,
472230,에스케이증권제11호스팩,2024Q3,2085,2140,2070,2095,765284,0.0023923444976077235,0.002389487397381096,,0,,,,,,,0,,,,0.03341288782816229,,0,,
472230,에스케이증권제11호스팩,2024Q4,2080,2110,1998,2025,536233,-0.03341288782816232,-0.03398385281559868,,0,,,-0.03341288782816232,2076.25,,-0.024683925346177027,0,,-0.5072776174005824,0.02241774951748837,0.055308641975308645,0.0,1,1.0,
472230,에스케이증권제11호스팩,2025Q1,2005,2060,1985,2025,409519,0.0,0.0,-0.03341288782816232,0,0.016820924694005503,,-0.03341288782816232,2058.75,,-0.016393442622950838,0,-0.03341288782816232,-0.8665207545349284,0.5412661604069287,0.037037037037037035,0.0,0,1.0,
472230,에스케이증권제11호스팩,2025Q2,2025,2085,2000,2040,419933,0.007407407407407307,0.007380107297622729,-0.02392344497607668,0,0.01859766134652999,,-0.026252983293556076,2046.25,,-0.0030543677458766405,0,-0.02392344497607657,-0.6823455745792906,0.7882479754515435,0.041666666666666664,0.0,0,1.0,
472230,에스케이증권제11호스팩,2025Q3,2040,2045,2010,2035,386222,-0.002450980392156854,-0.0024539889615668997,-0.02863961813842486,0,0.018026420627329308,,-0.002450980392156854,2031.25,,0.0018461538461538307,0,-0.02863961813842486,-0.7724226705050983,0.8818321977136914,0.0171990171990172,0.0,1,1.0,
472230,에스케이증권제11호스팩,2025Q4,2030,2055,2030,2045,690056,0.004914004914004844,0.004901970600206695,0.00987654320987641,0,0.004496964793405967,,0.0,2036.25,2056.25,0.0042971147943524635,1,0.009876543209876631,1.492708682270164,1.4483814601228926,0.012224938875305624,0.0,0,1.0,-0.9609424759893619
