stock_code,Name,quarter,Open,High,Low,Close,Volume_sum,ret_1q,logret_1q,cumret_4q,down_gap_q,vol_4q,vol_8q,max_drawdown_4q,ma4,ma8,ma4_ratio,ma_cross_4_8,mom_4q,vol_z_4q,vol_drop_ratio_4q,intraquarter_range,crash_count_4q,down_streak_1q,down_streak_4q_max,vol_mean_decline_q
472220,신영스팩10호,2024Q1,3670,3800,2070,2155,33335077,,,,0,,,,,,,0,,,,0.802784222737819,,0,,
472220,신영스팩10호,2024Q2,2170,2250,2125,2190,737571,0.016241299303944245,0.016110820272698945,,0,,,,,,,0,,,,0.05707762557077625,,0,,
472220,신영스팩10호,2024Q3,2190,2220,2100,2120,937753,-0.03196347031963476,-0.03248545514448864,,0,,,,,,,0,,,,0.05660377358490566,,1,,
472220,신영스팩10호,2024Q4,2130,2160,2025,2055,813842,-0.030660377358490587,-0.031140240735723523,,0,,,-0.06164383561643838,2130.0,,-0.035211267605633756,0,,-0.5009706169380141,0.09087053144430714,0.06569343065693431,0.0,2,2.0,
472220,신영스팩10호,2025Q1,2065,2125,2045,2120,303496,0.031630170316301776,0.031140240735723523,-0.016241299303944468,0,0.032514414687269205,,-0.03196347031963476,2121.25,,-0.0005892751915144157,0,-0.016241299303944357,-1.4313028010639237,0.43470495176287,0.03773584905660377,0.0,0,2.0,
472220,신영스팩10호,2025Q2,2120,2220,2095,2190,728025,0.03301886792452824,0.03248545514448864,0.0,0,0.03674874210405528,,0.0,2121.25,,0.03241013553329397,0,0.0,0.11711861435520704,1.046345175695156,0.05707762557077625,0.0,0,2.0,
472220,신영스팩10호,2025Q3,2170,2205,2080,2180,357471,-0.004566210045662156,-0.004576667027412107,0.028301886792452713,0,0.030741948397874162,,-0.004566210045662156,2136.25,,0.02047981275599775,0,0.028301886792452935,-0.7500290675299925,0.6491110996107741,0.05733944954128441,0.0,1,2.0,
472220,신영스팩10호,2025Q4,2170,2220,2135,2185,544826,0.002293577981651307,0.0022909517465556917,0.06326034063260333,0,0.01952878282186611,,-0.0022831050228310223,2168.75,2149.375,0.007492795389048901,0,0.06326034063260333,0.3178575166861156,1.1269436937705617,0.038901601830663615,0.0,0,1.0,-0.8975679392011152
