stock_code,Name,quarter,Open,High,Low,Close,Volume_sum,ret_1q,logret_1q,cumret_4q,down_gap_q,vol_4q,vol_8q,max_drawdown_4q,ma4,ma8,ma4_ratio,ma_cross_4_8,mom_4q,vol_z_4q,vol_drop_ratio_4q,intraquarter_range,crash_count_4q,down_streak_1q,down_streak_4q_max,vol_mean_decline_q
472850,폰드그룹,2024Q1,6290,6290,3336,3347,108918169,,,,0,,,,,,,0,,,,0.8825814161936062,,0,,
472850,폰드그룹,2024Q2,3347,3898,2936,3010,10681886,-0.10068718255153875,-0.10612434346840516,,1,,,,,,,0,,,,0.3196013289036545,,1,,
472850,폰드그룹,2024Q3,3043,4737,2666,4410,26864232,0.4651162790697674,0.38193461069796975,,0,,,,,,,0,,,,0.4696145124716553,,0,,
472850,폰드그룹,2024Q4,4410,5727,2678,2942,26547148,-0.3328798185941043,-0.40478506727950947,,1,,,-0.3328798185941043,3427.25,,-0.14158581953461225,0,,-0.3760516735201142,0.6137663212839082,1.0363698164513937,2.0,1,1.0,
472850,폰드그룹,2025Q1,2920,3949,2869,3105,13555561,0.05540448674371179,0.053924093206195955,-0.07230355542276667,0,0.3358866144335879,,-0.29591836734693877,3366.75,,-0.07774560035642686,0,-0.07230355542276667,-0.6886854079918635,0.698300877101466,0.34782608695652173,2.0,0,1.0,
472850,폰드그룹,2025Q2,3111,6987,2891,6779,24984643,1.183252818035427,0.7808158830633865,1.2521594684385384,0,0.6481927661633383,,0.0,4309.0,,0.5732188442794153,0,1.2521594684385384,0.31486156444194946,1.0868607983958167,0.6042189113438561,1.0,0,1.0,
472850,폰드그룹,2025Q3,6796,7561,5215,5328,16208722,-0.21404336922849976,-0.24085366521073936,0.20816326530612272,1,0.6928579469457492,,-0.21404336922849976,4538.5,,0.17395615291395838,0,0.2081632653061225,-0.6421887193978374,0.7975156094253703,0.4403153153153153,2.0,1,1.0,
472850,폰드그룹,2025Q4,5356,10400,4315,10060,10936949,0.8881381381381381,0.635591231433505,2.419442556084297,0,0.6641048313371668,,0.0,6318.0,4872.625,0.5922760367204811,0,2.4194425560842965,-0.8989542467867365,0.6660152734511035,0.6048707753479126,1.0,0,1.0,-0.4496303707821424
