stock_code,Name,quarter,Open,High,Low,Close,Volume_sum,ret_1q,logret_1q,cumret_4q,down_gap_q,vol_4q,vol_8q,max_drawdown_4q,ma4,ma8,ma4_ratio,ma_cross_4_8,mom_4q,vol_z_4q,vol_drop_ratio_4q,intraquarter_range,crash_count_4q,down_streak_1q,down_streak_4q_max,vol_mean_decline_q
473000,에스케이증권제12호스팩,2024Q2,2800,3055,2080,2140,16602812,,,,0,,,,,,,0,,,,0.45560747663551404,,0,,
473000,에스케이증권제12호스팩,2024Q3,2135,2170,2080,2100,548065,-0.01869158878504673,-0.018868484304382704,,0,,,,,,,0,,,,0.04285714285714286,,1,,
473000,에스케이증권제12호스팩,2024Q4,2100,2125,2005,2065,380683,-0.01666666666666672,-0.016807118316381597,,0,,,,,,,0,,,,0.05811138014527845,,2,,
473000,에스케이증권제12호스팩,2025Q1,2060,2095,2030,2055,163247,-0.004842615012106588,-0.0048543784647980814,,0,,,-0.03971962616822433,2090.0,,-0.01674641148325362,0,,-0.52462612785409,0.03690280430863134,0.031630170316301706,0.0,3,3.0,
473000,에스케이증권제12호스팩,2025Q2,2060,2115,2020,2065,280312,0.0048661800486617945,0.0048543784647980814,-0.035046728971962815,0,0.010987095625092338,,-0.01666666666666672,2071.25,,-0.0030175015087507973,0,-0.03504672897196259,-0.38504637334215897,0.8170533269887861,0.04600484261501211,0.0,0,3.0,
473000,에스케이증권제12호스팩,2025Q3,2050,2065,2020,2050,282902,-0.007263922518159771,-0.007290433262679308,-0.023809523809523947,0,0.008846591163504275,,-0.007263922518159771,2058.75,,-0.004250151791135415,0,-0.023809523809523836,0.06875885626249599,1.0220964933197487,0.02195121951219512,0.0,1,3.0,
473000,에스케이증권제12호스팩,2025Q4,2045,2070,2020,2045,415087,-0.0024390243902439046,-0.0024420036555516944,-0.009685230024213176,0,0.0052415465399771825,,-0.009685230024213065,2053.75,,-0.004260499087035963,0,-0.009685230024213065,1.2603087646868212,1.4544705960677957,0.02444987775061125,0.0,2,3.0,
