stock_code,Name,quarter,Open,High,Low,Close,Volume_sum,ret_1q,logret_1q,cumret_4q,down_gap_q,vol_4q,vol_8q,max_drawdown_4q,ma4,ma8,ma4_ratio,ma_cross_4_8,mom_4q,vol_z_4q,vol_drop_ratio_4q,intraquarter_range,crash_count_4q,down_streak_1q,down_streak_4q_max,vol_mean_decline_q
473050,유안타제15호스팩,2024Q1,2450,3480,1985,2010,85345483,,,,0,,,,,,,0,,,,0.7437810945273632,,0,,
473050,유안타제15호스팩,2024Q2,2020,2080,2000,2030,1362520,0.00995024875621886,0.009901070982711424,,0,,,,,,,0,,,,0.03940886699507389,,0,,
473050,유안타제15호스팩,2024Q3,2025,2065,2000,2015,639566,-0.007389162561576401,-0.0074165976550499835,,0,,,,,,,0,,,,0.03225806451612903,,1,,
473050,유안타제15호스팩,2024Q4,2015,2040,1932,1945,742833,-0.0347394540942928,-0.035357218328236684,,0,,,-0.041871921182266014,2000.0,,-0.02749999999999997,0,,-0.5040632584509929,0.033730485189521556,0.055526992287917736,0.0,2,2.0,
473050,유안타제15호스팩,2025Q1,1950,2005,1930,1992,705200,0.02416452442159378,0.023877182091997184,-0.008955223880597218,0,0.025352880593340992,,-0.01871921182266012,1995.5,,-0.0017539463793535548,0,-0.008955223880596996,-0.4681776157743338,0.8175949873033365,0.03765060240963856,0.0,0,2.0,
473050,유안타제15호스팩,2025Q2,2005,2015,1981,2015,885012,0.011546184738955745,0.0114800362362395,-0.007389162561576401,0,0.025614908631004688,,0.0,1991.75,,0.011673151750972721,0,-0.007389162561576401,1.3672632942839276,1.1908884142593834,0.01687344913151365,0.0,0,2.0,
473050,유안타제15호스팩,2025Q3,2015,2035,1996,2025,938537,0.00496277915632759,0.004950505159856178,0.004962779156327368,0,0.025428948593634728,,0.0,1994.25,,0.015419330575404233,0,0.00496277915632759,1.0805837248702905,1.147502339846594,0.01925925925925926,0.0,0,2.0,
473050,유안타제15호스팩,2025Q4,2035,2050,2025,2045,938913,0.009876543209876631,0.009828088936262525,0.05141388174807204,0,0.008176948971345957,,0.0,2019.25,2009.625,0.01275225950229042,0,0.05141388174807204,0.6501258246937196,1.083050193473297,0.012224938875305624,0.0,0,0.0,-0.9242521772850069
