stock_code,Name,quarter,Open,High,Low,Close,Volume_sum,ret_1q,logret_1q,cumret_4q,down_gap_q,vol_4q,vol_8q,max_drawdown_4q,ma4,ma8,ma4_ratio,ma_cross_4_8,mom_4q,vol_z_4q,vol_drop_ratio_4q,intraquarter_range,crash_count_4q,down_streak_1q,down_streak_4q_max,vol_mean_decline_q
473370,비엔케이제2호스팩,2024Q1,4716,5338,2344,2375,26460109,,,,0,,,,,,,0,,,,1.2606315789473683,,0,,
473370,비엔케이제2호스팩,2024Q2,2381,2434,2370,2393,860162,0.0075789473684211295,0.0075503714396312205,,0,,,,,,,0,,,,0.026744671959882994,,0,,
473370,비엔케이제2호스팩,2024Q3,2393,2440,2358,2375,479018,-0.007521938988717114,-0.0075503714396312205,,0,,,,,,,0,,,,0.03452631578947368,,1,,
473370,비엔케이제2호스팩,2024Q4,2387,2405,2287,2317,353941,-0.0244210526315789,-0.024724192036365444,,0,,,-0.0317592979523611,2365.0,,-0.02029598308668079,0,,-0.5161809484311846,0.05028780001442108,0.050927924039706515,0.0,2,2.0,
473370,비엔케이제2호스팩,2025Q1,2316,2370,2291,2358,263383,0.017695295640914877,0.017540556664940254,-0.007157894736842141,0,0.018370386103799076,,-0.014625992478060956,2360.75,,-0.0011648840410886097,0,-0.007157894736842141,-0.8593790096938767,0.5384767933007037,0.033502968617472435,0.0,0,2.0,
473370,비엔케이제2호스팩,2025Q2,2364,2393,2319,2381,399622,0.009754028837998252,0.009706765389545957,-0.00501462599247815,0,0.018763294691869603,,0.0,2357.75,,0.00986109638426469,0,-0.005014625992478039,0.2846498131293768,1.0685337347690185,0.03107937841243175,0.0,0,2.0,
473370,비엔케이제2호스팩,2025Q3,2375,2387,2335,2370,595448,-0.004619907601847939,-0.004630612357686026,-0.0021052631578949432,0,0.018487496659292738,,-0.004619907601847939,2356.5,,0.005728835136855404,0,-0.002105263157894721,1.3722073509082542,1.4771774144532912,0.021940928270042195,0.0,1,2.0,
473370,비엔케이제2호스팩,2025Q4,2370,2860,2250,2835,3665223,0.19620253164556956,0.17915198203267568,0.22356495468277937,0,0.0947475468782995,,0.0,2486.0,2425.5,0.14038616251005642,0,0.22356495468277937,1.4947381817369165,2.9776313469854636,0.21516754850088182,0.0,0,1.0,-0.7022892044376823
