stock_code,Name,quarter,Open,High,Low,Close,Volume_sum,ret_1q,logret_1q,cumret_4q,down_gap_q,vol_4q,vol_8q,max_drawdown_4q,ma4,ma8,ma4_ratio,ma_cross_4_8,mom_4q,vol_z_4q,vol_drop_ratio_4q,intraquarter_range,crash_count_4q,down_streak_1q,down_streak_4q_max,vol_mean_decline_q
473980,노머스,2024Q4,21500,26050,14620,20600,24555190,,,,0,,,,,,,0,,,,0.5548543689320389,,0,,
473980,노머스,2025Q1,20550,26950,16830,26600,14862330,0.2912621359223302,0.25562013999211786,,0,,,,,,,0,,,,0.3804511278195489,,0,,
473980,노머스,2025Q2,26700,33850,21400,31300,12584075,0.17669172932330834,0.16270688175845294,,0,,,,,,,0,,,,0.3977635782747604,,0,,
473980,노머스,2025Q3,31400,38000,27500,31700,11694191,0.012779552715654896,0.012698583337128255,,0,,,0.0,27550.0,,0.15063520871143377,0,,-0.7160820255725593,0.7343776870890643,0.3312302839116719,0.0,0,0.0,
473980,노머스,2025Q4,31950,32100,19910,28000,9999114,-0.11671924290220825,-0.12411217070803104,0.35922330097087385,1,0.17954917409407142,,-0.11671924290220825,29400.0,,-0.04761904761904767,0,0.35922330097087385,-1.1285889767333197,0.8139334969620293,0.43535714285714283,1.0,1,1.0,
