stock_code,Name,quarter,Open,High,Low,Close,Volume_sum,ret_1q,logret_1q,cumret_4q,down_gap_q,vol_4q,vol_8q,max_drawdown_4q,ma4,ma8,ma4_ratio,ma_cross_4_8,mom_4q,vol_z_4q,vol_drop_ratio_4q,intraquarter_range,crash_count_4q,down_streak_1q,down_streak_4q_max,vol_mean_decline_q
473950,에스케이증권제13호스팩,2024Q3,2885,3375,2035,2055,43807018,,,,0,,,,,,,0,,,,0.6520681265206812,,0,,
473950,에스케이증권제13호스팩,2024Q4,2050,2075,1980,1986,640684,-0.033576642335766405,-0.034153282325216416,,0,,,,,,,0,,,,0.04783484390735146,,1,,
473950,에스케이증권제13호스팩,2025Q1,1995,2030,1955,2020,360487,0.017119838872104776,0.016974945790131812,,0,,,,,,,0,,,,0.03712871287128713,,0,,
473950,에스케이증권제13호스팩,2025Q2,2015,2070,2000,2045,413757,0.012376237623762387,0.012300278081651683,,0,,,-0.0048661800486617945,2026.5,,0.00912904021712313,0,,-0.5026636186085219,0.03659789430556571,0.034229828850855744,0.0,0,1.0,
473950,에스케이증권제13호스팩,2025Q3,2040,2060,1900,2055,354582,0.004889975550122161,0.004878058453432921,-1.1102230246251565e-16,0,0.023075232943076177,,0.0,2026.5,,0.014063656550703074,0,0.0,-0.6510297847258784,0.8015371487021831,0.07785888077858881,0.0,0,1.0,
473950,에스케이증권제13호스팩,2025Q4,2055,2060,2010,2030,334297,-0.012165450121654486,-0.01224005489450164,0.022155085599194324,0,0.012841746906086917,,-0.012165450121654486,2037.5,,-0.0036809815950920033,0,0.022155085599194324,-0.9288922108000841,0.9139272638048885,0.024630541871921183,0.0,1,1.0,
