stock_code,Name,quarter,Open,High,Low,Close,Volume_sum,ret_1q,logret_1q,cumret_4q,down_gap_q,vol_4q,vol_8q,max_drawdown_4q,ma4,ma8,ma4_ratio,ma_cross_4_8,mom_4q,vol_z_4q,vol_drop_ratio_4q,intraquarter_range,crash_count_4q,down_streak_1q,down_streak_4q_max,vol_mean_decline_q
474170,루미르,2024Q4,14000,19180,7590,10370,284715536,,,,0,,,,,,,0,,,,1.1176470588235294,,0,,
474170,루미르,2025Q1,10160,13380,8300,8420,92293300,-0.18804243008678878,-0.208307193987201,,1,,,,,,,0,,,,0.6033254156769596,,1,,
474170,루미르,2025Q2,8440,9840,7110,7960,7562384,-0.05463182897862229,-0.05618082839794347,,0,,,,,,,0,,,,0.34296482412060303,,2,,
474170,루미르,2025Q3,7990,10350,7130,8840,34493617,0.11055276381909551,0.10485787679326108,,0,,,-0.14754098360655743,8897.5,,-0.006462489463332388,0,,-0.5618862098456636,0.329243725118364,0.36425339366515835,1.0,0,2.0,
474170,루미르,2025Q4,8840,10190,7270,9050,29515066,0.0237556561085972,0.023477881062282435,-0.12729026036644164,0,0.1267478445085352,,0.0,8567.5,,0.05631747884447047,0,-0.12729026036644164,-0.316649470316908,0.7204755137521753,0.32265193370165746,1.0,0,2.0,
