stock_code,Name,quarter,Open,High,Low,Close,Volume_sum,ret_1q,logret_1q,cumret_4q,down_gap_q,vol_4q,vol_8q,max_drawdown_4q,ma4,ma8,ma4_ratio,ma_cross_4_8,mom_4q,vol_z_4q,vol_drop_ratio_4q,intraquarter_range,crash_count_4q,down_streak_1q,down_streak_4q_max,vol_mean_decline_q
474490,유안타제16호스팩,2024Q2,3115,3300,2000,2025,26774183,,,,0,,,,,,,0,,,,0.6419753086419753,,0,,
474490,유안타제16호스팩,2024Q3,2025,2075,2000,2010,1115981,-0.007407407407407418,-0.007434978487517618,,0,,,,,,,0,,,,0.03731343283582089,,1,,
474490,유안타제16호스팩,2024Q4,2020,2055,1930,1945,783207,-0.03233830845771146,-0.03287274500057524,,0,,,,,,,0,,,,0.06426735218508997,,2,,
474490,유안타제16호스팩,2025Q1,1957,2005,1940,1992,419677,0.02416452442159378,0.023877182091997184,,0,,,-0.016296296296296253,1993.0,,-0.0005017561465128217,0,,-0.5270478896460207,0.05770134500860824,0.03263052208835342,0.0,0,2.0,
474490,유안타제16호스팩,2025Q2,2000,2035,1928,2025,528028,0.016566265060240948,0.016430541396095677,-1.1102230246251565e-16,0,0.025552290598338287,,0.0,1993.0,,0.016056196688409408,0,0.0,-0.5933177760157169,0.741900731780225,0.05283950617283951,0.0,0,2.0,
474490,유안타제16호스팩,2025Q3,2025,2030,1994,2010,620043,-0.007407407407407418,-0.007434978487517618,-1.1102230246251565e-16,0,0.025552290598338287,,-0.007407407407407418,1993.0,,0.008529854490717526,0,0.0,0.20989544926425288,1.0549636211667173,0.01791044776119403,0.0,1,2.0,
474490,유안타제16호스팩,2025Q4,2010,2050,2005,2030,703776,0.00995024875621886,0.009901070982711424,0.04370179948586106,0,0.013467129514254928,,0.0,2014.25,,0.007819287576020795,0,0.04370179948586128,1.1127848423479452,1.239301895995816,0.022167487684729065,0.0,0,1.0,
