stock_code,Name,quarter,Open,High,Low,Close,Volume_sum,ret_1q,logret_1q,cumret_4q,down_gap_q,vol_4q,vol_8q,max_drawdown_4q,ma4,ma8,ma4_ratio,ma_cross_4_8,mom_4q,vol_z_4q,vol_drop_ratio_4q,intraquarter_range,crash_count_4q,down_streak_1q,down_streak_4q_max,vol_mean_decline_q
474650,링크솔루션,2025Q2,30000,37600,16800,16960,22293446,,,,0,,,,,,,0,,,,1.2264150943396226,,0,,
474650,링크솔루션,2025Q3,17210,24750,16630,18740,7606068,0.10495283018867929,0.09980264644651804,,0,,,,,,,0,,,,0.43329775880469584,,0,,
474650,링크솔루션,2025Q4,18920,66400,17240,60000,25658121,2.2017075773746,1.1636842854118257,,0,,,,,,,0,,,,0.8193333333333334,,0,,
