stock_code,Name,quarter,Open,High,Low,Close,Volume_sum,ret_1q,logret_1q,cumret_4q,down_gap_q,vol_4q,vol_8q,max_drawdown_4q,ma4,ma8,ma4_ratio,ma_cross_4_8,mom_4q,vol_z_4q,vol_drop_ratio_4q,intraquarter_range,crash_count_4q,down_streak_1q,down_streak_4q_max,vol_mean_decline_q
474610,RF시스템즈,2024Q4,7800,8410,3595,3905,79724451,,,,0,,,,,,,0,,,,1.2330345710627402,,0,,
474610,RF시스템즈,2025Q1,3925,7140,3715,4505,140016173,0.15364916773367487,0.14293010776865245,,0,,,,,,,0,,,,0.7602663706992231,,0,,
474610,RF시스템즈,2025Q2,4525,6060,4035,4640,41176024,0.029966703662597016,0.02952647517786211,,0,,,,,,,0,,,,0.4364224137931034,,0,,
474610,RF시스템즈,2025Q3,4705,5700,4070,5060,20024514,0.09051724137931028,0.08665211706120957,,0,,,0.0,4527.5,,0.11761457758144678,0,,-0.9531604147824834,0.2851061604137595,0.3221343873517787,0.0,0,0.0,
474610,RF시스템즈,2025Q4,5190,5280,3885,4765,9896919,-0.05830039525691699,-0.06006894619320846,0.22023047375160054,0,0.09028184878444642,,-0.05830039525691699,4742.5,,0.004744333157617353,0,0.22023047375160054,-0.7194812218231785,0.1875183331365199,0.29275970619097585,0.0,1,1.0,
