stock_code,Name,quarter,Open,High,Low,Close,Volume_sum,ret_1q,logret_1q,cumret_4q,down_gap_q,vol_4q,vol_8q,max_drawdown_4q,ma4,ma8,ma4_ratio,ma_cross_4_8,mom_4q,vol_z_4q,vol_drop_ratio_4q,intraquarter_range,crash_count_4q,down_streak_1q,down_streak_4q_max,vol_mean_decline_q
474660,신한제12호스팩,2024Q2,4500,5300,2070,2155,85583260,,,,0,,,,,,,0,,,,1.4988399071925753,,0,,
474660,신한제12호스팩,2024Q3,2130,2200,2075,2120,1191941,-0.016241299303944357,-0.016374634871789695,,0,,,,,,,0,,,,0.0589622641509434,,1,,
474660,신한제12호스팩,2024Q4,2090,2180,1980,2000,664567,-0.05660377358490565,-0.058268908123976004,,0,,,,,,,0,,,,0.1,,2,,
474660,신한제12호스팩,2025Q1,2010,2150,1995,2035,312503,0.01750000000000007,0.017348638334612865,,0,,,-0.05568445475638051,2077.5,,-0.020457280385078214,0,,-0.5096562579808217,0.014244782337314096,0.07616707616707617,0.0,0,2.0,
474660,신한제12호스팩,2025Q2,2040,2160,2000,2110,379315,0.03685503685503688,0.03619212859341747,-0.02088167053364265,0,0.04101560829157915,,-0.004716981132075526,2066.25,,0.021173623714458634,0,-0.02088167053364265,-0.6441349796638147,0.5953947807305658,0.07582938388625593,0.0,0,2.0,
474660,신한제12호스팩,2025Q3,2110,2200,2035,2095,564509,-0.007109004739336511,-0.00713439411387462,-0.011792452830188482,0,0.04040287548624141,,-0.007109004739336511,2060.0,,0.016990291262136026,0,-0.011792452830188704,0.5180900590283198,1.1755130683941957,0.07875894988066826,0.0,1,2.0,
474660,신한제12호스팩,2025Q4,2095,2135,0,2100,195999,0.0023866348448686736,0.0023837913552764434,0.050000000000000044,0,0.019191380951250735,,-0.004739336492891044,2085.0,,0.007194244604316502,0,0.050000000000000044,-1.083708257697617,0.5398209492909994,1.0166666666666666,0.0,0,1.0,
