stock_code,Name,quarter,Open,High,Low,Close,Volume_sum,ret_1q,logret_1q,cumret_4q,down_gap_q,vol_4q,vol_8q,max_drawdown_4q,ma4,ma8,ma4_ratio,ma_cross_4_8,mom_4q,vol_z_4q,vol_drop_ratio_4q,intraquarter_range,crash_count_4q,down_streak_1q,down_streak_4q_max,vol_mean_decline_q
474930,신한제13호스팩,2024Q2,5900,6070,2145,2185,60140927,,,,0,,,,,,,0,,,,1.7963386727688788,,0,,
474930,신한제13호스팩,2024Q3,2185,2330,2125,2145,612457,-0.01830663615560646,-0.01847627616757297,,0,,,,,,,0,,,,0.09557109557109557,,1,,
474930,신한제13호스팩,2024Q4,2145,2195,2030,2080,509985,-0.030303030303030276,-0.030771658666753687,,0,,,,,,,0,,,,0.07932692307692307,,2,,
474930,신한제13호스팩,2025Q1,2050,2170,2050,2155,153656,0.03605769230769229,0.03542282984248413,,0,,,-0.013729977116704761,2141.25,,0.0064214827787507645,0,,-0.5090891012600056,0.010007388016596376,0.05568445475638051,0.0,0,2.0,
474930,신한제13호스팩,2025Q2,2115,2205,2100,2145,360228,-0.004640371229698403,-0.00465117117573044,-0.01830663615560646,0,0.028874455883265433,,-0.004640371229698403,2131.25,,0.006451612903225712,0,-0.01830663615560646,-0.24511464948234427,0.8805775866178256,0.04895104895104895,0.0,1,2.0,
474930,신한제13호스팩,2025Q3,2145,2200,2085,2150,296162,0.002331002331002363,0.0023282897595908736,0.002331002331002363,0,0.027340019056154234,,-0.002320185614849146,2132.5,,0.008206330597889888,0,0.002331002331002363,-0.2289689562409356,0.8974395298292237,0.053488372093023255,0.0,0,2.0,
474930,신한제13호스팩,2025Q4,2130,2200,2100,2145,354463,-0.0023255813953488857,-0.0023282897595908736,0.03125,0,0.019023537538928766,,-0.004640371229698403,2148.75,,-0.0017452006980802626,0,0.03125,0.6590086161855395,1.2175534925019902,0.046620046620046623,0.0,1,1.0,
