stock_code,Name,quarter,Open,High,Low,Close,Volume_sum,ret_1q,logret_1q,cumret_4q,down_gap_q,vol_4q,vol_8q,max_drawdown_4q,ma4,ma8,ma4_ratio,ma_cross_4_8,mom_4q,vol_z_4q,vol_drop_ratio_4q,intraquarter_range,crash_count_4q,down_streak_1q,down_streak_4q_max,vol_mean_decline_q
475150,SK이터닉스,2024Q1,8234,10700,8234,10701,541423,,,,0,,,,,,,0,,,,0.2304457527333894,,0,,
475150,SK이터닉스,2024Q2,12967,27585,12508,17501,321241326,0.635454630408373,0.49192082710915663,,0,,,,,,,0,,,,0.8614936289354894,,0,,
475150,SK이터닉스,2024Q3,17000,21001,10666,17890,97979941,0.022227301297068847,0.021983875366606398,,0,,,,,,,0,,,,0.57769703745109,,0,,
475150,SK이터닉스,2024Q4,17500,18360,11620,12050,30719650,-0.3264393515930688,-0.3951772375839635,,1,,,-0.3264393515930688,14535.5,,-0.17099514980564823,0,,-0.5651411544830621,0.27277118121877986,0.5593360995850623,1.0,1,1.0,
475150,SK이터닉스,2025Q1,12040,16400,11500,12510,35902664,0.03817427385892125,0.03746366454215533,0.16904962153069825,0,0.3992490295058293,,-0.30072666294019,14987.75,,-0.1653183433137062,0,0.16904962153069802,-0.6261228521799308,0.29559031263603336,0.39168665067945646,1.0,0,1.0,
475150,SK이터닉스,2025Q2,12520,30600,12520,23650,90898794,0.8904876099120704,0.6368347904591225,0.35135135135135154,0,0.5176864440795816,,0.0,16525.0,,0.43116490166414523,0,0.3513513513513513,0.7617894971459642,1.423067253238557,0.7644820295983087,1.0,0,1.0,
475150,SK이터닉스,2025Q3,24950,25650,19820,21650,46843395,-0.08456659619450313,-0.08835766048944294,0.21017328116266087,0,0.5295116306677558,,-0.08456659619450313,17465.0,,0.23962210134554818,0,0.21017328116266065,-0.1551610625472149,0.9168597151140284,0.269284064665127,1.0,1,1.0,
475150,SK이터닉스,2025Q4,21650,24600,17210,20700,38566259,-0.04387990762124716,-0.04487175417717637,0.7178423236514526,0,0.46311130789372623,,-0.12473572938689215,19627.5,17081.5,0.054642720672525735,0,0.7178423236514522,-0.5646198994318481,0.7269413677074554,0.3570048309178744,0.0,2,2.0,-0.3595496941774521
