stock_code,Name,quarter,Open,High,Low,Close,Volume_sum,ret_1q,logret_1q,cumret_4q,down_gap_q,vol_4q,vol_8q,max_drawdown_4q,ma4,ma8,ma4_ratio,ma_cross_4_8,mom_4q,vol_z_4q,vol_drop_ratio_4q,intraquarter_range,crash_count_4q,down_streak_1q,down_streak_4q_max,vol_mean_decline_q
475240,하나32호스팩,2024Q1,4875,7030,2265,2350,104838991,,,,0,,,,,,,0,,,,2.027659574468085,,0,,
475240,하나32호스팩,2024Q2,2385,2460,2155,2205,4357338,-0.0617021276595745,-0.0636878192572583,,0,,,,,,,0,,,,0.1383219954648526,,1,,
475240,하나32호스팩,2024Q3,2200,2280,2120,2155,776220,-0.0226757369614512,-0.02293678534309862,,0,,,,,,,0,,,,0.07424593967517401,,2,,
475240,하나32호스팩,2024Q4,2150,2195,2045,2095,528925,-0.02784222737819031,-0.028237170181609983,,0,,,-0.10851063829787233,2201.25,,-0.048268029528676926,0,,-0.5260887074891089,0.01914635093464907,0.07159904534606205,0.0,3,3.0,
475240,하나32호스팩,2025Q1,2090,2170,2070,2115,153981,0.009546539379474916,0.009501259124140127,-0.09999999999999998,0,0.029167350708605575,,-0.04081632653061229,2142.5,,-0.012835472578763163,0,-0.09999999999999998,-0.6659462095148126,0.10589320246802869,0.04728132387706856,0.0,0,3.0,
475240,하나32호스팩,2025Q2,2110,2195,2050,2140,296230,0.011820330969267046,0.011751016535519021,-0.029478458049886802,0,0.020878926698580463,,-0.00696055684454755,2126.25,,0.0064667842445620405,0,-0.02947845804988658,-0.5225691700597983,0.6750311617700341,0.06775700934579439,0.0,0,3.0,
475240,하나32호스팩,2025Q3,2150,2160,2080,2105,347333,-0.016355140186915862,-0.01649036189941544,-0.023201856148492017,0,0.019521176309099098,,-0.016355140186915862,2113.75,,-0.004139562389118834,0,-0.023201856148491906,0.10145584303312294,1.047391231909679,0.03800475059382423,0.0,1,3.0,
475240,하나32호스팩,2025Q4,2105,2130,2080,2120,255488,0.0071258907363420665,0.00710062154957658,0.01193317422434359,0,0.013067709661603836,,-0.009345794392523366,2120.0,2160.625,0.0,1,0.01193317422434359,-0.09478995103322842,0.9704852274194896,0.02358490566037736,0.0,0,1.0,-0.9811207626162587
