stock_code,Name,quarter,Open,High,Low,Close,Volume_sum,ret_1q,logret_1q,cumret_4q,down_gap_q,vol_4q,vol_8q,max_drawdown_4q,ma4,ma8,ma4_ratio,ma_cross_4_8,mom_4q,vol_z_4q,vol_drop_ratio_4q,intraquarter_range,crash_count_4q,down_streak_1q,down_streak_4q_max,vol_mean_decline_q
475250,하나33호스팩,2024Q2,5100,5200,2105,2145,51729101,,,,0,,,,,,,0,,,,1.442890442890443,,0,,
475250,하나33호스팩,2024Q3,2140,2205,2100,2120,459837,-0.011655011655011704,-0.011723463696059255,,0,,,,,,,0,,,,0.049528301886792456,,1,,
475250,하나33호스팩,2024Q4,2115,2160,2000,2045,545849,-0.035377358490566,-0.036018299189156444,,0,,,,,,,0,,,,0.07823960880195599,,2,,
475250,하나33호스팩,2025Q1,2030,2190,2025,2120,222327,0.03667481662591676,0.036018299189156444,,0,,,-0.011655011655011704,2107.5,,0.005931198102016699,0,,-0.5072808453902754,0.01679298460259749,0.07783018867924528,0.0,0,2.0,
475250,하나33호스팩,2025Q2,2110,2170,2070,2115,357876,-0.002358490566037763,-0.002361276185680161,-0.013986013986014068,0,0.029986535858869685,,-0.002358490566037763,2100.0,,0.0071428571428571175,0,-0.013986013986013957,-0.27723656440084166,0.9026508160407191,0.04728132387706856,0.0,1,2.0,
475250,하나33호스팩,2025Q3,2095,2150,2050,2080,367050,-0.01654846335697402,-0.01668691878501427,-0.018867924528301994,0,0.030542266888515503,,-0.018867924528301883,2090.0,,-0.004784688995215336,0,-0.018867924528301883,-0.046907391213705914,0.9833219699658831,0.04807692307692308,0.0,2,2.0,
475250,하나33호스팩,2025Q4,2085,2105,2060,2100,296691,0.009615384615384581,0.009569451016150587,0.026894865525672218,0,0.022579130147475736,,-0.009433962264150941,2103.75,,-0.0017825311942959443,0,0.02689486552567244,-0.21383820842859258,0.9540333005344293,0.02142857142857143,0.0,0,2.0,
