stock_code,Name,quarter,Open,High,Low,Close,Volume_sum,ret_1q,logret_1q,cumret_4q,down_gap_q,vol_4q,vol_8q,max_drawdown_4q,ma4,ma8,ma4_ratio,ma_cross_4_8,mom_4q,vol_z_4q,vol_drop_ratio_4q,intraquarter_range,crash_count_4q,down_streak_1q,down_streak_4q_max,vol_mean_decline_q
475400,씨메스,2024Q4,35600,37450,14670,24000,95401659,,,,0,,,,,,,0,,,,0.9491666666666667,,0,,
475400,씨메스,2025Q1,25350,50000,21700,21850,71957653,-0.08958333333333335,-0.09385290880634578,,0,,,,,,,0,,,,1.2951945080091534,,1,,
475400,씨메스,2025Q2,22500,29200,19790,24300,9784535,0.11212814645308922,0.10627542880490282,,0,,,,,,,0,,,,0.38724279835390946,,0,,
475400,씨메스,2025Q3,24700,30550,19430,26600,11460050,0.09465020576131677,0.09043486544115176,,0,,,0.0,24187.5,,0.09974160206718352,0,,-0.8250836303172939,0.24305012106934354,0.4180451127819549,0.0,0,1.0,
475400,씨메스,2025Q4,26900,40950,25600,33100,39233415,0.244360902255639,0.21862206659536376,0.37916666666666643,0,0.13734158852136047,,0.0,26462.5,,0.25082664147378364,0,0.37916666666666665,0.20968116589405733,1.184980452355983,0.4637462235649547,0.0,0,1.0,
