stock_code,Name,quarter,Open,High,Low,Close,Volume_sum,ret_1q,logret_1q,cumret_4q,down_gap_q,vol_4q,vol_8q,max_drawdown_4q,ma4,ma8,ma4_ratio,ma_cross_4_8,mom_4q,vol_z_4q,vol_drop_ratio_4q,intraquarter_range,crash_count_4q,down_streak_1q,down_streak_4q_max,vol_mean_decline_q
475460,미트박스,2025Q1,18600,20500,9050,9060,26248985,,,,0,,,,,,,0,,,,1.2637969094922736,,0,,
475460,미트박스,2025Q2,9800,16730,9380,14330,78896485,0.5816777041942605,0.4584861217851923,,0,,,,,,,0,,,,0.5129099790648988,,0,,
475460,미트박스,2025Q3,14100,19490,9860,9880,81883812,-0.31053733426378227,-0.3718427300803029,,1,,,,,,,0,,,,0.9746963562753036,,1,,
475460,미트박스,2025Q4,9810,10580,7900,8580,2669543,-0.13157894736842102,-0.14107859825990587,,1,,,-0.40125610607117934,10462.5,,-0.17992831541218635,0,,-1.1393162657403917,0.05629013252981403,0.3123543123543124,2.0,2,2.0,
