stock_code,Name,quarter,Open,High,Low,Close,Volume_sum,ret_1q,logret_1q,cumret_4q,down_gap_q,vol_4q,vol_8q,max_drawdown_4q,ma4,ma8,ma4_ratio,ma_cross_4_8,mom_4q,vol_z_4q,vol_drop_ratio_4q,intraquarter_range,crash_count_4q,down_streak_1q,down_streak_4q_max,vol_mean_decline_q
475580,에이럭스,2024Q4,12460,14750,6720,11990,210964771,,,,0,,,,,,,0,,,,0.6697247706422018,,0,,
475580,에이럭스,2025Q1,11840,16450,9950,10010,93704334,-0.1651376146788991,-0.1804883757122937,,1,,,,,,,0,,,,0.6493506493506493,,1,,
475580,에이럭스,2025Q2,10130,13450,9100,10710,17158578,0.06993006993007,0.06759329113252832,,0,,,,,,,0,,,,0.4061624649859944,,0,,
475580,에이럭스,2025Q3,10810,12270,9800,11400,28495304,0.06442577030812324,0.062435470940792825,,0,,,-0.04920767306088403,11027.5,,0.03377918839265481,0,,-0.6646021240377744,0.3253603680879782,0.21666666666666667,1.0,0,1.0,
475580,에이럭스,2025Q4,11500,12950,8170,11150,13649374,-0.021929824561403466,-0.022173857494321325,-0.07005838198498737,0,0.10969292803095106,,-0.021929824561403466,10817.5,,0.030737231338109572,0,-0.07005838198498748,-0.6559408890390728,0.35682867758390285,0.42869955156950673,1.0,1,1.0,
