stock_code,Name,quarter,Open,High,Low,Close,Volume_sum,ret_1q,logret_1q,cumret_4q,down_gap_q,vol_4q,vol_8q,max_drawdown_4q,ma4,ma8,ma4_ratio,ma_cross_4_8,mom_4q,vol_z_4q,vol_drop_ratio_4q,intraquarter_range,crash_count_4q,down_streak_1q,down_streak_4q_max,vol_mean_decline_q
475560,더본코리아,2024Q4,46350,64500,31000,32000,42167078,,,,0,,,,,,,0,,,,1.046875,,0,,
475560,더본코리아,2025Q1,32000,33800,27800,28950,6669158,-0.09531250000000002,-0.10016569878072268,,0,,,,,,,0,,,,0.20725388601036268,,1,,
475560,더본코리아,2025Q2,29400,30050,25300,27300,3237839,-0.05699481865284972,-0.058683501828090456,,0,,,,,,,0,,,,0.17399267399267399,,2,,
475560,더본코리아,2025Q3,27350,28850,23750,25550,2057582,-0.0641025641025641,-0.06624938554119986,,0,,,-0.20156249999999998,28450.0,,-0.10193321616871709,0,,-0.598003948573332,0.1520427870885238,0.19960861056751467,0.0,3,3.0,
475560,더본코리아,2025Q4,25550,26600,23900,24200,1377611,-0.052837573385518644,-0.05428468348707227,-0.24375000000000002,0,0.01923782503059877,,-0.1640759930915371,26500.0,,-0.08679245283018866,0,-0.24375000000000002,-0.8326189384244325,0.4130089587991177,0.1115702479338843,0.0,4,4.0,
