stock_code,Name,quarter,Open,High,Low,Close,Volume_sum,ret_1q,logret_1q,cumret_4q,down_gap_q,vol_4q,vol_8q,max_drawdown_4q,ma4,ma8,ma4_ratio,ma_cross_4_8,mom_4q,vol_z_4q,vol_drop_ratio_4q,intraquarter_range,crash_count_4q,down_streak_1q,down_streak_4q_max,vol_mean_decline_q
475660,에스켐,2024Q4,10730,11480,5790,6440,22877119,,,,0,,,,,,,0,,,,0.8835403726708074,,0,,
475660,에스켐,2025Q1,6440,7030,4925,4925,7369609,-0.23524844720496896,-0.2682042654922103,,1,,,,,,,0,,,,0.42741116751269037,,1,,
475660,에스켐,2025Q2,4880,5520,4710,4995,941726,0.014213197969543234,0.014113137476465809,,0,,,,,,,0,,,,0.16216216216216217,,0,,
475660,에스켐,2025Q3,5010,8500,4750,7870,14746067,0.5755755755755756,0.45462065032879373,,0,,,0.0,6057.5,,0.2992158481221625,0,,0.3448425769945187,1.2840945484116402,0.4764930114358323,1.0,0,1.0,
475660,에스켐,2025Q4,8100,8100,5490,5550,2397673,-0.2947903430749682,-0.3492601346709687,-0.13819875776397517,1,0.39700542454448307,,-0.2947903430749682,5835.0,,-0.04884318766066842,0,-0.13819875776397517,-0.6367098168048416,0.3767693475662515,0.4702702702702703,2.0,1,1.0,
