stock_code,Name,quarter,Open,High,Low,Close,Volume_sum,ret_1q,logret_1q,cumret_4q,down_gap_q,vol_4q,vol_8q,max_drawdown_4q,ma4,ma8,ma4_ratio,ma_cross_4_8,mom_4q,vol_z_4q,vol_drop_ratio_4q,intraquarter_range,crash_count_4q,down_streak_1q,down_streak_4q_max,vol_mean_decline_q
475830,오름테라퓨틱,2025Q1,21000,42250,20050,25050,100086921,,,,0,,,,,,,0,,,,0.8862275449101796,,0,,
475830,오름테라퓨틱,2025Q2,25500,30800,15950,18970,43362266,-0.2427145708582834,-0.27801504358395057,,1,,,,,,,0,,,,0.7828149710068529,,1,,
475830,오름테라퓨틱,2025Q3,19150,36700,17900,33500,12725606,0.7659462308908804,0.5686866548840985,,0,,,,,,,0,,,,0.5611940298507463,,0,,
475830,오름테라퓨틱,2025Q4,34000,120800,31350,120000,22162398,2.582089552238806,1.2759463039510255,,0,,,0.0,49380.0,,1.4301336573511545,0,,-0.5726190703466106,0.497089762953595,0.7454166666666666,1.0,0,1.0,
