stock_code,Name,quarter,Open,High,Low,Close,Volume_sum,ret_1q,logret_1q,cumret_4q,down_gap_q,vol_4q,vol_8q,max_drawdown_4q,ma4,ma8,ma4_ratio,ma_cross_4_8,mom_4q,vol_z_4q,vol_drop_ratio_4q,intraquarter_range,crash_count_4q,down_streak_1q,down_streak_4q_max,vol_mean_decline_q
475960,토모큐브,2024Q4,12250,17100,9930,15350,84652262,,,,0,,,,,,,0,,,,0.4671009771986971,,0,,
475960,토모큐브,2025Q1,15320,24800,13850,15090,30627293,-0.01693811074918572,-0.017083201253448976,,0,,,,,,,0,,,,0.7256461232604374,,1,,
475960,토모큐브,2025Q2,15220,32500,13490,25600,24940053,0.6964877402253147,0.5285600787057589,,0,,,,,,,0,,,,0.742578125,,0,,
475960,토모큐브,2025Q3,26950,53400,22500,48600,19289117,0.8984375,0.6410311794209314,,0,,,0.0,26160.0,,0.8577981651376148,0,,-0.6815702441807686,0.483713151114461,0.6358024691358025,0.0,0,1.0,
475960,토모큐브,2025Q4,48600,63900,36600,51000,25318607,0.04938271604938271,0.04820210181787843,2.322475570032573,0,0.4593210614225991,,0.0,35072.5,,0.45413072920379216,0,2.3224755700325734,0.05932952326864741,1.0109743671753861,0.5352941176470588,0.0,0,1.0,
