stock_code,Name,quarter,Open,High,Low,Close,Volume_sum,ret_1q,logret_1q,cumret_4q,down_gap_q,vol_4q,vol_8q,max_drawdown_4q,ma4,ma8,ma4_ratio,ma_cross_4_8,mom_4q,vol_z_4q,vol_drop_ratio_4q,intraquarter_range,crash_count_4q,down_streak_1q,down_streak_4q_max,vol_mean_decline_q
476080,M83,2024Q3,26000,54800,16970,17090,163275815,,,,0,,,,,,,0,,,,2.21357519016969,,0,,
476080,M83,2024Q4,16750,19400,10460,14500,67918383,-0.15155061439438267,-0.16434484770097058,,1,,,,,,,0,,,,0.616551724137931,,1,,
476080,M83,2025Q1,14790,20400,12510,13400,59426249,-0.07586206896551728,-0.07889394246966397,,0,,,,,,,0,,,,0.5888059701492537,,2,,
476080,M83,2025Q2,13650,18240,11040,13950,19652301,0.04104477611940305,0.04022480131050976,,0,,,-0.18373317729666472,14735.0,,-0.05327451645741432,0,,-0.9511764911197592,0.25335516737035507,0.5161290322580645,1.0,0,2.0,
476080,M83,2025Q3,13800,14630,11680,11730,7238343,-0.1591397849462366,-0.17332984560199094,-0.31363370392042134,1,0.09289581205203219,,-0.19103448275862067,13395.0,,-0.1243001119820829,0,-0.31363370392042134,-1.0566414033602054,0.18772211358444355,0.2514919011082694,2.0,1,2.0,
476080,M83,2025Q4,11730,14460,8600,9320,20031029,-0.20545609548167088,-0.229987033967884,-0.3572413793103447,1,0.10815834800809843,,-0.331899641577061,12100.0,,-0.22975206611570242,0,-0.35724137931034483,-0.2889966032024571,0.7534149656445568,0.628755364806867,2.0,2,2.0,
