stock_code,Name,quarter,Open,High,Low,Close,Volume_sum,ret_1q,logret_1q,cumret_4q,down_gap_q,vol_4q,vol_8q,max_drawdown_4q,ma4,ma8,ma4_ratio,ma_cross_4_8,mom_4q,vol_z_4q,vol_drop_ratio_4q,intraquarter_range,crash_count_4q,down_streak_1q,down_streak_4q_max,vol_mean_decline_q
476060,온코닉테라퓨틱스,2024Q4,4500,6525,3852,4085,271412576,,,,0,,,,,,,0,,,,0.6543451652386781,,0,,
476060,온코닉테라퓨틱스,2025Q1,4085,6487,3137,6487,440489644,0.5880048959608324,0.4624784459189524,,0,,,,,,,0,,,,0.5164174502851857,,0,,
476060,온코닉테라퓨틱스,2025Q2,6575,7337,4992,5250,214223284,-0.19068907044858951,-0.21157209762738738,,1,,,,,,,0,,,,0.44666666666666666,,1,,
476060,온코닉테라퓨틱스,2025Q3,5262,14275,5187,12875,216206460,1.4523809523809526,0.8970593699462679,,0,,,0.0,7174.25,,0.7946126772833397,0,,-0.6507019670377577,0.7570705077460302,0.7058640776699029,1.0,0,1.0,
476060,온코닉테라퓨틱스,2025Q4,12875,26600,12875,19550,226651322,0.5184466019417475,0.4176878398815749,3.7858017135862907,0,0.6728753282994772,,0.0,11040.5,,0.7707531361804265,0,3.7858017135862916,-0.4306243635056731,0.8260108253071002,0.7020460358056266,1.0,0,1.0,
