stock_code,Name,quarter,Open,High,Low,Close,Volume_sum,ret_1q,logret_1q,cumret_4q,down_gap_q,vol_4q,vol_8q,max_drawdown_4q,ma4,ma8,ma4_ratio,ma_cross_4_8,mom_4q,vol_z_4q,vol_drop_ratio_4q,intraquarter_range,crash_count_4q,down_streak_1q,down_streak_4q_max,vol_mean_decline_q
476470,KB제28호스팩,2024Q2,2435,2717,2111,2190,20410230,,,,0,,,,,,,0,,,,0.27671232876712326,,0,,
476470,KB제28호스팩,2024Q3,2184,2299,2147,2205,1142047,0.006849315068493178,0.0068259650703996755,,0,,,,,,,0,,,,0.06893424036281179,,0,,
476470,KB제28호스팩,2024Q4,2163,2226,0,2190,94527,-0.006802721088435382,-0.0068259650703996755,,0,,,,,,,0,,,,1.0164383561643835,,1,,
476470,KB제28호스팩,2025Q1,0,2190,0,2140,982058,-0.022831050228310557,-0.02309571479464978,,0,,,-0.02947845804988658,2181.25,,-0.018911174785100293,0,,-0.47482186907181667,0.1735938820078535,1.0233644859813085,0.0,2,2.0,
476470,KB제28호스팩,2025Q2,2130,2405,0,2195,5002191,0.025700934579439227,0.02537621749337493,0.0022831050228309113,0,0.020598208356025494,,-0.0045351473922902175,2182.5,,0.00572737686139746,0,0.0022831050228311334,1.4661323029701516,2.7709810917675175,1.0956719817767653,0.0,0,2.0,
476470,KB제28호스팩,2025Q3,0,0,0,2195,0,0.0,0.0,-0.0045351473922903285,0,0.02020070218078834,,0.0,2180.0,,0.006880733944954143,0,-0.0045351473922902175,-0.6430035132060766,0.0,0.0,0.0,0,2.0,
