stock_code,Name,quarter,Open,High,Low,Close,Volume_sum,ret_1q,logret_1q,cumret_4q,down_gap_q,vol_4q,vol_8q,max_drawdown_4q,ma4,ma8,ma4_ratio,ma_cross_4_8,mom_4q,vol_z_4q,vol_drop_ratio_4q,intraquarter_range,crash_count_4q,down_streak_1q,down_streak_4q_max,vol_mean_decline_q
476710,타조이엔터테인먼트,2024Q4,25000,37450,8190,19620,1138,,,,0,,,,,,,0,,,,1.491335372069317,,0,,
476710,타조이엔터테인먼트,2025Q1,20150,21000,17480,17480,739,-0.10907237512742096,-0.11549208390982812,,1,,,,,,,0,,,,0.20137299771167047,,1,,
476710,타조이엔터테인먼트,2025Q2,17480,17940,13570,14350,683,-0.17906178489702518,-0.19730742802175882,,1,,,,,,,0,,,,0.30452961672473866,,2,,
476710,타조이엔터테인먼트,2025Q3,14350,16000,14350,16000,150,0.11498257839721249,0.10883878003415148,,0,,,-0.1845056065239552,16862.5,,-0.05114899925871019,0,,-1.299759258880948,0.22140221402214022,0.103125,2.0,0,2.0,
476710,타조이엔터테인먼트,2025Q4,16000,16450,16000,16450,100,0.028124999999999956,0.027736754971598998,-0.16156982670744136,0,0.13255657589836412,,-0.05892448512585813,16070.0,,0.023646546359676446,0,-0.16156982670744136,-0.9360853199506609,0.23923444976076555,0.02735562310030395,2.0,0,2.0,
