stock_code,Name,quarter,Open,High,Low,Close,Volume_sum,ret_1q,logret_1q,cumret_4q,down_gap_q,vol_4q,vol_8q,max_drawdown_4q,ma4,ma8,ma4_ratio,ma_cross_4_8,mom_4q,vol_z_4q,vol_drop_ratio_4q,intraquarter_range,crash_count_4q,down_streak_1q,down_streak_4q_max,vol_mean_decline_q
477380,미래에셋비전스팩4호,2024Q2,2840,7080,2010,2035,251992782,,,,0,,,,,,,0,,,,2.4914004914004915,,0,,
477380,미래에셋비전스팩4호,2024Q3,2035,2095,2010,2015,3090518,-0.009828009828009798,-0.009876623495912007,,0,,,,,,,0,,,,0.04218362282878412,,1,,
477380,미래에셋비전스팩4호,2024Q4,2015,2040,1942,1977,917799,-0.018858560794044688,-0.019038651210165902,,0,,,,,,,0,,,,0.04957005563985837,,2,,
477380,미래에셋비전스팩4호,2025Q1,1977,2020,1944,2005,730626,0.014162873039959445,0.01406351657005267,,0,,,-0.014742014742014753,2008.0,,-0.0014940239043824688,0,,-0.5067624256957362,0.011383493800775888,0.03790523690773067,0.0,0,2.0,
477380,미래에셋비전스팩4호,2025Q2,2010,2070,1971,2050,1054182,0.02244389027431426,0.02219573239178363,0.0073710073710073765,0,0.019501007775011132,,0.0,2011.75,,0.019013296880825203,0,0.0073710073710073765,-0.3573529579883378,0.7278848635235732,0.04829268292682927,0.0,0,2.0,
477380,미래에셋비전스팩4호,2025Q3,2050,2060,2000,2045,929577,-0.0024390243902439046,-0.0024420036555516944,0.014888337468982549,0,0.01832408801583723,,-0.0024390243902439046,2019.25,,0.01275225950229042,0,0.014888337468982549,0.16139331670603713,1.0237113538300924,0.029339853300733496,0.0,1,2.0,
477380,미래에셋비전스팩4호,2025Q4,2035,2100,1980,2065,801427,0.009779951100244544,0.009732436918231002,0.04451188669701556,0,0.010377244372077165,,0.0,2041.25,,0.01163502755664414,0,0.04451188669701578,-0.5424398185536127,0.9117973315979353,0.05811138014527845,0.0,0,1.0,
