stock_code,Name,quarter,Open,High,Low,Close,Volume_sum,ret_1q,logret_1q,cumret_4q,down_gap_q,vol_4q,vol_8q,max_drawdown_4q,ma4,ma8,ma4_ratio,ma_cross_4_8,mom_4q,vol_z_4q,vol_drop_ratio_4q,intraquarter_range,crash_count_4q,down_streak_1q,down_streak_4q_max,vol_mean_decline_q
477340,에이치엠씨제7호스팩,2024Q2,2455,2545,1952,1985,23045227,,,,0,,,,,,,0,,,,0.2987405541561713,,0,,
477340,에이치엠씨제7호스팩,2024Q3,1982,2045,1972,1998,3499801,0.006549118387909392,0.0065277660872080645,,0,,,,,,,0,,,,0.03653653653653654,,0,,
477340,에이치엠씨제7호스팩,2024Q4,2000,2005,1920,1939,660894,-0.029529529529529475,-0.02997430396584644,,0,,,,,,,0,,,,0.043837029396596186,,1,,
477340,에이치엠씨제7호스팩,2025Q1,1942,1998,1929,1980,525346,0.021144920061887618,0.0209244684459291,,0,,,-0.009009009009009028,1975.5,,0.002277904328018332,0,,-0.5917070320131832,0.07577670087065619,0.03484848484848485,0.0,0,1.0,
477340,에이치엠씨제7호스팩,2025Q2,1993,2010,1888,2005,493139,0.012626262626262541,0.01254721605208875,0.010075566750629816,0,0.022303243639904543,,0.0,1980.5,,0.012370613481444082,0,0.010075566750629816,-0.5446772523643516,0.3808626075942524,0.06084788029925187,0.0,0,1.0,
477340,에이치엠씨제7호스팩,2025Q3,2000,2015,1990,2015,849183,0.004987531172069737,0.004975134640113232,0.008508508508508594,0,0.022226892667114067,,0.0,1984.75,,0.015241214258722824,0,0.008508508508508594,1.3403756419470676,1.3433453480673996,0.01240694789081886,0.0,0,1.0,
477340,에이치엠씨제7호스팩,2025Q4,2010,2025,2005,2015,834023,0.0,0.0,0.03919546157813292,0,0.00923482799873643,,0.0,2003.75,,0.005614472863381126,0,0.03919546157813314,0.8241631860796876,1.2348162687738902,0.009925558312655087,0.0,0,0.0,
