stock_code,Name,quarter,Open,High,Low,Close,Volume_sum,ret_1q,logret_1q,cumret_4q,down_gap_q,vol_4q,vol_8q,max_drawdown_4q,ma4,ma8,ma4_ratio,ma_cross_4_8,mom_4q,vol_z_4q,vol_drop_ratio_4q,intraquarter_range,crash_count_4q,down_streak_1q,down_streak_4q_max,vol_mean_decline_q
477470,미래에셋비전스팩5호,2024Q2,3300,5060,2015,2070,127282640,,,,0,,,,,,,0,,,,1.4710144927536233,,0,,
477470,미래에셋비전스팩5호,2024Q3,2070,2175,2040,2085,1909457,0.007246376811594235,0.007220247973487304,,0,,,,,,,0,,,,0.06474820143884892,,0,,
477470,미래에셋비전스팩5호,2024Q4,2085,2105,1900,2015,866722,-0.033573141486810565,-0.03414965985211893,,0,,,,,,,0,,,,0.10173697270471464,,1,,
477470,미래에셋비전스팩5호,2025Q1,2005,2055,1998,2030,303612,0.007444168734491274,0.0074165976550499835,,0,,,-0.026378896882493952,2050.0,,-0.009756097560975618,0,,-0.5114242822647794,0.009315935509057821,0.02807881773399015,0.0,0,1.0,
477470,미래에셋비전스팩5호,2025Q2,2035,2147,2015,2105,548497,0.03694581280788167,0.03627967408064858,0.016908212560386326,0,0.028974152777226227,,0.0,2058.75,,0.022465088038858605,0,0.01690821256038655,-0.5072464147287665,0.6046895946518027,0.06270783847980997,0.0,0,1.0,
477470,미래에셋비전스팩5호,2025Q3,2100,2115,2050,2090,427797,-0.0071258907363420665,-0.007151401157624804,0.0023980815347721673,0,0.02941052591359673,,-0.0071258907363420665,2060.0,,0.014563106796116498,0,0.0023980815347721673,-0.450409894045742,0.7971516257125129,0.03110047846889952,0.0,1,1.0,
477470,미래에셋비전스팩5호,2025Q4,2090,2155,2057,2130,521149,0.019138755980861344,0.01895791374461364,0.05707196029776673,0,0.01863830062038421,,0.0,2088.75,,0.019748653500897717,0,0.05707196029776673,0.6410124078365876,1.157430506008978,0.046009389671361506,0.0,0,1.0,
