stock_code,Name,quarter,Open,High,Low,Close,Volume_sum,ret_1q,logret_1q,cumret_4q,down_gap_q,vol_4q,vol_8q,max_drawdown_4q,ma4,ma8,ma4_ratio,ma_cross_4_8,mom_4q,vol_z_4q,vol_drop_ratio_4q,intraquarter_range,crash_count_4q,down_streak_1q,down_streak_4q_max,vol_mean_decline_q
477530,한국제14호스팩,2024Q2,2906,3224,1886,1920,47640476,,,,0,,,,,,,0,,,,0.696875,,0,,
477530,한국제14호스팩,2024Q3,1919,2104,1915,2100,2061585,0.09375,0.08961215868968697,,0,,,,,,,0,,,,0.09,,0,,
477530,한국제14호스팩,2024Q4,0,2100,0,1988,803835,-0.053333333333333344,-0.05480823649499467,,0,,,,,,,0,,,,1.056338028169014,,1,,
477530,한국제14호스팩,2025Q1,1991,3065,1983,2835,14329124,0.426056338028169,0.3549128289453325,,0,,,0.0,2210.75,,0.2823702363451317,0,,-0.08612440171079738,0.8840360656941264,0.381657848324515,0.0,0,1.0,
477530,한국제14호스팩,2025Q2,2855,3600,0,3490,1345264,0.23104056437389775,0.20785979903461982,0.8177083333333335,0,0.20404734560543897,,0.0,2603.25,,0.34063190242965513,0,0.8177083333333333,-0.5074111954959463,0.2902433509559538,1.0315186246418337,0.0,0,1.0,
