stock_code,Name,quarter,Open,High,Low,Close,Volume_sum,ret_1q,logret_1q,cumret_4q,down_gap_q,vol_4q,vol_8q,max_drawdown_4q,ma4,ma8,ma4_ratio,ma_cross_4_8,mom_4q,vol_z_4q,vol_drop_ratio_4q,intraquarter_range,crash_count_4q,down_streak_1q,down_streak_4q_max,vol_mean_decline_q
477760,DB금융스팩12호,2024Q2,4925,5350,2035,2070,87320474,,,,0,,,,,,,0,,,,1.6014492753623188,,0,,
477760,DB금융스팩12호,2024Q3,2070,2160,2045,2050,1834368,-0.009661835748792313,-0.00970881412696123,,0,,,,,,,0,,,,0.05609756097560976,,1,,
477760,DB금융스팩12호,2024Q4,2045,2140,1982,2035,725494,-0.007317073170731714,-0.00734397425575839,,0,,,,,,,0,,,,0.07764127764127764,,2,,
477760,DB금융스팩12호,2025Q1,2040,2090,2010,2075,456668,0.019656019656019597,0.019465334788103306,,0,,,0.0,2057.5,,0.008505467800729027,0,,-0.5126682628290139,0.02022063959526486,0.03855421686746988,0.0,0,2.0,
477760,DB금융스팩12호,2025Q2,2075,2140,2045,2090,568750,0.0072289156626506035,0.00720291229405845,0.009661835748792091,0,0.013674485004841216,,0.0,2062.5,,0.01333333333333342,0,0.009661835748792313,-0.5158504728045313,0.6345390039271689,0.045454545454545456,0.0,0,2.0,
477760,DB금융스팩12호,2025Q3,2085,2135,2060,2090,383844,0.0,0.0,0.019512195121951237,0,0.0114953698345784,,0.0,2072.5,,0.008443908323281013,0,0.019512195121951237,-1.0071754725151267,0.7192278649175831,0.03588516746411483,0.0,0,2.0,
477760,DB금융스팩12호,2025Q4,2090,2140,2030,2125,513654,0.01674641148325362,0.016607736399659956,0.04422604422604426,0,0.009002500060252815,,0.0,2095.0,,0.014319809069212486,0,0.04422604422604426,0.4159466869707122,1.0684897312207084,0.05176470588235294,0.0,0,0.0,
