stock_code,Name,quarter,Open,High,Low,Close,Volume_sum,ret_1q,logret_1q,cumret_4q,down_gap_q,vol_4q,vol_8q,max_drawdown_4q,ma4,ma8,ma4_ratio,ma_cross_4_8,mom_4q,vol_z_4q,vol_drop_ratio_4q,intraquarter_range,crash_count_4q,down_streak_1q,down_streak_4q_max,vol_mean_decline_q
478110,이베스트스팩6호,2024Q3,2860,3685,2000,2030,66645013,,,,0,,,,,,,0,,,,0.8300492610837439,,0,,
478110,이베스트스팩6호,2024Q4,2020,2035,1965,1994,377629,-0.017733990147783207,-0.017893121514049426,,0,,,,,,,0,,,,0.03510531594784353,,1,,
478110,이베스트스팩6호,2025Q1,1994,2035,1960,2020,301051,0.013039117352056095,0.012954839873466462,,0,,,,,,,0,,,,0.03712871287128713,,0,,
478110,이베스트스팩6호,2025Q2,2020,2030,1987,2010,328968,-0.004950495049504955,-0.00496278934212846,,0,,,-0.009852216748768461,2013.5,,-0.0017382666997765028,0,,-0.5002083306917711,0.019450410088082123,0.021393034825870648,0.0,1,1.0,
478110,이베스트스팩6호,2025Q3,2015,2020,1990,2015,625567,0.0024875621890547706,0.0024844733276614406,-0.00738916256157629,0,0.01294088880653166,,-0.0024752475247524774,2009.75,,0.0026122652071152164,0,-0.007389162561576401,1.4654373132783305,1.5321118162642395,0.01488833746898263,0.0,0,1.0,
478110,이베스트스팩6호,2025Q4,2010,2020,2000,2010,578163,-0.002481389578163795,-0.0024844733276614406,0.008024072216649802,0,0.007968475727645495,,-0.004950495049504955,2013.75,,-0.0018621973929237035,0,0.008024072216650024,0.7163543928400875,1.2611606059498874,0.009950248756218905,0.0,1,1.0,
