stock_code,Name,quarter,Open,High,Low,Close,Volume_sum,ret_1q,logret_1q,cumret_4q,down_gap_q,vol_4q,vol_8q,max_drawdown_4q,ma4,ma8,ma4_ratio,ma_cross_4_8,mom_4q,vol_z_4q,vol_drop_ratio_4q,intraquarter_range,crash_count_4q,down_streak_1q,down_streak_4q_max,vol_mean_decline_q
478390,KB제29호스팩,2024Q2,3880,4320,1998,2010,97082357,,,,0,,,,,,,0,,,,1.155223880597015,,0,,
478390,KB제29호스팩,2024Q3,2015,2140,2005,2030,3067163,0.00995024875621886,0.009901070982711424,,0,,,,,,,0,,,,0.0665024630541872,,0,,
478390,KB제29호스팩,2024Q4,2030,2090,1970,1991,952539,-0.019211822660098576,-0.0193987679716372,,0,,,,,,,0,,,,0.06027122049221497,,1,,
478390,KB제29호스팩,2025Q1,1991,2070,1990,2050,443168,0.02963335007533896,0.029202768068257612,,0,,,0.0,2020.25,,0.014725900259868752,0,,-0.5217043817878598,0.017456970183345005,0.03902439024390244,0.0,0,1.0,
478390,KB제29호스팩,2025Q2,2050,2120,2015,2075,668193,0.012195121951219523,0.012121360532344916,0.03233830845771135,0,0.02024687056471679,,0.0,2036.5,,0.018904984041247186,0,0.03233830845771135,-0.5088711275899986,0.5209002501041208,0.05060240963855422,0.0,0,1.0,
478390,KB제29호스팩,2025Q3,2075,2125,2050,2080,526195,0.002409638554216942,0.002406740030565402,0.024630541871921263,0,0.020373006259964025,,0.0,2049.0,,0.01512933138116157,0,0.024630541871921263,-0.5427009581688567,0.8126265638905137,0.036057692307692304,0.0,0,1.0,
478390,KB제29호스팩,2025Q4,2080,2090,2050,2080,596740,0.0,0.0,0.044701155198392906,0,0.013458704582480541,,0.0,2071.25,,0.004224502112251116,0,0.044701155198392684,0.3961898406766079,1.0683275626864122,0.019230769230769232,0.0,0,0.0,
