stock_code,Name,quarter,Open,High,Low,Close,Volume_sum,ret_1q,logret_1q,cumret_4q,down_gap_q,vol_4q,vol_8q,max_drawdown_4q,ma4,ma8,ma4_ratio,ma_cross_4_8,mom_4q,vol_z_4q,vol_drop_ratio_4q,intraquarter_range,crash_count_4q,down_streak_1q,down_streak_4q_max,vol_mean_decline_q
478440,미래에셋비전스팩6호,2024Q2,3095,3815,1976,2000,63500971,,,,0,,,,,,,0,,,,0.9195,,0,,
478440,미래에셋비전스팩6호,2024Q3,2000,2080,1995,2010,3233787,0.004999999999999893,0.004987541511039417,,0,,,,,,,0,,,,0.04228855721393035,,0,,
478440,미래에셋비전스팩6호,2024Q4,2010,2050,1962,1965,852995,-0.02238805970149249,-0.022642476749759943,,0,,,,,,,0,,,,0.044783715012722644,,1,,
478440,미래에셋비전스팩6호,2025Q1,1993,2015,1955,1983,389210,0.009160305343511421,0.009118604216434179,,0,,,-0.013432835820895495,1989.5,,-0.0032671525508921606,0,,-0.5351366047413351,0.022902464765894293,0.030257186081694403,0.0,0,1.0,
478440,미래에셋비전스팩6호,2025Q2,1998,2060,1981,2050,710489,0.03378719112455886,0.0332289436126576,0.025000000000000133,0,0.02301006658917826,,0.0,2002.0,,0.023976023976024052,0,0.02499999999999991,-0.4488227778958979,0.5479545765230799,0.03853658536585366,0.0,0,1.0,
478440,미래에셋비전스팩6호,2025Q3,2050,2055,2000,2030,702645,-0.009756097560975618,-0.009804000096620413,0.009950248756219082,0,0.024445272892680597,,-0.009756097560975618,2007.0,,0.011459890383657134,0,0.00995024875621886,0.19832560620241177,1.0584637215813122,0.027093596059113302,0.0,1,1.0,
478440,미래에셋비전스팩6호,2025Q4,2035,2055,2015,2045,701083,0.00738916256157629,0.007361996441068719,0.040712468193384144,0,0.01792178514895919,,-0.0024390243902439046,2027.0,,0.008880118401578763,0,0.040712468193384144,0.4766640567489516,1.120197233632137,0.019559902200488997,0.0,0,1.0,
