stock_code,Name,quarter,Open,High,Low,Close,Volume_sum,ret_1q,logret_1q,cumret_4q,down_gap_q,vol_4q,vol_8q,max_drawdown_4q,ma4,ma8,ma4_ratio,ma_cross_4_8,mom_4q,vol_z_4q,vol_drop_ratio_4q,intraquarter_range,crash_count_4q,down_streak_1q,down_streak_4q_max,vol_mean_decline_q
478560,블랙야크아이앤씨,2025Q1,6080,6780,3270,3910,142030907,,,,0,,,,,,,0,,,,0.8976982097186701,,0,,
478560,블랙야크아이앤씨,2025Q2,3850,4255,3460,3680,5237088,-0.05882352941176472,-0.060624621816435464,,0,,,,,,,0,,,,0.21603260869565216,,1,,
478560,블랙야크아이앤씨,2025Q3,3660,4130,3195,3880,5955438,0.05434782608695654,0.05292240145434235,,0,,,,,,,0,,,,0.24097938144329897,,0,,
478560,블랙야크아이앤씨,2025Q4,3880,3960,3420,3565,2567788,-0.08118556701030932,-0.08467109976892218,,0,,,-0.08823529411764708,3758.75,,-0.05154639175257736,0,,-0.52925995663023,0.0659289524407797,0.1514726507713885,0.0,1,1.0,
