stock_code,Name,quarter,Open,High,Low,Close,Volume_sum,ret_1q,logret_1q,cumret_4q,down_gap_q,vol_4q,vol_8q,max_drawdown_4q,ma4,ma8,ma4_ratio,ma_cross_4_8,mom_4q,vol_z_4q,vol_drop_ratio_4q,intraquarter_range,crash_count_4q,down_streak_1q,down_streak_4q_max,vol_mean_decline_q
478780,대신밸런스제18호스팩,2024Q3,2620,3120,2025,2030,57213347,,,,0,,,,,,,0,,,,0.5394088669950738,,0,,
478780,대신밸런스제18호스팩,2024Q4,2035,2080,1981,1998,1536641,-0.015763546798029604,-0.015889112827334628,,0,,,,,,,0,,,,0.04954954954954955,,1,,
478780,대신밸런스제18호스팩,2025Q1,1998,2130,1991,2095,1110955,0.04854854854854862,0.0474068731477395,,0,,,,,,,0,,,,0.06634844868735083,,0,,
478780,대신밸런스제18호스팩,2025Q2,2080,2190,0,2185,760529,0.042959427207637235,0.04206227517345251,,0,,,0.0,2077.0,,0.05199807414540203,0,,-0.5133597995786274,0.05018215328060658,1.002288329519451,0.0,0,1.0,
478780,대신밸런스제18호스팩,2025Q3,0,2535,0,2275,4710881,0.041189931350114506,0.040364223855360315,0.12068965517241392,0,0.030161579585535402,,0.0,2138.25,,0.06395416812814214,0,0.1206896551724137,1.4769036596020535,2.320915146509314,1.1142857142857143,0.0,0,1.0,
478780,대신밸런스제18호스팩,2025Q4,2275,3695,0,3250,9740712,0.4285714285714286,0.35667494393873156,0.6266266266266269,0,0.19219498518564554,,0.0,2451.25,,0.3258541560428352,0,0.6266266266266267,1.3558835294554317,2.38697936669661,1.136923076923077,0.0,0,0.0,
