stock_code,Name,quarter,Open,High,Low,Close,Volume_sum,ret_1q,logret_1q,cumret_4q,down_gap_q,vol_4q,vol_8q,max_drawdown_4q,ma4,ma8,ma4_ratio,ma_cross_4_8,mom_4q,vol_z_4q,vol_drop_ratio_4q,intraquarter_range,crash_count_4q,down_streak_1q,down_streak_4q_max,vol_mean_decline_q
479880,한국제15호스팩,2024Q2,3175,3275,1980,2005,53014727,,,,0,,,,,,,0,,,,0.6458852867830424,,0,,
479880,한국제15호스팩,2024Q3,2000,2095,1995,2025,3805628,0.009975062344139696,0.00992563979996941,,0,,,,,,,0,,,,0.04938271604938271,,0,,
479880,한국제15호스팩,2024Q4,2025,2070,1978,1987,1049854,-0.018765432098765467,-0.018943736988822124,,0,,,,,,,0,,,,0.0463009562154001,,1,,
479880,한국제15호스팩,2025Q1,1986,2045,1983,2025,578893,0.019124308002013146,0.018943736988822124,,0,,,0.0,2010.5,,0.007212136284506343,0,,-0.5472990837414976,0.039616896081654085,0.030617283950617285,0.0,0,1.0,
479880,한국제15호스팩,2025Q2,2025,2485,2000,2080,1291099,0.02716049382716057,0.026798193154724537,0.037406483790523914,0,0.02003011718193148,,0.0,2029.25,,0.02500923986694592,0,0.03740648379052369,-0.26976041240753384,0.7678858025471513,0.23317307692307693,0.0,0,1.0,
479880,한국제15호스팩,2025Q3,2075,2100,2020,2035,565556,-0.02163461538461542,-0.021872074818668708,0.004938271604938205,0,0.025265074858106168,,-0.02163461538461542,2031.75,,0.0015996062507690478,0,0.004938271604938205,-0.8512989450747023,0.6490568376330764,0.03931203931203931,0.0,1,1.0,
479880,한국제15호스팩,2025Q4,2045,2080,2020,2045,769614,0.004914004914004844,0.004901970600206695,0.029189733266230533,0,0.021425259671353333,,-0.016826923076923128,2046.25,,-0.0006108735491753281,0,0.029189733266230533,-0.0932809425765821,0.960468144823881,0.029339853300733496,0.0,0,1.0,
