stock_code,Name,quarter,Open,High,Low,Close,Volume_sum,ret_1q,logret_1q,cumret_4q,down_gap_q,vol_4q,vol_8q,max_drawdown_4q,ma4,ma8,ma4_ratio,ma_cross_4_8,mom_4q,vol_z_4q,vol_drop_ratio_4q,intraquarter_range,crash_count_4q,down_streak_1q,down_streak_4q_max,vol_mean_decline_q
479960,위너스,2025Q1,23450,39400,14030,14510,96289963,,,,0,,,,,,,0,,,,1.7484493452791179,,0,,
479960,위너스,2025Q2,15070,23500,14140,14930,46533798,0.0289455547898001,0.02853454465500249,,0,,,,,,,0,,,,0.6269256530475552,,0,,
479960,위너스,2025Q3,15010,15510,11690,11920,951052,-0.20160750167448094,-0.22515494991389495,,1,,,,,,,0,,,,0.32046979865771813,,1,,
479960,위너스,2025Q4,12170,12870,9940,10450,668345,-0.12332214765100669,-0.13161568322638395,,1,,,-0.30006697923643666,12952.5,,-0.19320594479830144,0,,-0.7782161439798833,0.018508180221315847,0.28038277511961723,2.0,2,2.0,
