stock_code,Name,quarter,Open,High,Low,Close,Volume_sum,ret_1q,logret_1q,cumret_4q,down_gap_q,vol_4q,vol_8q,max_drawdown_4q,ma4,ma8,ma4_ratio,ma_cross_4_8,mom_4q,vol_z_4q,vol_drop_ratio_4q,intraquarter_range,crash_count_4q,down_streak_1q,down_streak_4q_max,vol_mean_decline_q
480370,씨케이솔루션,2025Q1,27550,28000,13350,13350,37571216,,,,0,,,,,,,0,,,,1.097378277153558,,0,,
480370,씨케이솔루션,2025Q2,13350,15620,10530,12030,31093716,-0.09887640449438206,-0.10411285485966992,,0,,,,,,,0,,,,0.4231088944305902,,1,,
480370,씨케이솔루션,2025Q3,12240,12600,9450,9660,3496818,-0.19700748129675816,-0.2194098817621608,,1,,,,,,,0,,,,0.32608695652173914,,2,,
480370,씨케이솔루션,2025Q4,9670,10520,7760,8420,2556972,-0.12836438923395443,-0.1373838199701929,,1,,,-0.3692883895131086,10865.0,,-0.22503451449608836,0,,-0.8824334214491748,0.13688521064372594,0.32779097387173395,2.0,3,3.0,
