stock_code,Name,quarter,Open,High,Low,Close,Volume_sum,ret_1q,logret_1q,cumret_4q,down_gap_q,vol_4q,vol_8q,max_drawdown_4q,ma4,ma8,ma4_ratio,ma_cross_4_8,mom_4q,vol_z_4q,vol_drop_ratio_4q,intraquarter_range,crash_count_4q,down_streak_1q,down_streak_4q_max,vol_mean_decline_q
481850,신한글로벌액티브리츠,2024Q3,3070,3090,2395,2575,36014578,,,,0,,,,,,,0,,,,0.26990291262135924,,0,,
481850,신한글로벌액티브리츠,2024Q4,2575,2585,1885,2030,7875595,-0.21165048543689324,-0.23781374106200381,,1,,,,,,,0,,,,0.3448275862068966,,1,,
481850,신한글로벌액티브리츠,2025Q1,2020,2095,1530,1536,6602230,-0.24334975369458123,-0.27885415832821536,,1,,,,,,,0,,,,0.3678385416666667,,2,,
481850,신한글로벌액티브리츠,2025Q2,1568,1644,1409,1460,4536393,-0.04947916666666663,-0.05074519900523544,,0,,,-0.43300970873786404,1900.25,,-0.2316800420997237,0,,-0.6187665986451542,0.32974684745056027,0.16095890410958905,2.0,3,3.0,
481850,신한글로벌액티브리츠,2025Q3,1491,1583,1360,1429,6847713,-0.021232876712328763,-0.021461536772514833,-0.44504854368932034,0,0.11228045629999109,,-0.2960591133004926,1613.75,,-0.11448489542989926,0,-0.44504854368932034,0.27314697703338087,1.0591185940446597,0.15605318404478657,2.0,4,4.0,
481850,신한글로벌액티브리츠,2025Q4,1429,1447,0,1286,5527524,-0.1000699790062981,-0.10543827313230292,-0.3665024630541871,1,0.09875195241829425,,-0.16276041666666663,1427.75,,-0.09928208720014009,0,-0.3665024630541872,-0.33025472507298037,0.9403005716628405,1.125194401244168,2.0,5,5.0,
