stock_code,Name,quarter,Open,High,Low,Close,Volume_sum,ret_1q,logret_1q,cumret_4q,down_gap_q,vol_4q,vol_8q,max_drawdown_4q,ma4,ma8,ma4_ratio,ma_cross_4_8,mom_4q,vol_z_4q,vol_drop_ratio_4q,intraquarter_range,crash_count_4q,down_streak_1q,down_streak_4q_max,vol_mean_decline_q
481890,엔에이치스팩31호,2024Q3,2700,2780,2000,2015,26479804,,,,0,,,,,,,0,,,,0.3870967741935484,,0,,
481890,엔에이치스팩31호,2024Q4,2015,2030,1953,1974,744431,-0.02034739454094292,-0.020557254387355783,,0,,,,,,,0,,,,0.03900709219858156,,1,,
481890,엔에이치스팩31호,2025Q1,1988,2015,1959,2010,438645,0.01823708206686936,0.018072781059694343,,0,,,,,,,0,,,,0.027860696517412936,,0,,
481890,엔에이치스팩31호,2025Q2,2010,2060,1977,2055,984286,0.02238805970149249,0.022141125877213064,,0,,,0.0,2013.5,,0.020610876583064375,0,,-0.4795972524293973,0.13743572400844117,0.040389294403892946,0.0,0,1.0,
481890,엔에이치스팩31호,2025Q3,2055,2160,2015,2065,1133998,0.0048661800486617945,0.0048543784647980814,0.02481389578163773,0,0.019265325351227082,,0.0,2026.0,,0.019249753208292253,0,0.02481389578163773,1.0164873188868893,1.373976785324836,0.07021791767554479,0.0,0,1.0,
481890,엔에이치스팩31호,2025Q4,2065,2170,2060,2120,887265,0.026634382566586012,0.026285862270925442,0.07396149949341435,0,0.009422616661922395,,0.0,2062.5,,0.027878787878787836,0,0.07396149949341435,0.08758302741651956,1.030447181546684,0.05188679245283019,0.0,0,0.0,
