stock_code,Name,quarter,Open,High,Low,Close,Volume_sum,ret_1q,logret_1q,cumret_4q,down_gap_q,vol_4q,vol_8q,max_drawdown_4q,ma4,ma8,ma4_ratio,ma_cross_4_8,mom_4q,vol_z_4q,vol_drop_ratio_4q,intraquarter_range,crash_count_4q,down_streak_1q,down_streak_4q_max,vol_mean_decline_q
482520,교보16호스팩,2024Q3,2300,3380,2035,2050,93246687,,,,0,,,,,,,0,,,,0.6560975609756098,,0,,
482520,교보16호스팩,2024Q4,2045,2060,1962,1973,1294730,-0.03756097560975613,-0.0382845661098381,,0,,,,,,,0,,,,0.0496705524581855,,1,,
482520,교보16호스팩,2025Q1,1970,2045,1970,2025,426270,0.026355803345159634,0.026014473518023884,,0,,,,,,,0,,,,0.037037037037037035,,0,,
482520,교보16호스팩,2025Q2,2025,2080,2015,2055,951242,0.014814814814814836,0.014706147389695445,,0,,,0.0,2025.75,,0.01443909663087739,0,,-0.49867505494307574,0.03966858303849494,0.031630170316301706,0.0,0,1.0,
482520,교보16호스팩,2025Q3,2050,2060,2020,2050,616917,-0.0024330900243308973,-0.0024360547978812264,0.0,0,0.027871776972579483,,-0.0024330900243308973,2025.75,,0.01197087498457372,0,0.0,-0.5369715693029502,0.7502428432313549,0.01951219512195122,0.0,1,1.0,
482520,교보16호스팩,2025Q4,2045,2105,0,2095,385211,0.02195121951219514,0.021713760223784462,0.06183476938672072,0,0.012663623103721124,,0.0,2056.25,,0.018844984802431686,0,0.06183476938672072,-0.8124249732655243,0.6475113882772184,1.0047732696897376,0.0,0,1.0,
