stock_code,Name,quarter,Open,High,Low,Close,Volume_sum,ret_1q,logret_1q,cumret_4q,down_gap_q,vol_4q,vol_8q,max_drawdown_4q,ma4,ma8,ma4_ratio,ma_cross_4_8,mom_4q,vol_z_4q,vol_drop_ratio_4q,intraquarter_range,crash_count_4q,down_streak_1q,down_streak_4q_max,vol_mean_decline_q
482690,대신밸런스제19호스팩,2024Q4,2000,2010,1983,1999,6202843,,,,0,,,,,,,0,,,,0.013506753376688344,,0,,
482690,대신밸런스제19호스팩,2025Q1,1990,2065,1990,2052,1034002,0.026513256628314164,0.026167871790260477,,0,,,,,,,0,,,,0.03654970760233918,,0,,
482690,대신밸런스제19호스팩,2025Q2,2055,2130,2020,2120,701165,0.033138401559454245,0.032601161375398036,,0,,,,,,,0,,,,0.05188679245283019,,0,,
482690,대신밸런스제19호스팩,2025Q3,2120,2130,2070,2110,550888,-0.004716981132075526,-0.004728141195945668,,0,,,-0.004716981132075526,2070.25,,0.019200579640139992,0,,-0.5760259234795514,0.2595804543769992,0.02843601895734597,0.0,1,1.0,
482690,대신밸런스제19호스팩,2025Q4,2100,2200,2095,2160,494777,0.023696682464454888,0.02342027420809778,0.08054027013506748,0,0.016724895921742547,,0.0,2110.5,,0.023454157782516027,0,0.08054027013506748,-0.8279311313960916,0.7116963556230653,0.04861111111111111,0.0,0,1.0,
