stock_code,Name,quarter,Open,High,Low,Close,Volume_sum,ret_1q,logret_1q,cumret_4q,down_gap_q,vol_4q,vol_8q,max_drawdown_4q,ma4,ma8,ma4_ratio,ma_cross_4_8,mom_4q,vol_z_4q,vol_drop_ratio_4q,intraquarter_range,crash_count_4q,down_streak_1q,down_streak_4q_max,vol_mean_decline_q
482630,삼양엔씨켐,2025Q1,23650,28750,15480,15810,68927367,,,,0,,,,,,,0,,,,0.8393421884882986,,0,,
482630,삼양엔씨켐,2025Q2,15910,21350,15910,18520,11127549,0.17141049968374444,0.15820857799665156,,0,,,,,,,0,,,,0.2937365010799136,,0,,
482630,삼양엔씨켐,2025Q3,18750,22800,14930,21400,5479788,0.1555075593952484,0.1445396928097722,,0,,,,,,,0,,,,0.3677570093457944,,0,,
482630,삼양엔씨켐,2025Q4,21400,24300,16460,22900,8803675,0.07009345794392519,0.06774598853238878,,0,,,0.0,19657.5,,0.16494976472084444,0,,-0.48754177995269465,0.3732807408106938,0.3423580786026201,0.0,0,0.0,
