stock_code,Name,quarter,Open,High,Low,Close,Volume_sum,ret_1q,logret_1q,cumret_4q,down_gap_q,vol_4q,vol_8q,max_drawdown_4q,ma4,ma8,ma4_ratio,ma_cross_4_8,mom_4q,vol_z_4q,vol_drop_ratio_4q,intraquarter_range,crash_count_4q,down_streak_1q,down_streak_4q_max,vol_mean_decline_q
482680,미래에셋비전스팩7호,2024Q3,2740,3225,1981,1988,75949373,,,,0,,,,,,,0,,,,0.6257545271629779,,0,,
482680,미래에셋비전스팩7호,2024Q4,1985,1995,1944,1955,2638228,-0.016599597585513104,-0.01673891479705336,,0,,,,,,,0,,,,0.02608695652173913,,1,,
482680,미래에셋비전스팩7호,2025Q1,1955,1992,1952,1982,995221,0.013810741687979577,0.013716242470467321,,0,,,,,,,0,,,,0.020181634712411706,,0,,
482680,미래에셋비전스팩7호,2025Q2,1987,2015,1971,2010,2100776,0.01412714429868811,0.014028286163187964,,0,,,0.0,1983.75,,0.013232514177693666,0,,-0.49480012674426693,0.10287382296749464,0.021890547263681594,0.0,0,1.0,
482680,미래에셋비전스팩7호,2025Q3,2010,2015,1991,2010,1158538,0.0,0.0,0.01106639839034207,0,0.014534100545981352,,0.0,1989.25,,0.010431066985044701,0,0.01106639839034207,-0.723233252750084,0.6723213898403296,0.011940298507462687,0.0,0,1.0,
482680,미래에셋비전스팩7호,2025Q4,2005,2035,1998,2015,1280346,0.0024875621890547706,0.0024844733276614406,0.03069053708439906,0,0.007417856462147598,,0.0,2004.25,,0.00536360234501676,0,0.03069053708439906,-0.21006660365549087,0.9252925220975844,0.01836228287841191,0.0,0,0.0,
