stock_code,Name,quarter,Open,High,Low,Close,Volume_sum,ret_1q,logret_1q,cumret_4q,down_gap_q,vol_4q,vol_8q,max_drawdown_4q,ma4,ma8,ma4_ratio,ma_cross_4_8,mom_4q,vol_z_4q,vol_drop_ratio_4q,intraquarter_range,crash_count_4q,down_streak_1q,down_streak_4q_max,vol_mean_decline_q
483650,달바글로벌,2025Q2,118000,198300,104600,196900,22340989,,,,0,,,,,,,0,,,,0.47587607922803454,,0,,
483650,달바글로벌,2025Q3,196400,247500,158500,163600,15359576,-0.16912138141188415,-0.18527156147643353,,1,,,,,,,0,,,,0.5440097799511002,,1,,
483650,달바글로벌,2025Q4,163300,167000,116200,147500,9837044,-0.09841075794621024,-0.10359624838877224,,0,,,,,,,0,,,,0.34440677966101696,,2,,
