stock_code,Name,quarter,Open,High,Low,Close,Volume_sum,ret_1q,logret_1q,cumret_4q,down_gap_q,vol_4q,vol_8q,max_drawdown_4q,ma4,ma8,ma4_ratio,ma_cross_4_8,mom_4q,vol_z_4q,vol_drop_ratio_4q,intraquarter_range,crash_count_4q,down_streak_1q,down_streak_4q_max,vol_mean_decline_q
484130,하나34호스팩,2024Q4,2155,2170,1985,2000,8339989,,,,0,,,,,,,0,,,,0.0925,,0,,
484130,하나34호스팩,2025Q1,2000,2035,1991,2020,434578,0.010000000000000009,0.009950330853167877,,0,,,,,,,0,,,,0.02178217821782178,,0,,
484130,하나34호스팩,2025Q2,2020,2115,2010,2075,512646,0.027227722772277252,0.026863642269548293,,0,,,,,,,0,,,,0.05060240963855422,,0,,
484130,하나34호스팩,2025Q3,2065,2090,2025,2035,397669,-0.01927710843373498,-0.019465334788103306,,0,,,-0.01927710843373498,2032.5,,0.0012300123001229846,0,,-0.5127930471793015,0.16424319883298527,0.03194103194103194,0.0,1,1.0,
484130,하나34호스팩,2025Q4,2030,2125,2015,2045,419120,0.004914004914004844,0.004901970600206695,0.022499999999999964,0,0.019204214275637854,,-0.014457831325301207,2043.75,,0.0006116207951070152,0,0.022499999999999964,-0.43677194800890556,0.9503784836052795,0.05378973105134474,0.0,0,1.0,
