stock_code,Name,quarter,Open,High,Low,Close,Volume_sum,ret_1q,logret_1q,cumret_4q,down_gap_q,vol_4q,vol_8q,max_drawdown_4q,ma4,ma8,ma4_ratio,ma_cross_4_8,mom_4q,vol_z_4q,vol_drop_ratio_4q,intraquarter_range,crash_count_4q,down_streak_1q,down_streak_4q_max,vol_mean_decline_q
484810,티엑스알로보틱스,2025Q1,21300,27150,17100,21450,85267125,,,,0,,,,,,,0,,,,0.46853146853146854,,0,,
484810,티엑스알로보틱스,2025Q2,21850,27100,15450,15710,70971707,-0.2675990675990676,-0.31142719310649625,,1,,,,,,,0,,,,0.7415658816040739,,1,,
484810,티엑스알로보틱스,2025Q3,15710,20150,10960,15870,29193804,0.010184595798854224,0.010133082270789018,,0,,,,,,,0,,,,0.579080025204789,,0,,
484810,티엑스알로보틱스,2025Q4,15870,19340,12730,15820,24888648,-0.003150598613736566,-0.0031555721988105745,,0,,,-0.2624708624708625,17212.5,,-0.08090050835148876,0,,-0.9195835432927663,0.4733453034643893,0.41782553729456384,1.0,1,1.0,
