stock_code,Name,quarter,Open,High,Low,Close,Volume_sum,ret_1q,logret_1q,cumret_4q,down_gap_q,vol_4q,vol_8q,max_drawdown_4q,ma4,ma8,ma4_ratio,ma_cross_4_8,mom_4q,vol_z_4q,vol_drop_ratio_4q,intraquarter_range,crash_count_4q,down_streak_1q,down_streak_4q_max,vol_mean_decline_q
484870,엠앤씨솔루션,2024Q4,58000,63400,41600,42850,5113090,,,,0,,,,,,,0,,,,0.5087514585764294,,0,,
484870,엠앤씨솔루션,2025Q1,43450,91200,43100,78800,9990428,0.8389731621936989,0.6092073518200447,,0,,,,,,,0,,,,0.6104060913705583,,0,,
484870,엠앤씨솔루션,2025Q2,79500,170900,73000,150500,3860133,0.9098984771573604,0.6470500873250966,,0,,,,,,,0,,,,0.6504983388704318,,0,,
484870,엠앤씨솔루션,2025Q3,152500,229000,136300,222500,2565457,0.47840531561461797,0.39096401741736564,,0,,,0.0,123662.5,,0.7992519963610634,0,,-0.8684777455441012,0.476649009331924,0.4166292134831461,0.0,0,0.0,
484870,엠앤씨솔루션,2025Q4,230000,230000,116400,142800,1648712,-0.35820224719101124,-0.443482051700812,2.3325554259043173,1,0.5818395069962312,,-0.35820224719101124,148650.0,,-0.039354187689202846,0,2.3325554259043173,-0.7625111428629436,0.36506762071727616,0.7955182072829131,1.0,1,1.0,
