stock_code,Name,quarter,Open,High,Low,Close,Volume_sum,ret_1q,logret_1q,cumret_4q,down_gap_q,vol_4q,vol_8q,max_drawdown_4q,ma4,ma8,ma4_ratio,ma_cross_4_8,mom_4q,vol_z_4q,vol_drop_ratio_4q,intraquarter_range,crash_count_4q,down_streak_1q,down_streak_4q_max,vol_mean_decline_q
486630,KB제30호스팩,2024Q3,2840,3085,1996,2005,53048224,,,,0,,,,,,,0,,,,0.543142144638404,,0,,
486630,KB제30호스팩,2024Q4,2005,2070,1950,2005,3030233,0.0,0.0,,0,,,,,,,0,,,,0.059850374064837904,,0,,
486630,KB제30호스팩,2025Q1,2005,2040,1985,2030,662274,0.012468827930174564,0.012391732295163216,,0,,,,,,,0,,,,0.027093596059113302,,0,,
486630,KB제30호스팩,2025Q2,2030,2120,1997,2085,822742,0.027093596059113212,0.026733062197068946,,0,,,0.0,2031.25,,0.026461538461538536,0,,-0.5260144494991599,0.05717111613470577,0.058992805755395686,0.0,0,0.0,
486630,KB제30호스팩,2025Q3,2080,2215,2010,2045,457864,-0.01918465227817745,-0.019371065756000228,0.01995012468827917,0,0.019610984213137148,,-0.01918465227817745,2041.25,,0.001837109614206911,0,0.01995012468827939,-0.6541712874026211,0.36827154339746554,0.10024449877750612,0.0,1,1.0,
486630,KB제30호스팩,2025Q4,2035,2060,2015,2045,388221,0.0,0.0,0.01995012468827917,0,0.019610984213137148,,-0.01918465227817745,2051.25,,-0.0030469226081657474,0,0.01995012468827939,-0.9836588467638812,0.666159038154074,0.022004889975550123,0.0,0,1.0,
