stock_code,Name,quarter,Open,High,Low,Close,Volume_sum,ret_1q,logret_1q,cumret_4q,down_gap_q,vol_4q,vol_8q,max_drawdown_4q,ma4,ma8,ma4_ratio,ma_cross_4_8,mom_4q,vol_z_4q,vol_drop_ratio_4q,intraquarter_range,crash_count_4q,down_streak_1q,down_streak_4q_max,vol_mean_decline_q
487360,신한제14호스팩,2024Q4,2365,2500,1903,1924,18098187,,,,0,,,,,,,0,,,,0.3102910602910603,,0,,
487360,신한제14호스팩,2025Q1,1921,2007,1921,1998,1880290,0.03846153846153855,0.037740327982846544,,0,,,,,,,0,,,,0.043043043043043044,,0,,
487360,신한제14호스팩,2025Q2,1998,2075,1991,2060,661506,0.03103103103103111,0.030559302575128733,,0,,,,,,,0,,,,0.040776699029126215,,0,,
487360,신한제14호스팩,2025Q3,2060,2065,2005,2040,633259,-0.009708737864077666,-0.009756174945365181,,0,,,-0.009708737864077666,2005.5,,0.01720269259536278,0,,-0.5486184758048623,0.11907146075807346,0.029411764705882353,0.0,1,1.0,
487360,신한제14호스팩,2025Q4,2045,2105,2005,2050,622360,0.004901960784313708,0.00488998529419149,0.06548856548856574,0,0.02246805660712857,,-0.004854368932038833,2037.0,,0.006381934216985741,0,0.06548856548856552,-0.5266928361769545,0.6555617439758362,0.04878048780487805,0.0,0,1.0,
