stock_code,Name,quarter,Open,High,Low,Close,Volume_sum,ret_1q,logret_1q,cumret_4q,down_gap_q,vol_4q,vol_8q,max_drawdown_4q,ma4,ma8,ma4_ratio,ma_cross_4_8,mom_4q,vol_z_4q,vol_drop_ratio_4q,intraquarter_range,crash_count_4q,down_streak_1q,down_streak_4q_max,vol_mean_decline_q
487570,HS효성,2024Q3,118000,118000,39950,42500,3181471,,,,0,,,,,,,0,,,,1.836470588235294,,0,,
487570,HS효성,2024Q4,42950,43100,27900,29850,534649,-0.2976470588235294,-0.3533192360917603,,1,,,,,,,0,,,,0.509212730318258,,1,,
487570,HS효성,2025Q1,29850,41250,27600,39400,793243,0.31993299832495814,0.277580976465277,,0,,,,,,,0,,,,0.3464467005076142,,0,,
487570,HS효성,2025Q2,39350,75600,35300,70500,2933967,0.7893401015228427,0.581846893514335,,0,,,0.0,45562.5,,0.5473251028806585,0,,0.7721781874388219,1.5766959143286674,0.5716312056737589,1.0,0,1.0,
487570,HS효성,2025Q3,77100,100800,54700,58500,2804903,-0.17021276595744683,-0.18658595558041213,0.3764705882352941,1,0.49669854346893483,,-0.17021276595744683,49562.5,,0.180327868852459,0,0.3764705882352941,0.8118681473814245,1.5876595249705594,0.788034188034188,2.0,1,1.0,
487570,HS효성,2025Q4,58900,75400,54500,57900,1375437,-0.01025641025641022,-0.0103093696588612,0.9396984924623117,0,0.4238015718061419,,-0.17872340425531918,56575.0,,0.02342023862129916,0,0.9396984924623115,-0.5679482698949659,0.695758863364759,0.3609671848013817,1.0,2,2.0,
