stock_code,Name,quarter,Open,High,Low,Close,Volume_sum,ret_1q,logret_1q,cumret_4q,down_gap_q,vol_4q,vol_8q,max_drawdown_4q,ma4,ma8,ma4_ratio,ma_cross_4_8,mom_4q,vol_z_4q,vol_drop_ratio_4q,intraquarter_range,crash_count_4q,down_streak_1q,down_streak_4q_max,vol_mean_decline_q
487720,키움제10호스팩,2024Q4,3130,3200,1930,1936,22910630,,,,0,,,,,,,0,,,,0.65599173553719,,0,,
487720,키움제10호스팩,2025Q1,1936,2075,1936,2045,1554235,0.05630165289256195,0.05477380064037973,,0,,,,,,,0,,,,0.06797066014669927,,0,,
487720,키움제10호스팩,2025Q2,2030,2150,2025,2105,540822,0.02933985330073341,0.028917677639579864,,0,,,,,,,0,,,,0.05938242280285035,,0,,
487720,키움제10호스팩,2025Q3,2095,2125,2000,2085,505473,-0.009501187648456089,-0.009546611883579637,,0,,,-0.009501187648456089,2042.75,,0.020682902949455295,0,,-0.5322688211394494,0.0792551965492749,0.05995203836930456,0.0,1,1.0,
487720,키움제10호스팩,2025Q4,2070,2120,2050,2090,314868,0.0023980815347721673,0.0023952107259548328,0.07954545454545436,0,0.02935220832212004,,-0.0071258907363420665,2081.25,,0.004204204204204309,0,0.07954545454545459,-0.740397327937851,0.4320068820792221,0.03349282296650718,0.0,0,1.0,
