stock_code,Name,quarter,Open,High,Low,Close,Volume_sum,ret_1q,logret_1q,cumret_4q,down_gap_q,vol_4q,vol_8q,max_drawdown_4q,ma4,ma8,ma4_ratio,ma_cross_4_8,mom_4q,vol_z_4q,vol_drop_ratio_4q,intraquarter_range,crash_count_4q,down_streak_1q,down_streak_4q_max,vol_mean_decline_q
487830,신한제15호스팩,2024Q4,2350,2485,1978,1991,16646150,,,,0,,,,,,,0,,,,0.2546459065796082,,0,,
487830,신한제15호스팩,2025Q1,1991,2020,1981,2010,586514,0.00954294324460081,0.009497696988925775,,0,,,,,,,0,,,,0.019402985074626865,,0,,
487830,신한제15호스팩,2025Q2,2015,2105,2000,2060,569991,0.02487562189054726,0.02457126073050553,,0,,,,,,,0,,,,0.050970873786407765,,0,,
487830,신한제15호스팩,2025Q3,2055,2065,2010,2030,295370,-0.014563106796116498,-0.014670189747794105,,0,,,-0.014563106796116498,2022.75,,0.0035842293906809264,0,,-0.5232655533221833,0.06528226146223137,0.027093596059113302,0.0,1,1.0,
487830,신한제15호스팩,2025Q4,2040,2345,2025,2075,660174,0.022167487684729092,0.02192536062896533,0.04218985434455047,0,0.017998739973397036,,0.0,2043.75,,0.015290519877675823,0,0.04218985434455047,0.8261517887399639,1.2503005375348772,0.15421686746987953,0.0,0,1.0,
