stock_code,Name,quarter,Open,High,Low,Close,Volume_sum,ret_1q,logret_1q,cumret_4q,down_gap_q,vol_4q,vol_8q,max_drawdown_4q,ma4,ma8,ma4_ratio,ma_cross_4_8,mom_4q,vol_z_4q,vol_drop_ratio_4q,intraquarter_range,crash_count_4q,down_streak_1q,down_streak_4q_max,vol_mean_decline_q
488060,유진스팩11호,2024Q4,2455,2535,1970,1995,22281734,,,,0,,,,,,,0,,,,0.2832080200501253,,0,,
488060,유진스팩11호,2025Q1,1995,2025,1980,2015,329300,0.010025062656641603,0.009975145056818846,,0,,,,,,,0,,,,0.022332506203473945,,0,,
488060,유진스팩11호,2025Q2,2015,2085,1986,2055,645388,0.01985111662531014,0.019656652549551623,,0,,,,,,,0,,,,0.04817518248175182,,0,,
488060,유진스팩11호,2025Q3,2030,2055,2015,2030,352540,-0.012165450121654486,-0.01224005489450164,,0,,,-0.012165450121654486,2023.75,,0.0030883261272389717,0,,-0.5081859589787436,0.05972986021155864,0.019704433497536946,0.0,1,1.0,
488060,유진스팩11호,2025Q4,2025,2075,2020,2040,315931,0.0049261083743843415,0.004914014802428923,0.022556390977443774,0,0.013400582444145291,,-0.007299270072992692,2035.0,,0.002457002457002533,0,0.022556390977443552,-0.6037015942765336,0.7690819938910355,0.02696078431372549,0.0,0,1.0,
