stock_code,Name,quarter,Open,High,Low,Close,Volume_sum,ret_1q,logret_1q,cumret_4q,down_gap_q,vol_4q,vol_8q,max_drawdown_4q,ma4,ma8,ma4_ratio,ma_cross_4_8,mom_4q,vol_z_4q,vol_drop_ratio_4q,intraquarter_range,crash_count_4q,down_streak_1q,down_streak_4q_max,vol_mean_decline_q
489210,교보17호스팩,2024Q4,2150,5380,1952,1969,176552164,,,,0,,,,,,,0,,,,1.7409852717115286,,0,,
489210,교보17호스팩,2025Q1,1965,2015,1960,1997,878836,0.01422041645505323,0.014120254776689656,,0,,,,,,,0,,,,0.02754131196795193,,0,,
489210,교보17호스팩,2025Q2,2000,2095,1996,2045,462127,0.02403605408112175,0.02375173506108652,,0,,,,,,,0,,,,0.04841075794621027,,0,,
489210,교보17호스팩,2025Q3,2040,2075,2020,2040,551936,-0.0024449877750610804,-0.0024479816386397957,,0,,,-0.0024449877750610804,2012.75,,0.013538690845857682,0,,-0.5008974363442396,0.012372121497135508,0.02696078431372549,0.0,1,1.0,
489210,교보17호스팩,2025Q4,2040,2115,2030,2115,627712,0.03676470588235303,0.03610500464211608,0.07414931437277805,0,0.016540333675381273,,0.0,2049.25,,0.03208490911309014,0,0.07414931437277805,-0.013630028875730648,0.9961267327643972,0.04018912529550828,0.0,0,1.0,
