stock_code,Name,quarter,Open,High,Low,Close,Volume_sum,ret_1q,logret_1q,cumret_4q,down_gap_q,vol_4q,vol_8q,max_drawdown_4q,ma4,ma8,ma4_ratio,ma_cross_4_8,mom_4q,vol_z_4q,vol_drop_ratio_4q,intraquarter_range,crash_count_4q,down_streak_1q,down_streak_4q_max,vol_mean_decline_q
489480,키움제11호스팩,2024Q4,3700,4050,1911,1927,68193946,,,,0,,,,,,,0,,,,1.1100155682407888,,0,,
489480,키움제11호스팩,2025Q1,1926,2005,1925,1997,1717235,0.036325895173845435,0.03568166500144887,,0,,,,,,,0,,,,0.04006009013520281,,0,,
489480,키움제11호스팩,2025Q2,1998,2125,1980,2085,909967,0.04406609914872317,0.04312280081708675,,0,,,,,,,0,,,,0.06954436450839328,,0,,
489480,키움제11호스팩,2025Q3,2105,2110,2005,2080,473755,-0.0023980815347721673,-0.0024009615375382154,,0,,,-0.0023980815347721673,2022.25,,0.02855730003708734,0,,-0.516612681144235,0.026580020734441562,0.05048076923076923,0.0,1,1.0,
489480,키움제11호스팩,2025Q4,2070,2100,2010,2050,403125,-0.014423076923076872,-0.014528100562910318,0.06382978723404298,0,0.028663884967021578,,-0.016786570743405282,2053.0,,-0.00146127618119829,0,0.06382978723404253,-0.7830133041414133,0.4601775871683368,0.04390243902439024,0.0,2,2.0,
