stock_code,Name,quarter,Open,High,Low,Close,Volume_sum,ret_1q,logret_1q,cumret_4q,down_gap_q,vol_4q,vol_8q,max_drawdown_4q,ma4,ma8,ma4_ratio,ma_cross_4_8,mom_4q,vol_z_4q,vol_drop_ratio_4q,intraquarter_range,crash_count_4q,down_streak_1q,down_streak_4q_max,vol_mean_decline_q
489500,엘케이켐,2025Q1,64300,77800,24650,26150,34098245,,,,0,,,,,,,0,,,,2.032504780114723,,0,,
489500,엘케이켐,2025Q2,26650,28750,18820,19890,11805263,-0.23938814531548758,-0.27363209764505037,,1,,,,,,,0,,,,0.49924585218702866,,1,,
489500,엘케이켐,2025Q3,20050,24300,16460,21100,2751422,0.06083459024635496,0.05905594761613919,,0,,,,,,,0,,,,0.37156398104265403,,0,,
489500,엘케이켐,2025Q4,20900,38300,16410,36300,6980463,0.7203791469194314,0.5425447007887847,,0,,,0.0,25860.0,,0.40371229698375877,0,,-0.4963524658229661,0.5018721086413463,0.603030303030303,1.0,0,1.0,
