stock_code,Name,quarter,Open,High,Low,Close,Volume_sum,ret_1q,logret_1q,cumret_4q,down_gap_q,vol_4q,vol_8q,max_drawdown_4q,ma4,ma8,ma4_ratio,ma_cross_4_8,mom_4q,vol_z_4q,vol_drop_ratio_4q,intraquarter_range,crash_count_4q,down_streak_1q,down_streak_4q_max,vol_mean_decline_q
489790,한화비전,2024Q3,42700,53900,32300,33300,22253706,,,,0,,,,,,,0,,,,0.6486486486486487,,0,,
489790,한화비전,2024Q4,32100,49550,28400,31600,213259667,-0.05105105105105101,-0.05240027639353251,,0,,,,,,,0,,,,0.6693037974683544,,1,,
489790,한화비전,2025Q1,31700,64700,29100,56700,163746596,0.7943037974683544,0.5846170901408403,,0,,,,,,,0,,,,0.6278659611992945,,0,,
489790,한화비전,2025Q2,58000,67200,43200,50200,63914203,-0.11463844797178135,-0.12175918403602282,,1,,,-0.11463844797178135,42950.0,,0.16880093131548302,0,,-0.5894325749277561,0.551966900261442,0.47808764940239046,1.0,1,1.0,
489790,한화비전,2025Q3,50600,71400,49200,53100,40833343,0.05776892430278879,0.05616190155020995,0.5945945945945945,0,0.4211980819586577,,-0.06349206349206349,47900.0,,0.10855949895615868,0,0.5945945945945945,-0.9743911648673295,0.3390390879089033,0.4180790960451977,1.0,0,1.0,
489790,한화비전,2025Q4,53700,57700,35650,44900,37421831,-0.15442561205273064,-0.16773913349968517,0.4208860759493671,1,0.44206720446145203,,-0.20811287477954143,51225.0,,-0.12347486578818934,0,0.4208860759493671,-0.6580098452290145,0.48930862462680236,0.4910913140311804,2.0,1,1.0,
