stock_code,Name,quarter,Open,High,Low,Close,Volume_sum,ret_1q,logret_1q,cumret_4q,down_gap_q,vol_4q,vol_8q,max_drawdown_4q,ma4,ma8,ma4_ratio,ma_cross_4_8,mom_4q,vol_z_4q,vol_drop_ratio_4q,intraquarter_range,crash_count_4q,down_streak_1q,down_streak_4q_max,vol_mean_decline_q
489730,디비금융제13호스팩,2024Q4,3170,4500,1925,1933,117375944,,,,0,,,,,,,0,,,,1.3321262286601139,,0,,
489730,디비금융제13호스팩,2025Q1,1930,1999,1930,1984,2121420,0.02638385928608389,0.026041808636486863,,0,,,,,,,0,,,,0.03477822580645161,,0,,
489730,디비금융제13호스팩,2025Q2,1991,2100,1981,2040,777430,0.02822580645161299,0.02783479899344421,,0,,,,,,,0,,,,0.058333333333333334,,0,,
489730,디비금융제13호스팩,2025Q3,2030,2100,2000,2025,560397,-0.007352941176470562,-0.007380107297622729,,0,,,-0.007352941176470562,1995.5,,0.014783262340265502,0,,-0.5101631117756127,0.018550787907473082,0.04938271604938271,0.0,1,1.0,
489730,디비금융제13호스팩,2025Q4,2025,2065,1990,2030,624768,0.0024691358024691024,0.0024660924951938057,0.05018106570098313,0,0.017652207217984852,,-0.004901960784313708,2019.75,,0.005074885505631954,0,0.05018106570098291,-0.5360077855034809,0.6119154802320755,0.03694581280788178,0.0,0,1.0,
