stock_code,Name,quarter,Open,High,Low,Close,Volume_sum,ret_1q,logret_1q,cumret_4q,down_gap_q,vol_4q,vol_8q,max_drawdown_4q,ma4,ma8,ma4_ratio,ma_cross_4_8,mom_4q,vol_z_4q,vol_drop_ratio_4q,intraquarter_range,crash_count_4q,down_streak_1q,down_streak_4q_max,vol_mean_decline_q
492220,KB제31호스팩,2024Q4,2921,3122,1919,1940,36249901,,,,0,,,,,,,0,,,,0.6201030927835052,,0,,
492220,KB제31호스팩,2025Q1,1939,2015,1937,2008,3011897,0.035051546391752675,0.034451228754245555,,0,,,,,,,0,,,,0.03884462151394422,,0,,
492220,KB제31호스팩,2025Q2,2008,2025,0,2015,525031,0.003486055776892538,0.0034799935691633976,,0,,,,,,,0,,,,1.0049627791563276,,0,,
492220,KB제31호스팩,2025Q3,0,2100,0,2010,1236839,-0.002481389578163795,-0.0024844733276614406,,0,,,-0.002481389578163795,1993.25,,0.008403361344537785,0,,-0.519506820487581,0.12059760234019054,1.044776119402985,0.0,1,1.0,
492220,KB제31호스팩,2025Q4,2005,2025,1988,2015,1055091,0.0024875621890547706,0.0024844733276614406,0.038659793814433296,0,0.017143542084916683,,0.0,2012.0,,0.0014910536779324524,0,0.038659793814433074,-0.37249242800890414,0.7240464598725856,0.01836228287841191,0.0,0,1.0,
