stock_code,Name,quarter,Open,High,Low,Close,Volume_sum,ret_1q,logret_1q,cumret_4q,down_gap_q,vol_4q,vol_8q,max_drawdown_4q,ma4,ma8,ma4_ratio,ma_cross_4_8,mom_4q,vol_z_4q,vol_drop_ratio_4q,intraquarter_range,crash_count_4q,down_streak_1q,down_streak_4q_max,vol_mean_decline_q
493790,유안타제17호스팩,2025Q1,2160,2190,1911,1980,12103691,,,,0,,,,,,,0,,,,0.1409090909090909,,0,,
493790,유안타제17호스팩,2025Q2,1988,2025,1961,2005,1045815,0.012626262626262541,0.01254721605208875,,0,,,,,,,0,,,,0.03192019950124688,,0,,
493790,유안타제17호스팩,2025Q3,2000,2015,1992,1999,754398,-0.0029925187032419087,-0.002997005240270134,,0,,,,,,,0,,,,0.01150575287643822,,1,,
493790,유안타제17호스팩,2025Q4,2005,2030,1971,2000,526663,0.0005002501250626068,0.0005001250416825087,,0,,,-0.0024937655860348684,1996.0,,0.002004008016031955,0,,-0.5435726332938612,0.14598539336673327,0.0295,0.0,0,1.0,
