stock_code,Name,quarter,Open,High,Low,Close,Volume_sum,ret_1q,logret_1q,cumret_4q,down_gap_q,vol_4q,vol_8q,max_drawdown_4q,ma4,ma8,ma4_ratio,ma_cross_4_8,mom_4q,vol_z_4q,vol_drop_ratio_4q,intraquarter_range,crash_count_4q,down_streak_1q,down_streak_4q_max,vol_mean_decline_q
495900,에이엠시지,2024Q4,22800,22800,19400,22800,4,,,,0,,,,,,,0,,,,0.14912280701754385,,0,,
495900,에이엠시지,2025Q1,22800,28000,10000,11400,2121,-0.5,-0.6931471805599454,,1,,,,,,,0,,,,1.5789473684210527,,1,,
495900,에이엠시지,2025Q2,11400,13000,10860,10860,237,-0.047368421052631615,-0.04852704089466009,,0,,,,,,,0,,,,0.19705340699815838,,2,,
495900,에이엠시지,2025Q3,10860,13410,9000,10330,5785,-0.048802946593001884,-0.050034031374242005,,0,,,-0.5469298245614035,13847.5,,-0.25401697057230543,0,,1.4024969249126273,2.8403093163127533,0.4269119070667957,1.0,3,3.0,
495900,에이엠시지,2025Q4,11870,17190,0,10000,6334,-0.03194578896418199,-0.03246719013750088,-0.5614035087719298,0,0.22877444330957872,,-0.1228070175438597,10647.5,,-0.0608123972763559,0,-0.5614035087719298,0.9267156081313338,1.7500863438557712,1.719,1.0,4,4.0,
