stock_code,Name,quarter,Open,High,Low,Close,Volume_sum,ret_1q,logret_1q,cumret_4q,down_gap_q,vol_4q,vol_8q,max_drawdown_4q,ma4,ma8,ma4_ratio,ma_cross_4_8,mom_4q,vol_z_4q,vol_drop_ratio_4q,intraquarter_range,crash_count_4q,down_streak_1q,down_streak_4q_max,vol_mean_decline_q
498390,한화플러스제5호스팩,2025Q1,2030,2100,1960,1983,9737170,,,,0,,,,,,,0,,,,0.07060010085728693,,0,,
498390,한화플러스제5호스팩,2025Q2,1986,2030,1977,2015,2122419,0.01613716591023695,0.016008345860987205,,0,,,,,,,0,,,,0.02630272952853598,,0,,
498390,한화플러스제5호스팩,2025Q3,2015,2025,1988,2005,715565,-0.00496277915632759,-0.004975134640113232,,0,,,,,,,0,,,,0.018453865336658354,,1,,
498390,한화플러스제5호스팩,2025Q4,2010,2025,1995,2010,571989,0.0024937655860348684,0.002490661312451792,,0,,,-0.002481389578163795,2003.25,,0.003369524522650602,0,,-0.623120499605233,0.17402685891527916,0.014925373134328358,0.0,0,1.0,
