stock_code,Name,quarter,Open,High,Low,Close,Volume_sum,ret_1q,logret_1q,cumret_4q,down_gap_q,vol_4q,vol_8q,max_drawdown_4q,ma4,ma8,ma4_ratio,ma_cross_4_8,mom_4q,vol_z_4q,vol_drop_ratio_4q,intraquarter_range,crash_count_4q,down_streak_1q,down_streak_4q_max,vol_mean_decline_q
499790,GS피앤엘,2024Q4,30100,33100,20600,22200,3030735,,,,0,,,,,,,0,,,,0.5630630630630631,,0,,
499790,GS피앤엘,2025Q1,21900,23750,17070,17260,3947630,-0.22252252252252247,-0.25170060322295207,,1,,,,,,,0,,,,0.3870220162224797,,1,,
499790,GS피앤엘,2025Q2,17680,37750,16510,36050,11729660,1.0886442641946696,0.7365151780756776,,0,,,,,,,0,,,,0.5891816920943135,,0,,
499790,GS피앤엘,2025Q3,36200,59300,34350,49350,13099036,0.3689320388349515,0.3140309021485326,,0,,,0.0,31215.0,,0.5809706871696301,0,,0.9904917004177997,1.6473117085542734,0.5055724417426545,1.0,0,1.0,
499790,GS피앤엘,2025Q4,49350,56700,37350,42000,13499075,-0.14893617021276595,-0.1612681475961235,0.8918918918918917,1,0.6049910669374748,,-0.14893617021276595,36165.0,,0.16134384072998764,0,0.8918918918918919,0.6542587849932725,1.2772510425152444,0.4607142857142857,2.0,1,1.0,
