stock_code,Name,quarter,Open,High,Low,Close,Volume_sum,ret_1q,logret_1q,cumret_4q,down_gap_q,vol_4q,vol_8q,max_drawdown_4q,ma4,ma8,ma4_ratio,ma_cross_4_8,mom_4q,vol_z_4q,vol_drop_ratio_4q,intraquarter_range,crash_count_4q,down_streak_1q,down_streak_4q_max,vol_mean_decline_q
900040,차이나그레이트,2019Q1,327,469,287,337,449638935,,,,0,,,,,,,0,,,,0.5400593471810089,,0,,
900040,차이나그레이트,2019Q2,345,712,0,518,206855376,0.5370919881305638,0.4298923119071212,,0,,,,,,,0,,,,1.3745173745173744,,0,,
900040,차이나그레이트,2019Q3,0,0,0,518,0,0.0,0.0,,0,,,,,,,0,,,,0.0,,0,,
900040,차이나그레이트,2019Q4,0,0,0,518,0,0.0,0.0,,0,,,0.0,472.75,,0.09571655208884189,0,,-0.7674071924543664,0.0,0.0,0.0,0,0.0,
900040,차이나그레이트,2020Q1,0,0,0,518,0,0.0,0.0,0.5370919881305638,0,0.26854599406528185,,0.0,518.0,,0.0,0,0.5370919881305638,-0.49999999999999983,0.0,0.0,0.0,0,0.0,
900040,차이나그레이트,2020Q2,0,107,0,12,408229936,-0.9768339768339769,-3.7650685924714824,-0.9768339768339769,1,0.48841698841698844,,-0.9768339768339769,391.5,,-0.9693486590038314,0,-0.9768339768339769,1.4999999999999998,4.0,8.916666666666666,1.0,1,1.0,
